TRADEDATE,OPEN,LOW,HIGH,CLOSE,NUMTRADES,WAPRICE,OPEN_RUB_PER_UNIT,LOW_RUB_PER_UNIT,HIGH_RUB_PER_UNIT,CLOSE_RUB_PER_UNIT,WAPRICE_RUB_PER_UNIT
2022-10-31,0.0,0.0,0.0,0.0,0,,0.0,0.0,0.0,0.0,
2022-11-01,0.0,0.0,0.0,0.0,0,,0.0,0.0,0.0,0.0,
2022-11-02,0.0,0.0,0.0,0.0,0,,0.0,0.0,0.0,0.0,
2022-11-03,75.0,75.0,75.0,75.0,1,75.0,0.75,0.75,0.75,0.75,0.75
2022-11-07,0.0,0.0,0.0,0.0,0,,0.0,0.0,0.0,0.0,
2022-11-08,0.0,0.0,0.0,0.0,0,,0.0,0.0,0.0,0.0,
2022-11-09,0.0,0.0,0.0,0.0,0,,0.0,0.0,0.0,0.0,
2022-11-10,75.5,75.5,75.5,75.5,1,75.5,0.755,0.755,0.755,0.755,0.755
2022-11-11,73.0,73.0,73.0,73.0,1,73.0,0.73,0.73,0.73,0.73,0.73
2022-11-14,0.0,0.0,0.0,0.0,0,,0.0,0.0,0.0,0.0,
2022-11-15,0.0,0.0,0.0,0.0,0,,0.0,0.0,0.0,0.0,
2022-11-16,0.0,0.0,0.0,0.0,0,,0.0,0.0,0.0,0.0,
2022-11-17,0.0,0.0,0.0,0.0,0,,0.0,0.0,0.0,0.0,
2022-11-18,0.0,0.0,0.0,0.0,0,,0.0,0.0,0.0,0.0,
2022-11-21,0.0,0.0,0.0,0.0,0,,0.0,0.0,0.0,0.0,
2022-11-22,0.0,0.0,0.0,0.0,0,,0.0,0.0,0.0,0.0,
2022-11-23,0.0,0.0,0.0,0.0,0,,0.0,0.0,0.0,0.0,
2022-11-24,0.0,0.0,0.0,0.0,0,,0.0,0.0,0.0,0.0,
2022-11-25,0.0,0.0,0.0,0.0,0,,0.0,0.0,0.0,0.0,
2022-11-28,0.0,0.0,0.0,0.0,0,,0.0,0.0,0.0,0.0,
2022-11-29,0.0,0.0,0.0,0.0,0,,0.0,0.0,0.0,0.0,
2022-11-30,0.0,0.0,0.0,0.0,0,,0.0,0.0,0.0,0.0,
2022-12-01,0.0,0.0,0.0,0.0,0,,0.0,0.0,0.0,0.0,
2022-12-02,0.0,0.0,0.0,0.0,0,,0.0,0.0,0.0,0.0,
2022-12-05,0.0,0.0,0.0,0.0,0,,0.0,0.0,0.0,0.0,
2022-12-06,0.0,0.0,0.0,0.0,0,,0.0,0.0,0.0,0.0,
2022-12-07,0.0,0.0,0.0,0.0,0,,0.0,0.0,0.0,0.0,
2022-12-08,0.0,0.0,0.0,0.0,0,,0.0,0.0,0.0,0.0,
2022-12-09,0.0,0.0,0.0,0.0,0,,0.0,0.0,0.0,0.0,
2022-12-12,0.0,0.0,0.0,0.0,0,,0.0,0.0,0.0,0.0,
2022-12-13,0.0,0.0,0.0,0.0,0,,0.0,0.0,0.0,0.0,
2022-12-14,0.0,0.0,0.0,0.0,0,,0.0,0.0,0.0,0.0,
2022-12-15,0.0,0.0,0.0,0.0,0,,0.0,0.0,0.0,0.0,
2022-12-16,0.0,0.0,0.0,0.0,0,,0.0,0.0,0.0,0.0,
2022-12-19,0.0,0.0,0.0,0.0,0,,0.0,0.0,0.0,0.0,
2022-12-20,0.0,0.0,0.0,0.0,0,,0.0,0.0,0.0,0.0,
2022-12-21,0.0,0.0,0.0,0.0,0,,0.0,0.0,0.0,0.0,
2022-12-22,0.0,0.0,0.0,0.0,0,,0.0,0.0,0.0,0.0,
2022-12-23,0.0,0.0,0.0,0.0,0,,0.0,0.0,0.0,0.0,
2022-12-26,0.0,0.0,0.0,0.0,0,,0.0,0.0,0.0,0.0,
2022-12-27,0.0,0.0,0.0,0.0,0,,0.0,0.0,0.0,0.0,
2022-12-28,0.0,0.0,0.0,0.0,0,,0.0,0.0,0.0,0.0,
2022-12-29,0.0,0.0,0.0,0.0,0,,0.0,0.0,0.0,0.0,
2022-12-30,0.0,0.0,0.0,0.0,0,,0.0,0.0,0.0,0.0,
2023-01-03,0.0,0.0,0.0,0.0,0,,0.0,0.0,0.0,0.0,
2023-01-04,0.0,0.0,0.0,0.0,0,,0.0,0.0,0.0,0.0,
2023-01-05,0.0,0.0,0.0,0.0,0,,0.0,0.0,0.0,0.0,
2023-01-06,0.0,0.0,0.0,0.0,0,,0.0,0.0,0.0,0.0,
2023-01-09,0.0,0.0,0.0,0.0,0,,0.0,0.0,0.0,0.0,
2023-01-10,0.0,0.0,0.0,0.0,0,,0.0,0.0,0.0,0.0,
2023-01-11,0.0,0.0,0.0,0.0,0,,0.0,0.0,0.0,0.0,
2023-01-12,0.0,0.0,0.0,0.0,0,,0.0,0.0,0.0,0.0,
2023-01-13,0.0,0.0,0.0,0.0,0,,0.0,0.0,0.0,0.0,
2023-01-16,0.0,0.0,0.0,0.0,0,,0.0,0.0,0.0,0.0,
2023-01-17,0.0,0.0,0.0,0.0,0,,0.0,0.0,0.0,0.0,
2023-01-18,0.0,0.0,0.0,0.0,0,,0.0,0.0,0.0,0.0,
2023-01-19,0.0,0.0,0.0,0.0,0,,0.0,0.0,0.0,0.0,
2023-01-20,0.0,0.0,0.0,0.0,0,,0.0,0.0,0.0,0.0,
2023-01-23,0.0,0.0,0.0,0.0,0,,0.0,0.0,0.0,0.0,
2023-01-24,0.0,0.0,0.0,0.0,0,,0.0,0.0,0.0,0.0,
2023-01-25,0.0,0.0,0.0,0.0,0,,0.0,0.0,0.0,0.0,
2023-01-26,0.0,0.0,0.0,0.0,0,,0.0,0.0,0.0,0.0,
2023-01-27,0.0,0.0,0.0,0.0,0,,0.0,0.0,0.0,0.0,
2023-01-30,0.0,0.0,0.0,0.0,0,,0.0,0.0,0.0,0.0,
2023-01-31,0.0,0.0,0.0,0.0,0,,0.0,0.0,0.0,0.0,
2023-02-01,0.0,0.0,0.0,0.0,0,,0.0,0.0,0.0,0.0,
2023-02-02,0.0,0.0,0.0,0.0,0,,0.0,0.0,0.0,0.0,
2023-02-03,0.0,0.0,0.0,0.0,0,,0.0,0.0,0.0,0.0,
2023-02-06,0.0,0.0,0.0,0.0,0,,0.0,0.0,0.0,0.0,
2023-02-07,0.0,0.0,0.0,0.0,0,,0.0,0.0,0.0,0.0,
2023-02-08,0.0,0.0,0.0,0.0,0,,0.0,0.0,0.0,0.0,
2023-02-09,0.0,0.0,0.0,0.0,0,,0.0,0.0,0.0,0.0,
2023-02-10,0.0,0.0,0.0,0.0,0,,0.0,0.0,0.0,0.0,
2023-02-13,0.0,0.0,0.0,0.0,0,,0.0,0.0,0.0,0.0,
2023-02-14,0.0,0.0,0.0,0.0,0,,0.0,0.0,0.0,0.0,
2023-02-15,0.0,0.0,0.0,0.0,0,,0.0,0.0,0.0,0.0,
2023-02-16,0.0,0.0,0.0,0.0,0,,0.0,0.0,0.0,0.0,
2023-02-17,0.0,0.0,0.0,0.0,0,,0.0,0.0,0.0,0.0,
2023-02-20,0.0,0.0,0.0,0.0,0,,0.0,0.0,0.0,0.0,
2023-02-21,0.0,0.0,0.0,0.0,0,,0.0,0.0,0.0,0.0,
2023-02-22,0.0,0.0,0.0,0.0,0,,0.0,0.0,0.0,0.0,
2023-02-24,0.0,0.0,0.0,0.0,0,,0.0,0.0,0.0,0.0,
2023-02-27,0.0,0.0,0.0,0.0,0,,0.0,0.0,0.0,0.0,
2023-02-28,0.0,0.0,0.0,0.0,0,,0.0,0.0,0.0,0.0,
2023-03-01,0.0,0.0,0.0,0.0,0,,0.0,0.0,0.0,0.0,
2023-03-02,0.0,0.0,0.0,0.0,0,,0.0,0.0,0.0,0.0,
2023-03-03,0.0,0.0,0.0,0.0,0,,0.0,0.0,0.0,0.0,
2023-03-06,0.0,0.0,0.0,0.0,0,,0.0,0.0,0.0,0.0,
2023-03-07,0.0,0.0,0.0,0.0,0,,0.0,0.0,0.0,0.0,
2023-03-09,0.0,0.0,0.0,0.0,0,,0.0,0.0,0.0,0.0,
2023-03-10,0.0,0.0,0.0,0.0,0,,0.0,0.0,0.0,0.0,
2023-03-13,0.0,0.0,0.0,0.0,0,,0.0,0.0,0.0,0.0,
2023-03-14,0.0,0.0,0.0,0.0,0,,0.0,0.0,0.0,0.0,
2023-03-15,0.0,0.0,0.0,0.0,0,,0.0,0.0,0.0,0.0,
2023-03-16,87.87,87.87,88.0,88.0,6,87.8757,0.8787,0.8787,0.88,0.88,0.8787569999999999
2023-03-17,0.0,0.0,0.0,0.0,0,,0.0,0.0,0.0,0.0,
2023-03-20,0.0,0.0,0.0,0.0,0,,0.0,0.0,0.0,0.0,
2023-03-21,0.0,0.0,0.0,0.0,0,,0.0,0.0,0.0,0.0,
2023-03-22,0.0,0.0,0.0,0.0,0,,0.0,0.0,0.0,0.0,
2023-03-23,0.0,0.0,0.0,0.0,0,,0.0,0.0,0.0,0.0,
2023-03-24,0.0,0.0,0.0,0.0,0,,0.0,0.0,0.0,0.0,
2023-03-27,0.0,0.0,0.0,0.0,0,,0.0,0.0,0.0,0.0,
2023-03-28,88.0,67.7725,90.0,90.0,4,82.6652,0.88,0.6777249999999999,0.9,0.9,0.8266519999999999
2023-03-29,101.375,101.375,101.375,101.375,4,101.375,1.01375,1.01375,1.01375,1.01375,1.01375
2023-03-30,0.0,0.0,0.0,0.0,0,,0.0,0.0,0.0,0.0,
2023-03-31,90.0,90.0,108.0,107.0,4,103.8,0.9,0.9,1.08,1.07,1.038
2023-04-03,80.3125,80.3125,130.0,130.0,9,106.4295,0.803125,0.803125,1.3,1.3,1.064295
2023-04-04,130.5175,120.0,130.5175,120.0,2,125.2588,1.3051750000000002,1.2,1.3051750000000002,1.2,1.252588
2023-04-05,111.0,90.5,118.0,108.0,36,100.8764,1.11,0.905,1.18,1.08,1.008764
2023-04-06,117.0,90.0025,120.0,103.3,99,101.9168,1.17,0.900025,1.2,1.033,1.0191679999999999
2023-04-07,100.005,100.005,118.0,115.9975,65,111.0548,1.0000499999999999,1.0000499999999999,1.18,1.159975,1.110548
2023-04-10,117.0,97.0,117.0,106.0,147,102.2891,1.17,0.97,1.17,1.06,1.022891
2023-04-11,110.0,92.17,110.0,96.2025,317,101.1076,1.1,0.9217,1.1,0.962025,1.011076
2023-04-12,103.0,96.2,103.0,100.8975,50,99.1567,1.03,0.9620000000000001,1.03,1.008975,0.991567
2023-04-13,100.9975,92.0,100.9975,99.66,87,96.0747,1.009975,0.92,1.009975,0.9965999999999999,0.960747
2023-04-14,78.5025,78.5025,98.2,98.1975,84,96.4317,0.785025,0.785025,0.982,0.981975,0.9643170000000001
2023-04-17,74.6525,74.6525,98.18,94.0,111,94.7921,0.746525,0.746525,0.9818000000000001,0.94,0.947921
2023-04-18,92.0025,92.0,94.835,93.98,66,93.4114,0.920025,0.92,0.9483499999999999,0.9398000000000001,0.934114
2023-04-19,92.3,92.3,101.0,95.0,43,94.0992,0.9229999999999999,0.9229999999999999,1.01,0.95,0.9409919999999999
2023-04-20,92.11,92.11,95.9975,95.9925,29,93.9572,0.9211,0.9211,0.959975,0.959925,0.939572
2023-04-21,95.9,92.6025,96.5,95.5,29,95.6081,0.9590000000000001,0.9260250000000001,0.965,0.955,0.956081
2023-04-24,76.1225,76.1225,109.925,93.025,43,95.4663,0.761225,0.761225,1.09925,0.93025,0.954663
2023-04-25,92.945,76.1575,96.9975,95.0,37,93.2715,0.9294499999999999,0.761575,0.969975,0.95,0.9327150000000001
2023-04-26,96.0,92.1,96.0,94.1,20,93.7439,0.96,0.9209999999999999,0.96,0.941,0.9374389999999999
2023-04-27,90.55,78.79,99.995,93.9475,51,93.6466,0.9055,0.7879,0.99995,0.9394750000000001,0.936466
2023-04-28,99.0,91.3,102.9975,95.0,56,95.5062,0.99,0.9129999999999999,1.029975,0.95,0.9550620000000001
2023-05-02,99.0,86.865,99.025,93.95,63,93.4466,0.99,0.8686499999999999,0.9902500000000001,0.9395,0.934466
2023-05-03,102.5,89.1075,102.5,96.0,106,92.3391,1.025,0.8910750000000001,1.025,0.96,0.9233910000000001
2023-05-04,101.9975,87.0025,101.9975,91.0,65,91.667,1.019975,0.8700249999999999,1.019975,0.91,0.91667
2023-05-05,96.8,87.5,99.7475,94.0,84,92.564,0.968,0.875,0.997475,0.94,0.9256399999999999
2023-05-08,97.895,87.0025,97.895,93.4975,85,90.2229,0.97895,0.8700249999999999,0.97895,0.934975,0.902229
2023-05-10,93.4975,88.0,101.875,91.5,141,91.5123,0.934975,0.88,1.01875,0.915,0.9151229999999999
2023-05-11,97.9975,88.0,97.9975,91.4975,71,89.1116,0.979975,0.88,0.979975,0.914975,0.8911159999999999
2023-05-12,94.0,86.01,94.0,89.98,92,88.0665,0.94,0.8601000000000001,0.94,0.8998,0.880665
2023-05-15,95.75,82.0825,95.75,89.985,195,88.8613,0.9575,0.8208249999999999,0.9575,0.89985,0.888613
2023-05-16,94.0,86.5525,97.0,90.8375,48,89.9332,0.94,0.865525,0.97,0.908375,0.899332
2023-05-17,83.32,83.32,92.3375,88.15,85,90.6505,0.8331999999999999,0.8331999999999999,0.9233750000000001,0.8815000000000001,0.9065049999999999
2023-05-18,88.1525,87.16,90.9275,90.9275,8,88.8636,0.881525,0.8715999999999999,0.9092749999999999,0.9092749999999999,0.8886360000000001
2023-05-19,90.9275,86.0775,95.0,94.0,55,93.2237,0.9092749999999999,0.860775,0.95,0.94,0.932237
2023-05-22,90.0,90.0,98.9975,91.9975,9,97.412,0.9,0.9,0.989975,0.919975,0.9741200000000001
2023-05-23,90.0075,90.0075,96.8975,93.955,26,90.1516,0.900075,0.900075,0.9689749999999999,0.93955,0.901516
2023-05-24,93.95,90.21,94.915,91.9675,21,91.7171,0.9395,0.9020999999999999,0.94915,0.919675,0.9171710000000001
2023-05-25,96.2575,90.22,96.2575,91.5,15,93.7088,0.962575,0.9022,0.962575,0.915,0.9370879999999999
2023-05-26,88.0025,88.0025,94.9975,91.9575,17,91.9341,0.880025,0.880025,0.949975,0.9195749999999999,0.919341
2023-05-29,94.715,86.84,94.715,90.9975,29,89.0375,0.94715,0.8684000000000001,0.94715,0.909975,0.8903749999999999
2023-05-30,94.7,85.0025,94.7,91.3775,47,87.0149,0.9470000000000001,0.850025,0.9470000000000001,0.913775,0.870149
2023-05-31,85.6925,85.6925,91.2975,90.7975,17,89.5075,0.8569249999999999,0.8569249999999999,0.912975,0.907975,0.895075
2023-06-01,85.76,85.76,94.0,91.9975,54,92.545,0.8576,0.8576,0.94,0.919975,0.92545
2023-06-02,86.005,86.005,94.0,91.5,11,89.8475,0.86005,0.86005,0.94,0.915,0.8984749999999999
2023-06-05,89.0025,89.0025,92.995,89.2,9,89.8432,0.890025,0.890025,0.92995,0.892,0.898432
2023-06-06,88.02,88.02,91.8975,90.995,16,89.6288,0.8802,0.8802,0.918975,0.90995,0.896288
2023-06-07,93.95,88.0675,93.95,91.995,9,89.5986,0.9395,0.880675,0.9395,0.91995,0.8959860000000001
2023-06-08,91.995,89.0025,91.995,89.0025,4,90.5922,0.91995,0.890025,0.91995,0.890025,0.905922
2023-06-09,88.025,88.025,91.9475,89.0525,19,89.2734,0.8802500000000001,0.8802500000000001,0.919475,0.8905249999999999,0.8927339999999999
2023-06-13,85.0,85.0,93.0,92.65,29,90.9619,0.85,0.85,0.93,0.9265000000000001,0.909619
2023-06-14,89.0525,89.0525,92.6,91.0,10,90.9129,0.8905249999999999,0.8905249999999999,0.9259999999999999,0.91,0.909129
2023-06-15,88.0,88.0,96.9475,92.0,45,94.1783,0.88,0.88,0.9694750000000001,0.92,0.9417829999999999
2023-06-16,89.01,89.01,96.0,90.0,50,93.066,0.8901,0.8901,0.96,0.9,0.93066
2023-06-19,90.0,90.0,98.0,96.0,36,95.5383,0.9,0.9,0.98,0.96,0.9553830000000001
2023-06-20,90.75,90.75,97.9775,96.0,28,95.7849,0.9075,0.9075,0.9797750000000001,0.96,0.957849
2023-06-21,98.0,92.3,98.0,94.0,17,94.2682,0.98,0.9229999999999999,0.98,0.94,0.9426819999999999
2023-06-22,97.5,94.0,97.5,97.4875,18,95.6365,0.975,0.94,0.975,0.9748749999999999,0.956365
2023-06-23,96.1025,94.0,97.2975,94.0,6,95.9481,0.961025,0.94,0.972975,0.94,0.9594809999999999
2023-06-26,94.0,90.2325,105.0,102.9975,40,98.4128,0.94,0.902325,1.05,1.029975,0.984128
2023-06-27,120.0,97.005,120.0,101.995,28,101.1285,1.2,0.97005,1.2,1.0199500000000001,1.011285
2023-06-28,98.5675,97.315,109.9475,99.0025,14,100.9004,0.985675,0.97315,1.099475,0.9900249999999999,1.009004
2023-06-29,99.0025,98.335,108.42,99.9975,32,99.8147,0.9900249999999999,0.98335,1.0842,0.9999750000000001,0.998147
2023-06-30,98.0025,98.0025,119.0,105.0,44,107.9837,0.9800249999999999,0.9800249999999999,1.19,1.05,1.079837
2023-07-03,117.0,98.005,117.0,104.995,28,104.7141,1.17,0.98005,1.17,1.04995,1.047141
2023-07-04,104.975,104.975,110.0,110.0,24,108.6625,1.04975,1.04975,1.1,1.1,1.086625
2023-07-05,104.3275,104.3275,116.0,110.0,32,112.3647,1.043275,1.043275,1.16,1.1,1.123647
2023-07-06,102.98,102.98,115.995,109.9575,50,107.1565,1.0298,1.0298,1.15995,1.099575,1.0715649999999999
2023-07-07,110.0,103.0175,112.0,106.505,39,106.5956,1.1,1.030175,1.12,1.06505,1.0659560000000001
2023-07-10,105.0,101.025,109.98,107.6,34,104.5233,1.05,1.01025,1.0998,1.0759999999999998,1.045233
2023-07-11,103.0,103.0,109.8875,106.995,20,104.3247,1.03,1.03,1.098875,1.06995,1.043247
2023-07-12,109.0,103.03,109.0,107.39,12,106.8766,1.09,1.0303,1.09,1.0739,1.0687659999999999
2023-07-13,108.0,103.1,109.325,103.2325,26,105.6621,1.08,1.031,1.09325,1.032325,1.056621
2023-07-14,106.9875,103.3025,106.9875,104.5,17,104.228,1.069875,1.0330249999999999,1.069875,1.045,1.0422799999999999
2023-07-17,101.01,101.01,107.0,106.4925,20,105.1803,1.0101,1.0101,1.07,1.0649250000000001,1.051803
2023-07-18,101.02,101.02,108.9725,107.9525,16,103.7082,1.0102,1.0102,1.089725,1.079525,1.037082
2023-07-19,102.0025,101.0,106.8,106.79,15,102.3312,1.020025,1.01,1.068,1.0679,1.023312
2023-07-20,107.9975,90.0175,107.9975,103.4975,34,101.9453,1.0799750000000001,0.900175,1.0799750000000001,1.034975,1.019453
2023-07-21,107.5,100.0,107.5,103.4875,9,103.26,1.075,1.0,1.075,1.034875,1.0326
2023-07-24,106.975,98.5025,106.975,104.6775,27,102.8562,1.06975,0.9850249999999999,1.06975,1.046775,1.028562
2023-07-25,106.5,102.0025,106.5,104.95,22,103.9311,1.065,1.020025,1.065,1.0495,1.039311
2023-07-26,105.9975,102.005,105.9975,105.1,16,103.9958,1.0599750000000001,1.02005,1.0599750000000001,1.051,1.039958
2023-07-27,102.0025,93.0175,104.99,104.8075,25,102.6986,1.020025,0.930175,1.0499,1.048075,1.026986
2023-07-28,100.01,100.0,105.95,105.95,28,104.1925,1.0001,1.0,1.0595,1.0595,1.041925
2023-07-31,100.0,100.0,107.5,106.2,27,105.4411,1.0,1.0,1.075,1.062,1.054411
2023-08-01,107.4,100.2,107.4,106.8725,15,104.2717,1.074,1.002,1.074,1.068725,1.042717
2023-08-02,106.0,105.0425,107.975,107.0,13,106.9921,1.06,1.050425,1.07975,1.07,1.069921
2023-08-03,101.6,101.6,108.2,107.95,22,105.1782,1.016,1.016,1.082,1.0795000000000001,1.051782
2023-08-04,102.0,102.0,108.855,107.9,39,107.9206,1.02,1.02,1.0885500000000001,1.079,1.0792059999999999
2023-08-07,115.0,95.0,132.35,109.32,86,110.3641,1.15,0.95,1.3235,1.0932,1.1036409999999999
2023-08-08,102.0,102.0,132.35,109.0,53,112.4545,1.02,1.02,1.3235,1.09,1.124545
2023-08-09,109.5,109.0025,121.4,110.1425,39,113.9404,1.095,1.090025,1.214,1.1014249999999999,1.1394039999999999
2023-08-10,117.0,111.0325,117.9975,112.1275,36,115.1217,1.17,1.110325,1.179975,1.121275,1.151217
2023-08-11,117.0,111.0025,119.525,118.875,50,116.8381,1.17,1.110025,1.1952500000000001,1.18875,1.168381
2023-08-14,118.875,112.3,121.425,118.885,40,116.8647,1.18875,1.123,1.21425,1.18885,1.168647
2023-08-15,120.0,113.0,125.0,119.9975,33,116.9142,1.2,1.13,1.25,1.199975,1.169142
2023-08-16,121.0,114.0475,121.0,118.07,24,117.2499,1.21,1.140475,1.21,1.1806999999999999,1.172499
2023-08-17,115.0,108.0025,119.945,117.97,25,113.5193,1.15,1.080025,1.19945,1.1797,1.1351930000000001
2023-08-18,117.0,105.11,117.0,105.51,27,107.9461,1.17,1.0511,1.17,1.0551000000000001,1.079461
2023-08-21,117.0,106.0025,117.0,106.1025,12,111.1513,1.17,1.060025,1.17,1.061025,1.111513
2023-08-22,113.98,107.0,113.98,113.5175,15,108.9793,1.1398000000000001,1.07,1.1398000000000001,1.135175,1.089793
2023-08-23,107.025,107.0025,107.99,107.0025,18,107.9875,1.0702500000000001,1.070025,1.0798999999999999,1.070025,1.079875
2023-08-24,111.39,107.5,111.39,107.5025,14,110.0102,1.1139000000000001,1.075,1.1139000000000001,1.075025,1.100102
2023-08-25,109.7725,107.0025,113.0,111.5675,44,109.8224,1.0977249999999998,1.070025,1.13,1.115675,1.098224
2023-08-28,107.0025,102.0,112.0,107.87,31,108.3672,1.070025,1.02,1.12,1.0787,1.083672
2023-08-29,110.6,107.0,115.5,107.0075,52,110.6049,1.1059999999999999,1.07,1.155,1.0700749999999999,1.106049
2023-08-30,115.0,108.0,115.0,109.2,27,109.6516,1.15,1.08,1.15,1.092,1.096516
2023-08-31,107.005,107.0025,110.95,108.0025,10,108.7823,1.07005,1.070025,1.1095,1.080025,1.087823
2023-09-01,103.005,103.005,115.3,108.0,17,107.3925,1.03005,1.03005,1.153,1.08,1.073925
2023-09-04,114.9,108.1,114.9,108.2,18,108.3952,1.149,1.081,1.149,1.082,1.083952
2023-09-05,107.0,105.815,112.0,107.0,15,107.5796,1.07,1.05815,1.12,1.07,1.075796
2023-09-06,107.2,106.5025,110.9975,110.4,22,107.5928,1.072,1.0650249999999999,1.109975,1.104,1.075928
2023-09-07,111.0,105.0125,114.9975,106.5675,31,111.7693,1.11,1.050125,1.149975,1.065675,1.117693
2023-09-08,114.0,107.0025,114.0,113.5,23,113.1777,1.14,1.070025,1.14,1.135,1.131777
2023-09-11,106.82,106.82,115.0,107.2525,15,112.3148,1.0682,1.0682,1.15,1.072525,1.123148
2023-09-12,113.0,107.2525,113.0,112.0,19,111.3132,1.13,1.072525,1.13,1.12,1.113132
2023-09-13,114.0,107.0,114.0,111.0,10,109.7581,1.14,1.07,1.14,1.11,1.097581
2023-09-14,107.7025,107.5,113.4975,108.0025,16,107.9217,1.077025,1.075,1.134975,1.080025,1.079217
2023-09-15,109.29,107.3125,110.0,109.5,10,109.2602,1.0929,1.073125,1.1,1.095,1.092602
2023-09-18,112.0,107.0,112.0,107.305,9,108.1647,1.12,1.07,1.12,1.07305,1.081647
2023-09-19,109.5525,107.1,110.95,107.1,10,107.3627,1.0955249999999999,1.071,1.1095,1.071,1.073627
2023-09-20,111.0,107.0,111.5,107.2,9,108.7528,1.11,1.07,1.115,1.072,1.0875279999999998
2023-09-21,119.0,107.5,119.0,107.54,18,110.3778,1.19,1.075,1.19,1.0754000000000001,1.103778
2023-09-22,107.0,107.0,110.4,110.4,8,108.1115,1.07,1.07,1.104,1.104,1.081115
2023-09-25,111.0,95.225,111.0,110.3,21,106.7482,1.11,0.9522499999999999,1.11,1.103,1.067482
2023-09-26,108.0,108.0,108.0,108.0,1,108.0,1.08,1.08,1.08,1.08,1.08
2023-09-27,104.0,104.0,109.9,107.0025,5,105.781,1.04,1.04,1.099,1.070025,1.0578100000000001
2023-09-28,109.4,107.0,109.4,107.005,19,107.8003,1.094,1.07,1.094,1.07005,1.0780029999999998
2023-09-29,103.105,103.105,110.8,109.5,13,108.0386,1.03105,1.03105,1.1079999999999999,1.095,1.080386
2023-10-02,110.8,104.0,110.81,106.2,31,109.8583,1.1079999999999999,1.04,1.1081,1.062,1.098583
2023-10-03,107.32,107.32,114.0,112.4975,33,112.3998,1.0732,1.0732,1.14,1.124975,1.123998
2023-10-04,112.0,108.2,115.0,113.9975,18,111.0046,1.12,1.082,1.15,1.139975,1.1100459999999999
2023-10-05,108.2,108.2,113.9975,108.5,21,110.0914,1.082,1.082,1.139975,1.085,1.100914
2023-10-06,113.9,109.1025,113.9,112.985,14,111.76,1.139,1.0910250000000001,1.139,1.12985,1.1176000000000001
2023-10-09,113.7475,110.0,113.7475,113.0,9,112.1963,1.137475,1.1,1.137475,1.13,1.121963
2023-10-10,113.75,109.0025,113.75,113.6075,17,113.2461,1.1375,1.090025,1.1375,1.136075,1.132461
2023-10-11,114.0,109.5,114.0,111.55,19,112.57,1.14,1.095,1.14,1.1155,1.1257
2023-10-12,115.7775,108.0025,115.7775,113.0,14,112.1108,1.157775,1.080025,1.157775,1.13,1.121108
2023-10-13,107.1025,107.1025,112.0,108.505,9,110.3958,1.0710250000000001,1.0710250000000001,1.12,1.0850499999999998,1.103958
2023-10-16,112.0,106.6,112.0,111.11,11,109.8663,1.12,1.0659999999999998,1.12,1.1111,1.098663
2023-10-17,108.5,106.0,109.9975,109.9975,25,107.7694,1.085,1.06,1.099975,1.099975,1.0776940000000002
2023-10-18,100.0,100.0,110.95,107.205,8,107.0005,1.0,1.0,1.1095,1.07205,1.070005
2023-10-19,110.6475,106.025,110.6475,110.445,11,109.3742,1.1064749999999999,1.0602500000000001,1.1064749999999999,1.10445,1.093742
2023-10-20,109.9975,107.0025,109.9975,108.8,11,109.4965,1.099975,1.070025,1.099975,1.088,1.094965
2023-10-23,107.53,105.0,109.0,105.0025,16,107.0194,1.0753,1.05,1.09,1.050025,1.070194
2023-10-24,105.5,105.005,107.9,107.8,8,106.8508,1.055,1.05005,1.079,1.078,1.068508
2023-10-25,96.285,96.285,106.3,105.89,12,104.3614,0.96285,0.96285,1.063,1.0589,1.043614
2023-10-26,111.2475,105.0,111.2475,105.0025,6,107.3122,1.112475,1.05,1.112475,1.050025,1.0731220000000001
2023-10-27,108.97,107.0,108.97,107.0,3,107.394,1.0897,1.07,1.0897,1.07,1.0739400000000001
2023-10-30,109.9,105.0025,109.9,107.2,11,107.4948,1.099,1.050025,1.099,1.072,1.074948
2023-10-31,103.0025,103.0,107.8,103.0,6,104.9213,1.030025,1.03,1.078,1.03,1.049213
2023-11-01,100.0,100.0,107.0,103.0,4,103.0,1.0,1.0,1.07,1.03,1.03
2023-11-02,106.0,104.4,106.0,104.4,5,104.6003,1.06,1.044,1.06,1.044,1.046003
2023-11-03,100.0,100.0,101.5,101.5,4,101.4565,1.0,1.0,1.015,1.015,1.0145650000000002
2023-11-06,111.5,100.2,111.5,101.0025,16,103.5734,1.115,1.002,1.115,1.010025,1.0357340000000002
2023-11-07,101.5025,96.025,105.9575,99.0,10,100.7967,1.015025,0.96025,1.059575,0.99,1.007967
2023-11-08,100.0,100.0,105.0,105.0,6,102.7143,1.0,1.0,1.05,1.05,1.027143
2023-11-09,96.2025,96.2025,100.0025,100.0025,2,98.1025,0.962025,0.962025,1.000025,1.000025,0.981025
2023-11-10,111.5,96.205,111.5,102.9,23,103.1001,1.115,0.96205,1.115,1.0290000000000001,1.031001
2023-11-13,111.4975,96.21,111.4975,98.03,16,103.0277,1.114975,0.9621,1.114975,0.9803000000000001,1.0302769999999999
2023-11-14,104.9975,98.0225,104.9975,103.9975,17,103.5979,1.049975,0.9802249999999999,1.049975,1.039975,1.035979
2023-11-15,103.995,103.0,103.995,103.3,3,103.4317,1.0399500000000002,1.03,1.0399500000000002,1.033,1.0343170000000002
2023-11-16,99.0025,99.0025,103.4975,102.49,5,101.199,0.9900249999999999,0.9900249999999999,1.034975,1.0249,1.01199
2023-11-17,102.45,100.2525,106.0025,103.8,27,103.2851,1.0245,1.0025249999999999,1.060025,1.038,1.032851
2023-11-20,103.8,98.03,103.8,102.5975,14,101.1353,1.038,0.9803000000000001,1.038,1.0259749999999999,1.011353
2023-11-21,100.8,100.8,104.9775,104.9775,11,102.9886,1.008,1.008,1.0497750000000001,1.0497750000000001,1.029886
2023-11-22,104.99,100.82,109.48,109.44,22,104.0563,1.0499,1.0082,1.0948,1.0944,1.040563
2023-11-23,109.44,100.83,109.44,101.0025,13,104.0766,1.0944,1.0083,1.0944,1.010025,1.040766
2023-11-24,100.0,100.0,109.9975,103.5,17,103.5195,1.0,1.0,1.099975,1.035,1.0351949999999999
2023-11-27,104.5,101.0025,104.5,103.3,10,103.06,1.045,1.010025,1.045,1.033,1.0306
2023-11-28,108.9975,102.8,109.0,103.5,9,104.3516,1.089975,1.028,1.09,1.035,1.043516
2023-11-29,103.89,101.0025,103.89,103.7,4,103.8518,1.0389,1.010025,1.0389,1.037,1.038518
2023-11-30,105.0,100.1,105.0,104.5,13,104.4035,1.05,1.001,1.05,1.045,1.044035
2023-12-01,104.29,100.1,104.29,104.0975,9,103.9407,1.0429000000000002,1.001,1.0429000000000002,1.040975,1.039407
2023-12-04,100.0025,100.0025,104.385,103.6975,12,102.4301,1.000025,1.000025,1.04385,1.036975,1.024301
2023-12-05,110.9,101.0,110.9,105.5,13,104.4127,1.109,1.01,1.109,1.055,1.044127
2023-12-06,110.0,102.0,110.0,103.0,8,103.8182,1.1,1.02,1.1,1.03,1.038182
2023-12-07,102.1,102.1,108.0,105.5,12,104.4898,1.021,1.021,1.08,1.055,1.044898
2023-12-08,102.5,102.0,106.5,103.5,22,104.4002,1.025,1.02,1.065,1.035,1.0440019999999999
2023-12-11,114.0,96.0025,114.0,103.5225,43,103.4888,1.14,0.960025,1.14,1.0352249999999998,1.034888
2023-12-12,96.5025,96.5,109.9975,101.65,73,101.8975,0.965025,0.965,1.099975,1.0165,1.018975
2023-12-13,110.0,86.5,110.0,102.0,25,100.2014,1.1,0.865,1.1,1.02,1.002014
2023-12-14,99.5,99.5,100.0025,100.0025,2,99.835,0.995,0.995,1.000025,1.000025,0.99835
2023-12-15,99.0025,99.0025,102.0,99.5025,5,100.0014,0.9900249999999999,0.9900249999999999,1.02,0.9950249999999999,1.000014
2023-12-18,102.4975,100.0,102.4975,100.0,13,101.285,1.024975,1.0,1.024975,1.0,1.01285
2023-12-19,99.5,99.5,103.0975,102.495,12,100.1727,0.995,0.995,1.030975,1.02495,1.001727
2023-12-20,102.5,98.5,102.5,101.455,4,101.4582,1.025,0.985,1.025,1.01455,1.014582
2023-12-21,101.0,98.7025,103.5,101.0,18,102.0217,1.01,0.987025,1.035,1.01,1.020217
2023-12-22,102.3,102.3,103.1,102.3,8,102.3306,1.023,1.023,1.031,1.023,1.023306
2023-12-25,106.0,96.505,106.0,101.0025,20,102.0943,1.06,0.96505,1.06,1.010025,1.020943
2023-12-26,99.5,99.5,103.8475,100.05,9,100.0259,0.995,0.995,1.038475,1.0005,1.000259
2023-12-27,99.5,99.5,105.0,103.88,13,103.9846,0.995,0.995,1.05,1.0388,1.039846
2023-12-28,103.0,103.0,104.0,104.0,13,103.9586,1.03,1.03,1.04,1.04,1.0395860000000001
2023-12-29,100.0025,100.0025,108.0,104.58,13,103.8101,1.000025,1.000025,1.08,1.0458,1.0381010000000002
2024-01-03,104.0,101.0,106.995,104.9975,7,104.8734,1.04,1.01,1.06995,1.049975,1.048734
2024-01-04,98.5,98.5,112.0,106.8975,20,103.8999,0.985,0.985,1.12,1.068975,1.038999
2024-01-05,106.8,100.1275,108.0,106.5,19,105.4271,1.068,1.001275,1.08,1.065,1.054271
2024-01-08,101.0,98.63,129.3175,103.9925,88,106.6223,1.01,0.9863,1.293175,1.039925,1.066223
2024-01-09,112.0,101.0025,112.0,107.5,17,107.0114,1.12,1.010025,1.12,1.075,1.070114
2024-01-10,101.5,101.5,109.8975,103.6,26,105.2702,1.015,1.015,1.098975,1.036,1.052702
2024-01-11,108.0,100.2525,108.0,105.97,32,104.1448,1.08,1.0025249999999999,1.08,1.0597,1.041448
2024-01-12,100.6,100.6,107.5,102.0,43,101.6487,1.006,1.006,1.075,1.02,1.0164870000000001
2024-01-15,99.005,98.5,103.5,100.5,31,100.385,0.99005,0.985,1.035,1.005,1.0038500000000001
2024-01-16,96.5,96.5,102.8,101.4875,23,101.9571,0.965,0.965,1.028,1.014875,1.019571
2024-01-17,104.5,98.5025,104.5,101.0,20,99.8964,1.045,0.9850249999999999,1.045,1.01,0.998964
2024-01-18,99.5,99.5,102.2,99.5025,22,101.2451,0.995,0.995,1.022,0.9950249999999999,1.012451
2024-01-19,104.5,99.5,104.5,99.5025,17,102.3214,1.045,0.995,1.045,0.9950249999999999,1.023214
2024-01-22,99.55,99.55,102.9775,99.55,3,100.6925,0.9954999999999999,0.9954999999999999,1.029775,0.9954999999999999,1.0069249999999998
2024-01-23,101.5,98.505,102.2,99.0975,11,100.7333,1.015,0.98505,1.022,0.9909749999999999,1.007333
2024-01-24,101.4,99.16,102.49,99.705,20,101.3703,1.014,0.9915999999999999,1.0249,0.99705,1.013703
2024-01-25,96.125,96.125,101.0,101.0,9,100.5258,0.96125,0.96125,1.01,1.01,1.005258
2024-01-26,102.99,100.0,102.99,100.05,17,100.6964,1.0299,1.0,1.0299,1.0005,1.006964
2024-01-29,98.5,98.5,102.8,100.0075,12,100.0836,0.985,0.985,1.028,1.0000749999999998,1.000836
2024-01-30,102.4975,99.525,102.4975,100.0,8,99.8845,1.024975,0.9952500000000001,1.024975,1.0,0.998845
2024-01-31,111.525,99.5525,111.525,100.03,22,102.3233,1.11525,0.995525,1.11525,1.0003,1.023233
2024-02-01,100.0025,100.0,106.0,100.0325,31,104.7403,1.000025,1.0,1.06,1.000325,1.047403
2024-02-02,110.0,100.0025,110.0,100.055,5,100.209,1.1,1.000025,1.1,1.00055,1.00209
2024-02-05,104.5,100.05,104.5,101.5,22,101.7385,1.045,1.0005,1.045,1.015,1.017385
2024-02-06,102.5,100.0075,103.4975,103.355,14,103.2834,1.025,1.0000749999999998,1.034975,1.03355,1.032834
2024-02-07,100.2,100.2,103.55,100.3575,20,103.0729,1.002,1.002,1.0354999999999999,1.003575,1.030729
2024-02-08,103.53,100.36,103.53,101.6,17,100.7925,1.0353,1.0036,1.0353,1.016,1.007925
2024-02-09,101.7025,101.7,103.4325,102.8,10,101.8483,1.017025,1.0170000000000001,1.034325,1.028,1.018483
2024-02-12,101.5,101.5,103.0,102.0,8,101.6963,1.015,1.015,1.03,1.02,1.0169629999999998
2024-02-13,103.5,100.75,103.5,103.3,14,102.2083,1.035,1.0075,1.035,1.033,1.0220829999999999
2024-02-14,102.35,101.0,102.35,101.0,14,102.3229,1.0234999999999999,1.01,1.0234999999999999,1.01,1.023229
2024-02-15,103.51,100.96,103.51,102.3,9,102.216,1.0351000000000001,1.0095999999999998,1.0351000000000001,1.023,1.02216
2024-02-16,103.5,103.5,103.5,103.5,1,103.5,1.035,1.035,1.035,1.035,1.035
2024-02-19,109.9,100.525,109.9,101.005,18,102.3396,1.099,1.00525,1.099,1.01005,1.023396
2024-02-20,101.25,101.25,104.49,102.0075,14,102.9591,1.0125,1.0125,1.0449,1.0200749999999998,1.0295910000000001
2024-02-21,101.0,100.545,103.5,101.005,18,103.3076,1.01,1.00545,1.035,1.01005,1.0330759999999999
2024-02-22,101.0,101.0,106.0,104.0,26,104.0867,1.01,1.01,1.06,1.04,1.040867
2024-02-26,103.0,96.5,108.0,103.0025,45,101.6847,1.03,0.965,1.08,1.030025,1.016847
2024-02-27,101.005,101.005,105.4975,105.0,4,104.25,1.01005,1.01005,1.054975,1.05,1.0425
2024-02-28,103.13,100.0025,105.0,104.0,16,104.1367,1.0312999999999999,1.000025,1.05,1.04,1.0413670000000002
2024-02-29,100.8,100.0,104.0,103.7,26,102.5502,1.008,1.0,1.04,1.037,1.0255020000000001
2024-03-01,100.6,100.6,103.7,103.0,10,103.0298,1.006,1.006,1.037,1.03,1.030298
2024-03-04,103.0,100.0,103.7,101.0225,12,102.5012,1.03,1.0,1.037,1.010225,1.025012
2024-03-05,101.0225,101.0225,103.55,103.55,16,103.1399,1.010225,1.010225,1.0354999999999999,1.0354999999999999,1.031399
2024-03-06,103.7,101.4025,106.0,105.3,14,104.8604,1.037,1.014025,1.06,1.053,1.048604
2024-03-07,105.3,101.03,113.0,101.5,18,106.8785,1.053,1.0103,1.13,1.015,1.068785
2024-03-11,105.0,99.0,105.0,101.105,12,102.1767,1.05,0.99,1.05,1.01105,1.0217669999999999
2024-03-12,104.0,101.5,104.0,101.91,10,103.3448,1.04,1.015,1.04,1.0191,1.0334480000000001
2024-03-13,102.62,101.2,106.0,103.2975,18,102.6265,1.0262,1.012,1.06,1.032975,1.026265
2024-03-14,101.7,101.7,104.9,102.9,12,104.8691,1.0170000000000001,1.0170000000000001,1.0490000000000002,1.0290000000000001,1.048691
2024-03-15,96.5,96.5,105.0,104.8975,12,102.7893,0.965,0.965,1.05,1.048975,1.027893
2024-03-18,104.89,103.0025,104.89,103.0025,5,104.507,1.0489,1.030025,1.0489,1.030025,1.04507
2024-03-19,101.7975,101.7975,112.0,106.89,24,105.5723,1.017975,1.017975,1.12,1.0689,1.055723
2024-03-20,105.0,103.1,106.48,106.48,7,105.0275,1.05,1.031,1.0648,1.0648,1.050275
2024-03-21,103.6,101.3225,112.0,106.3,11,103.6284,1.036,1.013225,1.12,1.063,1.036284
2024-03-22,102.5,102.315,106.3,102.315,7,105.5826,1.025,1.02315,1.063,1.02315,1.055826
2024-03-25,102.4,101.2975,119.8,109.9,12,103.8607,1.024,1.012975,1.198,1.099,1.0386069999999998
2024-03-26,101.0,101.0,109.5,103.5,12,104.3104,1.01,1.01,1.095,1.035,1.043104
2024-03-27,103.0,103.0,109.0,103.605,7,107.2004,1.03,1.03,1.09,1.0360500000000001,1.072004
2024-03-28,108.5,103.0025,108.9,104.025,14,106.3109,1.085,1.030025,1.089,1.0402500000000001,1.063109
2024-03-29,106.8,103.0,108.0,103.0,10,105.4283,1.068,1.03,1.08,1.03,1.0542829999999999
2024-04-01,103.0025,103.0025,105.9775,105.9775,6,104.0292,1.030025,1.030025,1.0597750000000001,1.0597750000000001,1.040292
2024-04-02,105.9,103.0,105.96,104.9,9,104.5217,1.0590000000000002,1.03,1.0595999999999999,1.0490000000000002,1.045217
2024-04-03,104.9,103.1025,105.8,105.8,5,104.2721,1.0490000000000002,1.031025,1.058,1.058,1.042721
2024-04-04,101.01,101.01,108.4775,107.4,15,106.6221,1.0101,1.0101,1.084775,1.074,1.066221
2024-04-05,101.9,101.9,108.8,104.0025,13,104.7806,1.0190000000000001,1.0190000000000001,1.088,1.040025,1.047806
2024-04-08,125.0,104.6025,125.0,106.1975,8,106.1936,1.25,1.046025,1.25,1.0619750000000001,1.061936
2024-04-09,104.8025,104.8025,108.8,104.91,21,106.6343,1.048025,1.048025,1.088,1.0491,1.066343
2024-04-10,113.8,105.0775,113.8,108.13,8,107.2864,1.138,1.050775,1.138,1.0813,1.072864
2024-04-11,114.0,105.0,114.0,108.8975,14,108.7457,1.14,1.05,1.14,1.088975,1.087457
2024-04-12,106.0,103.1125,110.0,105.0,20,105.2189,1.06,1.031125,1.1,1.05,1.052189
2024-04-15,103.1025,103.1025,105.84,105.7275,4,104.699,1.031025,1.031025,1.0584,1.057275,1.04699
2024-04-16,106.88,105.5,106.88,106.6,7,106.4255,1.0688,1.055,1.0688,1.0659999999999998,1.064255
2024-04-17,106.76,103.1025,108.0,108.0,5,106.0616,1.0676,1.031025,1.08,1.08,1.060616
2024-04-18,105.21,104.2775,106.7975,106.7975,10,106.2126,1.0521,1.042775,1.067975,1.067975,1.062126
2024-04-19,106.2975,104.5,106.2975,105.855,8,106.1417,1.062975,1.045,1.062975,1.05855,1.061417
2024-04-22,104.15,104.0,106.9975,105.0275,7,106.8017,1.0415,1.04,1.0699750000000001,1.050275,1.068017
2024-04-23,104.38,104.33,105.91,105.91,5,104.8783,1.0438,1.0433,1.0591,1.0591,1.048783
2024-04-24,104.01,103.0,106.0,103.0,5,104.1738,1.0401,1.03,1.06,1.03,1.041738
2024-04-25,103.1,103.1,106.5475,103.1025,8,104.4619,1.031,1.031,1.065475,1.031025,1.044619
2024-04-26,104.35,103.2,106.49,103.2,7,103.8718,1.0434999999999999,1.032,1.0649,1.032,1.038718
2024-04-27,106.0,104.4,115.0,104.4,8,107.9343,1.06,1.044,1.15,1.044,1.079343
2024-04-29,101.3,101.3,113.0,104.035,10,106.9452,1.013,1.013,1.13,1.0403499999999999,1.069452
2024-04-30,101.225,101.225,115.0,104.345,4,108.4657,1.0122499999999999,1.0122499999999999,1.15,1.04345,1.084657
2024-05-02,104.5,104.2475,104.94,104.72,6,104.6012,1.045,1.042475,1.0493999999999999,1.0472,1.0460120000000002
2024-05-03,101.3,101.3,105.9975,104.11,11,103.9859,1.013,1.013,1.0599750000000001,1.0411,1.039859
2024-05-06,104.13,102.57,109.995,102.7,20,105.0343,1.0413,1.0256999999999998,1.09995,1.0270000000000001,1.050343
2024-05-07,104.01,102.75,108.0,103.01,13,107.7536,1.0401,1.0275,1.08,1.0301,1.077536
2024-05-08,103.1025,103.1025,104.87,103.1025,4,103.3971,1.031025,1.031025,1.0487,1.031025,1.033971
2024-05-10,105.2,105.2,105.9825,105.7,3,105.6275,1.052,1.052,1.059825,1.057,1.056275
2024-05-13,105.18,102.75,109.0,103.7975,16,106.3922,1.0518,1.0275,1.09,1.037975,1.063922
2024-05-14,104.2,102.64,105.985,103.1025,15,104.6503,1.042,1.0264,1.05985,1.031025,1.046503
2024-05-15,109.0,102.72,109.0,103.2025,22,108.7303,1.09,1.0272,1.09,1.032025,1.087303
2024-05-16,104.395,103.5,104.3975,104.3975,7,104.35,1.04395,1.035,1.0439749999999999,1.0439749999999999,1.0434999999999999
2024-05-17,103.94,103.0025,103.94,103.0025,5,103.3633,1.0393999999999999,1.030025,1.0393999999999999,1.030025,1.033633
2024-05-20,106.9925,102.25,106.9925,102.25,14,106.2063,1.069925,1.0225,1.069925,1.0225,1.062063
2024-05-21,103.44,101.955,106.465,105.4875,4,102.2644,1.0344,1.01955,1.06465,1.054875,1.0226439999999999
2024-05-22,105.48,105.48,105.4875,105.4875,6,105.4847,1.0548,1.0548,1.054875,1.054875,1.054847
2024-05-23,103.3,101.6125,103.3,101.7,9,102.8155,1.033,1.016125,1.033,1.0170000000000001,1.028155
2024-05-24,102.71,100.7325,105.4,102.7575,5,102.7204,1.0271,1.007325,1.054,1.027575,1.027204
2024-05-27,100.7,100.7,102.06,100.7,5,100.9944,1.0070000000000001,1.0070000000000001,1.0206,1.0070000000000001,1.009944
2024-05-28,102.04,101.77,102.04,102.01,3,101.965,1.0204,1.0177,1.0204,1.0201,1.01965
2024-05-29,102.33,100.5,106.4975,104.3925,25,106.2171,1.0232999999999999,1.005,1.064975,1.043925,1.062171
2024-05-30,103.61,101.22,105.0,103.7075,8,102.0139,1.0361,1.0122,1.05,1.037075,1.0201390000000001
2024-05-31,101.7525,101.7525,101.7525,101.7525,1,101.7525,1.017525,1.017525,1.017525,1.017525,1.017525
2024-06-03,102.0,101.2,106.2975,102.0,39,103.4143,1.02,1.012,1.062975,1.02,1.034143
2024-06-04,102.87,100.53,104.9975,103.9975,14,102.9498,1.0287,1.0053,1.049975,1.039975,1.029498
2024-06-05,103.05,100.62,104.9725,102.0,15,102.0081,1.0305,1.0062,1.049725,1.02,1.020081
2024-06-06,100.62,100.62,106.985,100.8875,17,103.9472,1.0062,1.0062,1.06985,1.008875,1.039472
2024-06-07,100.67,100.67,103.1875,101.0,5,101.0772,1.0067,1.0067,1.031875,1.01,1.010772
2024-06-10,103.83,100.865,104.8975,101.005,6,103.4571,1.0383,1.00865,1.048975,1.01005,1.034571
2024-06-11,103.29,101.27,104.5975,102.0,9,102.3559,1.0329000000000002,1.0127,1.0459749999999999,1.02,1.023559
2024-06-13,104.59,101.0,104.59,102.0,16,102.0542,1.0459,1.01,1.0459,1.02,1.0205419999999998
2024-06-14,101.0,88.0,104.0,103.9925,22,103.1911,1.01,0.88,1.04,1.039925,1.031911
2024-06-17,104.0,102.0025,104.0,102.0025,6,103.0013,1.04,1.020025,1.04,1.020025,1.030013
2024-06-18,90.0,90.0,125.0,102.5525,24,104.7445,0.9,0.9,1.25,1.025525,1.047445
2024-06-19,102.5,102.0,105.0,105.0,11,104.3283,1.025,1.02,1.05,1.05,1.043283
2024-06-20,107.0,105.9975,107.0,105.9975,2,106.6658,1.07,1.0599750000000001,1.07,1.0599750000000001,1.066658
2024-06-21,100.0,100.0,106.9975,100.51,4,100.883,1.0,1.0,1.0699750000000001,1.0051,1.00883
2024-06-24,106.0,100.0,106.0,102.0025,14,104.5344,1.06,1.0,1.06,1.020025,1.045344
2024-06-25,90.4,90.4,108.7075,102.0025,15,97.1963,0.904,0.904,1.087075,1.020025,0.9719629999999999
2024-06-26,105.9775,100.0125,105.9825,104.9825,7,103.9919,1.0597750000000001,1.000125,1.059825,1.049825,1.039919
2024-06-27,100.01,100.01,104.985,104.97,6,102.8393,1.0001,1.0001,1.04985,1.0497,1.028393
2024-06-28,101.0,101.0,103.0,103.0,2,102.6667,1.01,1.01,1.03,1.03,1.026667
2024-07-01,105.0,100.0,105.0,100.0025,5,100.7161,1.05,1.0,1.05,1.000025,1.007161
2024-07-02,104.4975,96.0,105.0,100.0,19,101.7873,1.044975,0.96,1.05,1.0,1.017873
2024-07-03,104.9925,100.5125,104.9925,104.99,3,103.4983,1.049925,1.005125,1.049925,1.0499,1.034983
2024-07-04,101.0,100.0125,105.0,104.4975,16,102.5608,1.01,1.000125,1.05,1.044975,1.025608
2024-07-05,103.09,103.09,103.09,103.09,1,103.09,1.0309,1.0309,1.0309,1.0309,1.0309
2024-07-08,102.9025,101.0,104.9975,104.4975,4,103.26,1.029025,1.01,1.049975,1.044975,1.0326
2024-07-09,104.45,100.3025,104.45,104.3975,6,103.958,1.0445,1.003025,1.0445,1.0439749999999999,1.03958
2024-07-10,103.0925,101.0025,109.9975,101.0025,8,105.3883,1.030925,1.010025,1.099975,1.010025,1.053883
2024-07-11,105.9975,100.0,106.0,101.0025,11,102.7336,1.0599750000000001,1.0,1.06,1.010025,1.027336
2024-07-12,102.8825,102.8825,105.9975,105.9975,2,104.44,1.0288249999999999,1.0288249999999999,1.0599750000000001,1.0599750000000001,1.0444
2024-07-15,106.995,100.1,106.995,100.1,4,106.1328,1.06995,1.001,1.06995,1.001,1.061328
2024-07-16,103.52,100.1025,112.0,106.995,11,105.2479,1.0352,1.001025,1.12,1.06995,1.052479
2024-07-17,101.0,101.0,107.0,103.7,8,105.353,1.01,1.01,1.07,1.037,1.0535299999999999
2024-07-18,107.0,101.0025,107.0,101.0025,3,103.4015,1.07,1.010025,1.07,1.010025,1.034015
2024-07-19,101.5025,101.5025,109.9975,102.0025,7,105.2139,1.015025,1.015025,1.099975,1.020025,1.052139
2024-07-22,102.2,102.2,102.2,102.2,1,102.2,1.022,1.022,1.022,1.022,1.022
2024-07-23,104.9925,102.2,104.9925,104.6975,4,104.375,1.049925,1.022,1.049925,1.046975,1.04375
2024-07-24,80.785,80.785,117.9975,100.5,17,101.6647,0.80785,0.80785,1.179975,1.005,1.0166469999999999
2024-07-25,105.0,101.0,109.0,101.0,4,105.0,1.05,1.01,1.09,1.01,1.05
2024-07-26,105.0,101.0,105.0,104.9975,8,103.2273,1.05,1.01,1.05,1.049975,1.032273
2024-07-29,104.7,101.0,104.7,101.0,8,101.1893,1.047,1.01,1.047,1.01,1.011893
2024-07-30,104.4975,104.4975,104.4975,104.4975,1,104.4975,1.044975,1.044975,1.044975,1.044975,1.044975
2024-07-31,100.0025,100.0025,104.4975,104.4975,3,101.6,1.000025,1.000025,1.044975,1.044975,1.016
2024-08-01,105.0,104.5,105.0,104.5,2,104.75,1.05,1.045,1.05,1.045,1.0475
2024-08-02,101.2425,101.2425,105.0,101.3,8,103.2819,1.0124250000000001,1.0124250000000001,1.05,1.013,1.032819
2024-08-05,102.0025,102.0025,109.0,103.5025,25,103.8255,1.020025,1.020025,1.09,1.035025,1.0382550000000001
2024-08-06,105.9975,102.5025,105.9975,105.495,11,105.1125,1.0599750000000001,1.025025,1.0599750000000001,1.05495,1.0511249999999999
2024-08-07,102.505,102.505,109.0,102.5075,14,105.0177,1.02505,1.02505,1.09,1.025075,1.0501770000000001
2024-08-08,102.5025,102.5,128.8375,109.4975,16,107.8944,1.025025,1.025,1.288375,1.094975,1.0789440000000001
2024-08-09,103.5025,103.5025,109.75,108.1975,10,108.2993,1.035025,1.035025,1.0975,1.0819750000000001,1.082993
2024-08-12,103.0025,103.0025,108.5,108.5,3,106.0,1.030025,1.030025,1.085,1.085,1.06
2024-08-13,102.6,102.6,108.9,103.7,8,104.3849,1.026,1.026,1.089,1.037,1.043849
2024-08-14,109.4975,103.0,109.4975,106.0,9,105.0207,1.094975,1.03,1.094975,1.06,1.0502070000000001
2024-08-15,104.0,103.7,108.0,103.7,4,104.5671,1.04,1.037,1.08,1.037,1.045671
2024-08-16,109.3975,104.0,109.4,104.0,3,109.1427,1.093975,1.04,1.094,1.04,1.0914270000000001
2024-08-19,104.2525,102.0,104.2525,102.0,6,103.6011,1.042525,1.02,1.042525,1.02,1.036011
2024-08-20,106.8975,102.5075,108.0,107.5,11,105.9633,1.068975,1.025075,1.08,1.075,1.059633
2024-08-21,102.01,102.0025,106.8975,106.7,6,105.3203,1.0201,1.020025,1.068975,1.067,1.0532030000000001
2024-08-22,102.5,102.5,107.9975,103.2525,14,104.1043,1.025,1.025,1.0799750000000001,1.032525,1.041043
2024-08-23,107.9975,107.995,107.9975,107.995,4,107.9963,1.0799750000000001,1.07995,1.0799750000000001,1.07995,1.079963
2024-08-26,107.9975,103.3,110.0,103.3,9,107.8063,1.0799750000000001,1.033,1.1,1.033,1.078063
2024-08-27,108.0,103.0025,108.0,107.0,12,103.9013,1.08,1.030025,1.08,1.07,1.039013
2024-08-28,103.2025,103.2025,107.0,104.0,5,105.0405,1.032025,1.032025,1.07,1.04,1.050405
2024-08-29,105.0,103.305,105.0,103.305,3,104.435,1.05,1.03305,1.05,1.03305,1.0443500000000001
2024-08-30,104.5,103.1,104.5,104.5,8,104.3166,1.045,1.031,1.045,1.045,1.043166
2024-09-02,107.0,100.0,107.0,103.0025,6,106.5694,1.07,1.0,1.07,1.030025,1.065694
2024-09-03,106.6975,103.0,106.6975,103.2,9,103.5963,1.066975,1.03,1.066975,1.032,1.035963
2024-09-04,105.9975,102.5,105.9975,105.9975,3,103.0829,1.0599750000000001,1.025,1.0599750000000001,1.0599750000000001,1.030829
2024-09-05,100.0,100.0,105.9975,105.7975,4,103.1695,1.0,1.0,1.0599750000000001,1.0579749999999999,1.031695
2024-09-06,105.7975,101.5,105.7975,105.0,5,101.726,1.0579749999999999,1.015,1.0579749999999999,1.05,1.01726
2024-09-09,106.0,95.0025,106.4975,106.46,10,102.0425,1.06,0.950025,1.064975,1.0646,1.0204250000000001
2024-09-10,102.0,102.0,107.0,106.5,8,106.2638,1.02,1.02,1.07,1.065,1.062638
2024-09-11,105.9,105.9,107.0,107.0,6,106.8087,1.0590000000000002,1.0590000000000002,1.07,1.07,1.068087
2024-09-12,107.0,107.0,107.0,107.0,10,107.0,1.07,1.07,1.07,1.07,1.07
2024-09-13,108.0,100.0,110.0,100.005,29,108.336,1.08,1.0,1.1,1.0000499999999999,1.0833599999999999
2024-09-16,100.03,100.03,106.0,101.08,4,102.37,1.0003,1.0003,1.06,1.0108,1.0237
2024-09-17,107.0,101.01,107.0,106.0,3,104.67,1.07,1.0101,1.07,1.06,1.0467
2024-09-18,100.1,100.1,105.7,101.2,5,101.7029,1.001,1.001,1.057,1.012,1.017029
2024-09-19,108.5,101.25,109.0,109.0,13,104.6612,1.085,1.0125,1.09,1.09,1.0466119999999999
2024-09-20,101.1,101.0,108.5,102.5,15,102.3472,1.011,1.01,1.085,1.025,1.023472
2024-09-23,108.5,103.0025,108.5,105.0,9,104.3138,1.085,1.030025,1.085,1.05,1.043138
2024-09-24,105.0025,103.1,105.005,103.1,3,104.0519,1.050025,1.031,1.05005,1.031,1.040519
2024-09-25,105.0,102.0,105.0,102.0,5,103.8,1.05,1.02,1.05,1.02,1.038
2024-09-26,105.9,105.9,105.9,105.9,2,105.9,1.0590000000000002,1.0590000000000002,1.0590000000000002,1.0590000000000002,1.0590000000000002
2024-09-27,102.1,101.035,105.85,105.7,8,103.8481,1.021,1.0103499999999999,1.0585,1.057,1.038481
2024-09-30,101.3,101.3,108.0,105.5,13,104.1105,1.013,1.013,1.08,1.055,1.041105
2024-10-01,102.0,102.0,105.0,102.0,3,103.2857,1.02,1.02,1.05,1.02,1.0328570000000001
2024-10-02,104.0,102.0,105.4975,105.4975,6,103.9142,1.04,1.02,1.054975,1.054975,1.039142
2024-10-03,105.5,102.0,105.5,102.0,6,103.7333,1.055,1.02,1.055,1.02,1.037333
2024-10-04,105.0,103.0,105.0,103.0,2,104.0,1.05,1.03,1.05,1.03,1.04
2024-10-07,105.5,103.0,105.5,105.5,6,105.1429,1.055,1.03,1.055,1.055,1.051429
2024-10-08,105.5,103.0,105.5,105.2,5,103.1567,1.055,1.03,1.055,1.052,1.031567
2024-10-09,105.2,105.2,109.7,108.9,10,106.5571,1.052,1.052,1.097,1.089,1.065571
2024-10-10,102.0,102.0,108.7,102.6,10,103.816,1.02,1.02,1.087,1.026,1.03816
2024-10-11,107.0,102.7,108.7,102.7,17,106.9758,1.07,1.0270000000000001,1.087,1.0270000000000001,1.069758
2024-10-14,103.0,102.7,107.8,107.8,4,104.05,1.03,1.0270000000000001,1.078,1.078,1.0405
2024-10-15,106.0,104.0,107.5,107.5,5,106.0357,1.06,1.04,1.075,1.075,1.060357
2024-10-16,107.0,106.5,107.0,106.5,2,106.75,1.07,1.065,1.07,1.065,1.0675
2024-10-17,102.5,102.0,107.0,107.0,18,105.4731,1.025,1.02,1.07,1.07,1.054731
2024-10-18,107.0,102.2,107.0,106.9,6,105.4,1.07,1.022,1.07,1.069,1.054
2024-10-21,106.9,102.6,107.9,103.7,10,105.2071,1.069,1.026,1.079,1.037,1.052071
2024-10-22,103.3725,103.3725,103.3725,103.3725,1,103.3725,1.033725,1.033725,1.033725,1.033725,1.033725
2024-10-23,0.0,0.0,0.0,0.0,0,,0.0,0.0,0.0,0.0,
2024-10-24,106.74,101.5,107.0,105.0,14,104.923,1.0674,1.015,1.07,1.05,1.04923
2024-10-25,106.5,103.0,107.2,103.2,8,104.4667,1.065,1.03,1.072,1.032,1.044667
2024-10-28,107.0,103.1,107.0,103.1,2,105.7,1.07,1.031,1.07,1.031,1.057
2024-10-29,0.0,0.0,0.0,0.0,0,,0.0,0.0,0.0,0.0,
2024-10-30,0.0,0.0,0.0,0.0,0,,0.0,0.0,0.0,0.0,
2024-10-31,104.5,104.5,104.5,104.5,1,104.5,1.045,1.045,1.045,1.045,1.045
2024-11-01,104.5,104.5,108.0,105.2,9,105.75,1.045,1.045,1.08,1.052,1.0575
2024-11-02,105.0,105.0,108.5,108.5,2,106.1667,1.05,1.05,1.085,1.085,1.0616670000000001
2024-11-05,104.9,104.9,104.9,104.9,2,104.9,1.0490000000000002,1.0490000000000002,1.0490000000000002,1.0490000000000002,1.0490000000000002
2024-11-06,107.0,105.9,109.0,105.9,5,107.3857,1.07,1.0590000000000002,1.09,1.0590000000000002,1.073857
2024-11-07,110.0,105.0,110.0,109.5,10,106.3256,1.1,1.05,1.1,1.095,1.063256
2024-11-08,110.0,106.0,110.0,109.0,16,106.3956,1.1,1.06,1.1,1.09,1.0639560000000001
2024-11-11,108.0,105.1,108.0,105.1,9,106.4467,1.08,1.051,1.08,1.051,1.064467
2024-11-12,105.5,105.3,107.0,105.5,5,105.9333,1.055,1.053,1.07,1.055,1.059333
2024-11-13,110.0,105.6,110.0,105.6,4,107.725,1.1,1.056,1.1,1.056,1.07725
2024-11-14,105.8,105.8,110.0,106.0,6,107.8353,1.058,1.058,1.1,1.06,1.0783530000000001
2024-11-15,110.0,105.7,110.0,109.97,7,109.7306,1.1,1.057,1.1,1.0997,1.097306
2024-11-18,104.0,101.0,110.0,105.3075,28,107.6866,1.04,1.01,1.1,1.053075,1.0768659999999999
2024-11-19,107.5,105.4025,109.99,109.99,14,107.4267,1.075,1.054025,1.0998999999999999,1.0998999999999999,1.0742669999999999
2024-11-20,104.5,104.5,109.89,109.89,4,106.975,1.045,1.045,1.0989,1.0989,1.06975
2024-11-21,110.0,104.3,111.0,104.3,16,110.1012,1.1,1.043,1.11,1.043,1.101012
2024-11-22,109.0,106.0025,109.5,106.0025,4,108.5006,1.09,1.060025,1.095,1.060025,1.0850060000000001
2024-11-25,112.0,105.0025,112.0,105.405,7,107.1556,1.12,1.050025,1.12,1.05405,1.0715560000000002
2024-11-26,111.9975,105.5,111.9975,108.0,9,106.4435,1.119975,1.055,1.119975,1.08,1.064435
2024-11-27,105.6,104.0,114.9975,105.9025,29,106.3019,1.056,1.04,1.149975,1.059025,1.063019
2024-11-28,111.9975,106.1,111.9975,106.2025,24,107.6041,1.119975,1.061,1.119975,1.062025,1.076041
2024-11-29,115.0,104.2,115.0,106.5,14,110.4708,1.15,1.042,1.15,1.065,1.104708
2024-12-02,105.5025,105.0,110.0,105.5,18,105.8655,1.0550249999999999,1.05,1.1,1.055,1.058655
2024-12-03,108.0,85.0,108.0,107.9875,43,95.2623,1.08,0.85,1.08,1.079875,0.952623
2024-12-04,107.9975,96.0,108.0,102.1,9,107.5324,1.0799750000000001,0.96,1.08,1.021,1.075324
2024-12-05,103.0,96.0,107.5,107.5,15,105.1643,1.03,0.96,1.075,1.075,1.0516429999999999
2024-12-06,100.0,100.0,107.3975,103.4,5,104.1195,1.0,1.0,1.073975,1.034,1.041195
2024-12-09,107.5,101.5,107.5,107.4,5,106.1625,1.075,1.015,1.075,1.074,1.061625
2024-12-10,102.6225,102.6225,102.6225,102.6225,1,102.6225,1.026225,1.026225,1.026225,1.026225,1.026225
2024-12-11,108.0,100.0,110.0,107.0,21,104.7946,1.08,1.0,1.1,1.07,1.047946
2024-12-12,103.5125,103.4,106.0,106.0,6,104.0756,1.035125,1.034,1.06,1.06,1.040756
2024-12-13,108.0,103.1025,108.0,106.5,8,105.0875,1.08,1.031025,1.08,1.065,1.050875
2024-12-16,106.5,102.1,107.0,103.5,7,105.4803,1.065,1.021,1.07,1.035,1.054803
2024-12-17,103.5,103.0,109.0,109.0,12,106.8216,1.035,1.03,1.09,1.09,1.068216
2024-12-18,108.0,102.1125,108.9975,108.9975,8,107.6763,1.08,1.021125,1.089975,1.089975,1.076763
2024-12-19,103.3025,103.3025,108.0,103.7,4,105.1288,1.0330249999999999,1.0330249999999999,1.08,1.037,1.051288
2024-12-20,108.0,103.8025,108.9975,104.0,6,107.9241,1.08,1.038025,1.089975,1.04,1.079241
2024-12-23,104.0,104.0,108.0,105.0,7,104.532,1.04,1.04,1.08,1.05,1.04532
2024-12-24,109.0,104.1025,109.0,104.1025,10,105.341,1.09,1.041025,1.09,1.041025,1.05341
2024-12-25,104.21,104.21,107.7975,104.5025,9,105.619,1.0421,1.0421,1.077975,1.0450249999999999,1.05619
2024-12-26,104.505,95.0,104.6,104.6,20,100.847,1.04505,0.95,1.046,1.046,1.00847
2024-12-27,106.9975,102.2,106.9975,102.5025,12,104.7605,1.0699750000000001,1.022,1.0699750000000001,1.025025,1.047605
2024-12-28,102.1,102.1,106.9975,106.9975,4,103.5763,1.021,1.021,1.0699750000000001,1.0699750000000001,1.035763
2024-12-30,102.0,102.0,106.4975,106.4975,8,104.5236,1.02,1.02,1.064975,1.064975,1.045236
2025-01-03,102.0,102.0,106.9975,102.98,6,104.8889,1.02,1.02,1.0699750000000001,1.0298,1.048889
2025-01-06,107.0,102.5,107.0,105.2,7,104.6143,1.07,1.025,1.07,1.052,1.046143
2025-01-08,102.0,102.0,106.9975,106.7,10,104.9384,1.02,1.02,1.0699750000000001,1.067,1.049384
2025-01-09,102.1,102.1,107.0,102.5125,4,104.6531,1.021,1.021,1.07,1.025125,1.0465309999999999
2025-01-10,102.7,102.7,106.5,103.0,5,104.4667,1.0270000000000001,1.0270000000000001,1.065,1.03,1.044667
2025-01-13,104.0,102.1,105.8875,105.8,13,103.4988,1.04,1.021,1.058875,1.058,1.034988
2025-01-14,101.21,101.21,105.7975,105.7975,9,104.1025,1.0121,1.0121,1.0579749999999999,1.0579749999999999,1.041025
2025-01-15,102.52,102.52,106.0,102.92,13,104.2382,1.0252,1.0252,1.06,1.0292000000000001,1.0423820000000001
2025-01-16,106.2,102.53,106.2,105.9,18,105.2195,1.062,1.0253,1.062,1.0590000000000002,1.052195
2025-01-17,105.0,102.51,106.0,106.0,5,104.1275,1.05,1.0251000000000001,1.06,1.06,1.041275
2025-01-20,103.1,103.1,110.0,103.65,23,106.9574,1.031,1.031,1.1,1.0365,1.069574
2025-01-21,103.655,102.0,105.2,103.1,19,103.114,1.03655,1.02,1.052,1.031,1.03114
2025-01-22,0.0,0.0,0.0,0.0,0,,0.0,0.0,0.0,0.0,
2025-01-23,102.1,101.0,104.1975,101.61,14,103.222,1.021,1.01,1.041975,1.0161,1.03222
2025-01-24,103.9,102.0,106.0,106.0,14,103.8536,1.0390000000000001,1.02,1.06,1.06,1.038536
2025-01-27,102.0,101.5,106.9975,106.9975,18,105.2526,1.02,1.015,1.0699750000000001,1.0699750000000001,1.052526
2025-01-28,102.7225,102.7225,102.9225,102.92,5,102.8763,1.027225,1.027225,1.029225,1.0292000000000001,1.028763
2025-01-29,101.0,101.0,106.91,106.8975,8,104.1922,1.01,1.01,1.0691,1.068975,1.041922
2025-01-30,102.93,102.93,106.0,103.2,5,103.846,1.0293,1.0293,1.06,1.032,1.03846
2025-01-31,103.2,102.9,106.9975,103.0025,16,104.8397,1.032,1.0290000000000001,1.0699750000000001,1.030025,1.048397
2025-02-03,104.0,103.0,104.0,104.0,7,103.7368,1.04,1.03,1.04,1.04,1.037368
2025-02-04,105.9975,102.94,105.9975,103.0,10,103.3047,1.0599750000000001,1.0293999999999999,1.0599750000000001,1.03,1.033047
2025-02-05,105.9975,103.0,105.9975,105.5975,4,104.3988,1.0599750000000001,1.03,1.0599750000000001,1.0559749999999999,1.043988
2025-02-06,102.21,102.21,105.4975,105.4975,4,103.5544,1.0221,1.0221,1.054975,1.054975,1.035544
2025-02-07,102.0,102.0,105.3975,103.1,5,103.6295,1.02,1.02,1.0539749999999999,1.031,1.036295
2025-02-10,102.0,102.0,106.5,102.55,6,104.0345,1.02,1.02,1.065,1.0255,1.0403449999999999
2025-02-11,105.4975,102.6025,108.5,104.0,28,106.6625,1.054975,1.026025,1.085,1.04,1.066625
2025-02-12,103.4,103.21,107.2975,103.215,14,103.5036,1.034,1.0321,1.072975,1.0321500000000001,1.035036
2025-02-13,97.0,97.0,108.0,106.2975,15,103.2964,0.97,0.97,1.08,1.062975,1.032964
2025-02-14,103.0,103.0,106.005,106.005,6,104.5692,1.03,1.03,1.06005,1.06005,1.0456919999999998
2025-02-17,103.1,102.71,105.9975,105.9975,17,105.3502,1.031,1.0271,1.0599750000000001,1.0599750000000001,1.053502
2025-02-18,106.0,104.0,106.0,105.8,9,104.5138,1.06,1.04,1.06,1.058,1.0451380000000001
2025-02-19,104.3,103.5,104.3,103.5,3,104.0417,1.043,1.035,1.043,1.035,1.0404170000000001
2025-02-20,103.0025,103.0025,105.6,105.6,9,104.6803,1.030025,1.030025,1.056,1.056,1.046803
2025-02-21,102.0,102.0,105.76,105.76,10,104.8463,1.02,1.02,1.0576,1.0576,1.048463
2025-02-24,103.1,103.0025,105.6,105.3975,16,104.0192,1.031,1.030025,1.056,1.0539749999999999,1.040192
2025-02-25,105.0,102.5,105.7,102.7025,11,104.3752,1.05,1.025,1.057,1.027025,1.043752
2025-02-26,105.2,102.0075,105.83,105.3,13,104.8328,1.052,1.0200749999999998,1.0583,1.053,1.0483280000000001
2025-02-27,105.7975,103.1025,105.7975,105.2975,8,104.7331,1.0579749999999999,1.031025,1.0579749999999999,1.052975,1.047331
2025-02-28,105.4,102.0025,105.49,102.0025,14,104.1383,1.054,1.020025,1.0549,1.020025,1.041383
2025-03-03,102.0025,96.0,108.9975,102.6,14,102.2897,1.020025,0.96,1.089975,1.026,1.022897
2025-03-04,102.6,102.6,104.7,104.5,4,103.78,1.026,1.026,1.047,1.045,1.0378
2025-03-05,103.0,102.2,104.3975,104.3975,9,103.5246,1.03,1.022,1.0439749999999999,1.0439749999999999,1.035246
2025-03-06,100.2,100.2,104.5,102.0,7,102.1227,1.002,1.002,1.045,1.02,1.0212269999999999
2025-03-07,103.9,103.9,105.0,105.0,3,104.2667,1.0390000000000001,1.0390000000000001,1.05,1.05,1.042667
2025-03-10,104.45,101.5,104.45,104.1975,4,104.0289,1.0445,1.015,1.0445,1.041975,1.040289
2025-03-11,97.0175,97.0175,104.0,100.0,11,98.4308,0.970175,0.970175,1.04,1.0,0.9843080000000001
2025-03-12,104.995,100.0,104.995,103.5,13,103.7597,1.04995,1.0,1.04995,1.035,1.0375969999999999
2025-03-13,100.0025,97.06,103.885,97.0725,12,100.1223,1.000025,0.9706,1.03885,0.9707250000000001,1.001223
2025-03-14,108.8975,97.055,108.8975,98.0,14,101.9602,1.088975,0.97055,1.088975,0.98,1.019602
2025-03-17,100.0,100.0,103.3,103.0,5,101.86,1.0,1.0,1.033,1.03,1.0186
2025-03-18,98.0,98.0,102.5,102.5,4,99.875,0.98,0.98,1.025,1.025,0.99875
2025-03-19,102.5,98.005,102.9,102.0,13,98.8346,1.025,0.98005,1.0290000000000001,1.02,0.988346
2025-03-20,99.1,99.1,102.0,102.0,4,100.3517,0.991,0.991,1.02,1.02,1.003517
2025-03-21,99.1,99.1,102.5,99.2025,12,100.3877,0.991,0.991,1.025,0.992025,1.003877
2025-03-24,99.1,99.1,102.9975,99.2025,6,100.9667,0.991,0.991,1.029975,0.992025,1.009667
2025-03-25,101.9975,99.1025,101.9975,101.5,9,101.0098,1.019975,0.991025,1.019975,1.015,1.010098
2025-03-26,102.5,99.1025,102.5,99.1025,4,100.1378,1.025,0.991025,1.025,0.991025,1.0013779999999999
2025-03-27,99.5,99.1,99.5,99.1,3,99.3,0.995,0.991,0.995,0.991,0.993
2025-03-28,99.1,99.1,99.7,99.1,3,99.1194,0.991,0.991,0.997,0.991,0.991194
2025-03-31,99.0,98.6075,99.0,98.6075,6,98.8318,0.99,0.986075,0.99,0.986075,0.988318
2025-04-01,98.6,98.6,98.8,98.6,7,98.601,0.986,0.986,0.988,0.986,0.9860099999999999
2025-04-02,98.9,98.6,98.9,98.6,3,98.8,0.9890000000000001,0.986,0.9890000000000001,0.986,0.988
2025-04-03,99.9,98.9,99.9,98.9,4,98.9288,0.9990000000000001,0.9890000000000001,0.9990000000000001,0.9890000000000001,0.989288
2025-04-04,102.9775,98.075,102.9775,99.9,3,100.1088,1.029775,0.98075,1.029775,0.9990000000000001,1.001088
2025-04-07,99.8,99.8,100.0,100.0,6,99.802,0.998,0.998,1.0,1.0,0.99802
2025-04-08,98.0425,98.0425,98.0425,98.0425,1,98.0425,0.980425,0.980425,0.980425,0.980425,0.980425
2025-04-09,102.9975,98.0425,102.9975,98.0425,5,98.5713,1.029975,0.980425,1.029975,0.980425,0.985713
2025-04-10,0.0,0.0,0.0,0.0,0,,0.0,0.0,0.0,0.0,
2025-04-11,98.85,98.85,98.85,98.85,4,98.85,0.9884999999999999,0.9884999999999999,0.9884999999999999,0.9884999999999999,0.9884999999999999
2025-04-14,99.5,98.0,99.5,98.0,2,98.75,0.995,0.98,0.995,0.98,0.9875
2025-04-15,98.0,97.75,98.0,97.75,4,97.8438,0.98,0.9775,0.98,0.9775,0.978438
2025-04-16,95.0,95.0,99.0,98.0,5,97.6,0.95,0.95,0.99,0.98,0.976
2025-04-17,0.0,0.0,0.0,0.0,0,,0.0,0.0,0.0,0.0,
2025-04-18,99.0,99.0,99.0,99.0,7,99.0,0.99,0.99,0.99,0.99,0.99
2025-04-21,93.2,93.2,95.0,95.0,2,93.38,0.932,0.932,0.95,0.95,0.9338
2025-04-22,95.0,95.0,100.4,95.0,6,96.2333,0.95,0.95,1.004,0.95,0.962333
2025-04-23,98.0,98.0,98.0,98.0,2,98.0,0.98,0.98,0.98,0.98,0.98
2025-04-24,98.0,98.0,98.0,98.0,3,98.0,0.98,0.98,0.98,0.98,0.98
2025-04-25,0.0,0.0,0.0,0.0,0,,0.0,0.0,0.0,0.0,
2025-04-28,93.2,93.01,100.495,97.8,6,95.9196,0.932,0.9301,1.00495,0.978,0.959196
2025-04-29,97.9975,95.0025,98.0,95.0025,4,96.5006,0.979975,0.950025,0.98,0.950025,0.965006
2025-04-30,99.4975,99.4975,99.4975,99.4975,1,99.4975,0.994975,0.994975,0.994975,0.994975,0.994975
2025-05-02,93.1025,93.1025,99.5,99.4,6,98.5923,0.9310250000000001,0.9310250000000001,0.995,0.9940000000000001,0.985923
2025-05-05,93.2025,93.2025,93.4,93.4,3,93.3506,0.932025,0.932025,0.934,0.934,0.933506
2025-05-06,100.0,100.0,100.0,100.0,1,100.0,1.0,1.0,1.0,1.0,1.0
2025-05-07,99.9875,99.9875,99.9875,99.9875,1,99.9875,0.999875,0.999875,0.999875,0.999875,0.999875
2025-05-08,99.985,94.0025,99.985,99.985,4,98.4894,0.99985,0.940025,0.99985,0.99985,0.984894
2025-05-12,94.01,81.15,97.5,91.5,16,93.8339,0.9401,0.8115000000000001,0.975,0.915,0.938339
2025-05-13,91.5,91.0,96.9975,91.5,10,93.8888,0.915,0.91,0.969975,0.915,0.9388880000000001
2025-05-14,95.4,95.0,95.4,95.0,4,95.1,0.9540000000000001,0.95,0.9540000000000001,0.95,0.951
2025-05-15,91.5025,91.5025,94.9975,94.9975,2,93.25,0.915025,0.915025,0.949975,0.949975,0.9325
2025-05-16,94.9975,91.0025,98.0,97.97,11,95.2569,0.949975,0.910025,0.98,0.9797,0.952569
2025-05-19,95.0,95.0,95.0,95.0,1,95.0,0.95,0.95,0.95,0.95,0.95
2025-05-20,90.0,90.0,94.0,93.5,5,93.0,0.9,0.9,0.94,0.935,0.93
2025-05-21,96.0,94.9,96.0,94.9,2,95.45,0.96,0.9490000000000001,0.96,0.9490000000000001,0.9545
2025-05-22,90.0,90.0,94.9975,94.9975,2,92.4988,0.9,0.9,0.949975,0.949975,0.924988
2025-05-23,91.0025,91.0025,95.9975,95.9975,8,93.6679,0.910025,0.910025,0.959975,0.959975,0.936679
2025-05-26,92.0,92.0,92.0,92.0,3,92.0,0.92,0.92,0.92,0.92,0.92
2025-05-27,0.0,0.0,0.0,0.0,0,,0.0,0.0,0.0,0.0,
2025-05-28,94.8975,93.5,94.8975,94.0,10,94.0164,0.9489749999999999,0.935,0.9489749999999999,0.94,0.940164
2025-05-29,93.99,93.99,93.99,93.99,1,93.99,0.9399,0.9399,0.9399,0.9399,0.9399
2025-05-30,91.0,88.4,91.0,90.75,6,89.9412,0.91,0.884,0.91,0.9075,0.899412
2025-06-02,89.0,89.0,91.0,91.0,6,90.0154,0.89,0.89,0.91,0.91,0.900154
2025-06-03,89.0,89.0,90.25,89.55,5,90.2242,0.89,0.89,0.9025,0.8955,0.902242
2025-06-04,90.5,89.55,91.0,90.9,7,90.9425,0.905,0.8955,0.91,0.909,0.9094249999999999
2025-06-05,93.98,90.0,93.98,90.0,7,91.7635,0.9398000000000001,0.9,0.9398000000000001,0.9,0.917635
2025-06-06,90.0,90.0,91.0,91.0,3,90.6667,0.9,0.9,0.91,0.91,0.9066670000000001
2025-06-09,91.25,91.0,91.25,91.0,19,91.0881,0.9125,0.91,0.9125,0.91,0.9108809999999999
2025-06-10,90.5,90.5,91.49,91.0,5,90.9862,0.905,0.905,0.9148999999999999,0.91,0.909862
2025-06-11,90.5,90.25,92.005,92.0,14,90.7436,0.905,0.9025,0.9200499999999999,0.92,0.907436
2025-06-13,90.25,90.25,93.975,93.975,2,91.4917,0.9025,0.9025,0.93975,0.93975,0.914917
2025-06-16,92.9975,90.5025,92.9975,92.9975,3,92.3738,0.929975,0.905025,0.929975,0.929975,0.9237380000000001
2025-06-17,93.9475,90.7525,93.9475,90.7525,10,93.2522,0.9394750000000001,0.907525,0.9394750000000001,0.907525,0.9325220000000001
2025-06-18,92.0,90.5,92.0,91.99,7,90.5332,0.92,0.905,0.92,0.9198999999999999,0.9053319999999999
2025-06-19,90.5,90.4,92.99,92.99,4,90.4147,0.905,0.904,0.9299,0.9299,0.9041469999999999
2025-06-20,0.0,0.0,0.0,0.0,0,,0.0,0.0,0.0,0.0,
2025-06-23,90.51,80.0,92.995,92.99,10,89.5616,0.9051,0.8,0.92995,0.9299,0.895616
2025-06-24,91.0,91.0,91.0,91.0,1,91.0,0.91,0.91,0.91,0.91,0.91
2025-06-25,92.99,91.0,92.99,92.98,3,92.4875,0.9299,0.91,0.9299,0.9298000000000001,0.924875
2025-06-26,90.0,90.0,90.0,90.0,7,90.0,0.9,0.9,0.9,0.9,0.9
2025-06-27,91.0,90.0,91.0,90.0,6,90.0174,0.91,0.9,0.91,0.9,0.9001739999999999
2025-06-30,90.99,90.99,90.99,90.99,1,90.99,0.9098999999999999,0.9098999999999999,0.9098999999999999,0.9098999999999999,0.9098999999999999
2025-07-01,90.0,78.0525,90.49,90.49,15,85.4689,0.9,0.7805249999999999,0.9048999999999999,0.9048999999999999,0.854689
2025-07-02,87.5,87.5,90.2475,89.0,8,89.3177,0.875,0.875,0.902475,0.89,0.893177
2025-07-03,90.05,90.05,90.8,90.5,10,90.3339,0.9005,0.9005,0.9079999999999999,0.905,0.903339
2025-07-04,90.7925,87.5025,90.7925,89.0025,5,89.099,0.9079250000000001,0.8750249999999999,0.9079250000000001,0.890025,0.8909900000000001
2025-07-07,89.01,89.01,90.5,90.0,5,90.4616,0.8901,0.8901,0.905,0.9,0.9046160000000001
2025-07-08,0.0,0.0,0.0,0.0,0,,0.0,0.0,0.0,0.0,
2025-07-09,90.97,88.0,90.97,90.97,3,90.673,0.9097,0.88,0.9097,0.9097,0.90673
2025-07-10,90.555,87.5,90.97,88.0025,10,88.9005,0.9055500000000001,0.875,0.9097,0.880025,0.8890049999999999
2025-07-11,88.0,88.0,88.0,88.0,1,88.0,0.88,0.88,0.88,0.88,0.88
2025-07-14,88.25,88.25,92.9275,92.9275,2,90.5888,0.8825,0.8825,0.929275,0.929275,0.905888
2025-07-15,0.0,0.0,0.0,0.0,0,,0.0,0.0,0.0,0.0,
2025-07-16,0.0,0.0,0.0,0.0,0,,0.0,0.0,0.0,0.0,
2025-07-17,88.0,80.0,92.4925,89.0,15,86.0097,0.88,0.8,0.9249250000000001,0.89,0.860097
2025-07-18,90.0,88.5025,92.9,88.5025,14,91.7051,0.9,0.885025,0.929,0.885025,0.9170510000000001
2025-07-21,92.9,92.9,96.0,92.9,5,93.2875,0.929,0.929,0.96,0.929,0.9328749999999999
2025-07-22,92.0,88.0,92.0,89.0,7,89.549,0.92,0.88,0.92,0.89,0.8954900000000001
2025-07-23,89.2,89.2,89.2,89.2,1,89.2,0.892,0.892,0.892,0.892,0.892
2025-07-24,89.5,89.5,92.0,92.0,3,89.8571,0.895,0.895,0.92,0.92,0.898571
2025-07-25,89.5,89.5,92.0,92.0,2,90.75,0.895,0.895,0.92,0.92,0.9075
2025-07-28,89.5,89.5,92.0,92.0,2,90.3333,0.895,0.895,0.92,0.92,0.9033329999999999
2025-07-29,93.0,89.7,93.0,92.5,5,91.0741,0.93,0.897,0.93,0.925,0.910741
2025-07-30,89.7025,89.7,89.7025,89.7,4,89.7003,0.897025,0.897,0.897025,0.897,0.897003
2025-07-31,92.0,92.0,92.0,92.0,1,92.0,0.92,0.92,0.92,0.92,0.92
2025-08-01,89.7,89.7,91.9975,91.9975,4,89.7999,0.897,0.897,0.919975,0.919975,0.897999
2025-08-04,89.7,89.7,91.9875,89.7,3,90.0268,0.897,0.897,0.919875,0.897,0.900268
2025-08-05,91.97,91.75,91.97,91.75,3,91.8933,0.9197,0.9175,0.9197,0.9175,0.918933
2025-08-06,91.75,91.75,91.75,91.75,1,91.75,0.9175,0.9175,0.9175,0.9175,0.9175
2025-08-07,91.75,90.0,92.0,90.0,10,91.611,0.9175,0.9,0.92,0.9,0.9161100000000001
2025-08-08,92.0,92.0,92.0,92.0,2,92.0,0.92,0.92,0.92,0.92,0.92
2025-08-11,92.0,89.7,92.0,89.7,4,90.85,0.92,0.897,0.92,0.897,0.9085
2025-08-12,89.71,89.71,97.0,95.8,9,93.3181,0.8970999999999999,0.8970999999999999,0.97,0.958,0.933181
2025-08-13,89.71,89.71,99.0,97.8,7,92.0711,0.8970999999999999,0.8970999999999999,0.99,0.978,0.9207110000000001
2025-08-14,97.0,91.0,97.0,91.0,5,93.8,0.97,0.91,0.97,0.91,0.938
2025-08-15,97.7975,92.0,97.7975,92.0,3,95.5992,0.977975,0.92,0.977975,0.92,0.955992
2025-08-18,95.8,92.515,95.8,92.515,2,95.5014,0.958,0.92515,0.958,0.92515,0.955014
2025-08-19,95.8,91.0025,95.8,95.79,7,95.5256,0.958,0.910025,0.958,0.9579000000000001,0.955256
2025-08-20,95.8,92.0075,95.8,92.1,5,92.3811,0.958,0.920075,0.958,0.9209999999999999,0.923811
2025-08-21,95.7975,95.7975,95.7975,95.7975,1,95.7975,0.957975,0.957975,0.957975,0.957975,0.957975
2025-08-22,95.7975,95.7975,95.8,95.8,2,95.7988,0.957975,0.957975,0.958,0.958,0.957988
2025-08-25,94.8,94.8,94.8,94.8,1,94.8,0.948,0.948,0.948,0.948,0.948
2025-08-26,92.1,91.02,95.79,92.005,5,93.341,0.9209999999999999,0.9102,0.9579000000000001,0.9200499999999999,0.93341
2025-08-27,95.8,95.8,95.8,95.8,1,95.8,0.958,0.958,0.958,0.958,0.958
2025-08-28,95.8,91.035,95.8,91.035,4,95.5022,0.958,0.91035,0.958,0.91035,0.955022
2025-08-29,95.745,95.745,95.745,95.745,1,95.745,0.95745,0.95745,0.95745,0.95745,0.95745
2025-09-01,92.0,92.0,95.7,95.7,2,92.3364,0.92,0.92,0.9570000000000001,0.9570000000000001,0.923364
2025-09-02,95.8,95.8,95.8,95.8,1,95.8,0.958,0.958,0.958,0.958,0.958
2025-09-03,92.0225,92.015,95.595,92.02,6,93.0903,0.920225,0.92015,0.95595,0.9201999999999999,0.930903
2025-09-04,93.0,93.0,93.0,93.0,1,93.0,0.93,0.93,0.93,0.93,0.93
2025-09-05,0.0,0.0,0.0,0.0,0,,0.0,0.0,0.0,0.0,
2025-09-08,95.77,93.7,95.77,95.765,3,95.0783,0.9577,0.937,0.9577,0.95765,0.9507829999999999
2025-09-09,91.05,91.05,97.2,95.5,23,93.9461,0.9105,0.9105,0.972,0.955,0.939461
2025-09-10,92.755,92.755,95.5,95.5,2,95.1079,0.92755,0.92755,0.955,0.955,0.951079
2025-09-11,95.5025,93.0,95.5025,93.1,7,94.4168,0.955025,0.93,0.955025,0.9309999999999999,0.9441679999999999
2025-09-12,94.4,94.4,97.2,94.4,11,95.8905,0.9440000000000001,0.9440000000000001,0.972,0.9440000000000001,0.958905
2025-09-15,93.39,93.39,93.39,93.39,1,93.39,0.9339,0.9339,0.9339,0.9339,0.9339
2025-09-16,93.4,93.4,93.7,93.7,4,93.6975,0.934,0.934,0.937,0.937,0.936975
2025-09-17,96.405,96.405,96.96,96.96,10,96.8557,0.96405,0.96405,0.9695999999999999,0.9695999999999999,0.968557
2025-09-18,93.39,93.39,94.49,94.49,5,93.5733,0.9339,0.9339,0.9449,0.9449,0.935733
2025-09-19,0.0,0.0,0.0,0.0,0,,0.0,0.0,0.0,0.0,
2025-09-22,95.95,94.49,96.0,94.49,4,95.4883,0.9595,0.9449,0.96,0.9449,0.9548829999999999
2025-09-23,96.0,96.0,96.0,96.0,1,96.0,0.96,0.96,0.96,0.96,0.96
2025-09-24,96.0,96.0,96.0,96.0,3,96.0,0.96,0.96,0.96,0.96,0.96
2025-09-25,0.0,0.0,0.0,0.0,0,,0.0,0.0,0.0,0.0,
2025-09-26,0.0,0.0,0.0,0.0,0,,0.0,0.0,0.0,0.0,
2025-09-29,96.0,96.0,96.0,96.0,1,96.0,0.96,0.96,0.96,0.96,0.96
2025-09-30,94.49,94.49,95.0,94.49,5,94.5106,0.9449,0.9449,0.95,0.9449,0.945106
2025-10-01,94.49,94.0,94.49,94.0,2,94.098,0.9449,0.94,0.9449,0.94,0.94098
2025-10-02,96.96,94.0,97.0,97.0,8,95.9867,0.9695999999999999,0.94,0.97,0.97,0.959867
2025-10-03,0.0,0.0,0.0,0.0,0,,0.0,0.0,0.0,0.0,
2025-10-06,94.0,94.0,96.96,96.96,2,94.9867,0.94,0.94,0.9695999999999999,0.9695999999999999,0.949867
2025-10-07,94.5,93.5,96.0,96.0,3,94.6667,0.945,0.935,0.96,0.96,0.946667
2025-10-08,96.96,96.96,96.96,96.96,5,96.96,0.9695999999999999,0.9695999999999999,0.9695999999999999,0.9695999999999999,0.9695999999999999
2025-10-09,97.0,94.0,97.0,96.7,8,95.111,0.97,0.94,0.97,0.9670000000000001,0.95111
2025-10-10,94.04,94.04,94.04,94.04,1,94.04,0.9404,0.9404,0.9404,0.9404,0.9404
2025-10-13,94.4,94.01,96.0,94.01,5,94.57,0.9440000000000001,0.9401,0.96,0.9401,0.9457
2025-10-14,94.3,93.76,95.95,95.95,4,94.414,0.943,0.9376000000000001,0.9595,0.9595,0.94414
2025-10-15,95.95,93.76,95.95,95.95,3,95.22,0.9595,0.9376000000000001,0.9595,0.9595,0.9521999999999999
2025-10-16,95.95,95.95,95.95,95.95,2,95.95,0.9595,0.9595,0.9595,0.9595,0.9595
2025-10-17,96.0,94.49,96.69,94.49,8,95.5713,0.96,0.9449,0.9669,0.9449,0.9557129999999999
2025-10-20,96.69,94.49,96.69,94.49,6,96.3083,0.9669,0.9449,0.9669,0.9449,0.963083
2025-10-21,95.0,94.1,96.68,94.1,9,94.7478,0.95,0.941,0.9668000000000001,0.941,0.9474779999999999
2025-10-22,94.14,94.1,96.6775,94.1,7,94.8382,0.9414,0.941,0.9667749999999999,0.941,0.9483820000000001
2025-10-23,96.6,94.0,96.6,94.0,2,95.3,0.966,0.94,0.966,0.94,0.953
2025-10-24,94.1,94.1,96.0,94.2,4,95.075,0.941,0.941,0.96,0.9420000000000001,0.95075
2025-10-27,94.2,94.2,94.2,94.2,1,94.2,0.9420000000000001,0.9420000000000001,0.9420000000000001,0.9420000000000001,0.9420000000000001
2025-10-28,0.0,0.0,0.0,0.0,0,,0.0,0.0,0.0,0.0,
2025-10-29,0.0,0.0,0.0,0.0,0,,0.0,0.0,0.0,0.0,
2025-10-30,94.2,94.2,96.4,96.4,2,95.3,0.9420000000000001,0.9420000000000001,0.9640000000000001,0.9640000000000001,0.953
2025-10-31,94.1,93.63,96.3,96.3,9,94.3495,0.941,0.9362999999999999,0.963,0.963,0.9434950000000001
2025-11-01,94.005,94.005,96.195,94.105,4,94.6013,0.9400499999999999,0.9400499999999999,0.96195,0.94105,0.946013
2025-11-03,94.155,94.15,96.1,94.15,5,94.9871,0.94155,0.9415,0.961,0.9415,0.949871
2025-11-05,94.175,94.15,96.1875,96.1875,14,94.8383,0.94175,0.9415,0.961875,0.961875,0.9483830000000001
2025-11-06,94.155,94.155,96.1475,95.0,8,94.6434,0.94155,0.94155,0.961475,0.95,0.946434
2025-11-07,96.1,94.15,96.1,96.0,6,95.8108,0.961,0.9415,0.961,0.96,0.958108
2025-11-10,0.0,0.0,0.0,0.0,0,,0.0,0.0,0.0,0.0,
2025-11-11,95.995,94.25,96.69,94.25,12,95.5846,0.9599500000000001,0.9425,0.9669,0.9425,0.955846
2025-11-12,96.75,94.2525,96.75,94.2525,6,95.5013,0.9675,0.942525,0.9675,0.942525,0.955013
2025-11-13,94.3025,94.3,94.3025,94.3,4,94.301,0.943025,0.943,0.943025,0.943,0.94301
2025-11-14,96.0,96.0,96.0,96.0,2,96.0,0.96,0.96,0.96,0.96,0.96
2025-11-17,94.3,94.3,96.0,96.0,9,94.8124,0.943,0.943,0.96,0.96,0.948124
2025-11-18,95.0,94.25,96.0,94.25,5,94.901,0.95,0.9425,0.96,0.9425,0.9490099999999999
2025-11-19,94.15,94.15,95.9,95.9,3,94.5875,0.9415,0.9415,0.9590000000000001,0.9590000000000001,0.945875
2025-11-20,94.15,94.15,95.0,94.2,3,94.45,0.9415,0.9415,0.95,0.9420000000000001,0.9445
2025-11-21,95.8,94.2,95.8,94.4,6,94.9714,0.958,0.9420000000000001,0.958,0.9440000000000001,0.9497140000000001
2025-11-24,95.9975,94.005,95.9975,94.005,8,94.7196,0.959975,0.9400499999999999,0.959975,0.9400499999999999,0.947196
2025-11-25,0.0,0.0,0.0,0.0,0,,0.0,0.0,0.0,0.0,
2025-11-26,0.0,0.0,0.0,0.0,0,,0.0,0.0,0.0,0.0,
2025-11-27,94.2,94.2,95.7,95.7,4,94.95,0.9420000000000001,0.9420000000000001,0.9570000000000001,0.9570000000000001,0.9495
2025-11-28,94.005,93.95,95.7,93.95,4,94.4013,0.9400499999999999,0.9395,0.9570000000000001,0.9395,0.9440130000000001
2025-12-01,0.0,0.0,0.0,0.0,0,,0.0,0.0,0.0,0.0,
2025-12-02,94.9,93.95,98.89,93.95,36,95.428,0.9490000000000001,0.9395,0.9889,0.9395,0.95428
2025-12-03,93.9525,93.9525,93.9525,93.9525,1,93.9525,0.939525,0.939525,0.939525,0.939525,0.939525
2025-12-04,96.96,93.9525,96.96,93.96,5,95.4554,0.9695999999999999,0.939525,0.9695999999999999,0.9396,0.954554
2025-12-05,93.955,93.95,96.9475,96.9475,7,94.5183,0.93955,0.9395,0.9694750000000001,0.9694750000000001,0.945183
2025-12-08,96.0,94.1025,96.875,94.1025,5,95.9754,0.96,0.9410250000000001,0.96875,0.9410250000000001,0.9597539999999999
2025-12-09,96.9,94.1,96.9,96.0,3,95.6667,0.9690000000000001,0.941,0.9690000000000001,0.96,0.956667
2025-12-10,0.0,0.0,0.0,0.0,0,,0.0,0.0,0.0,0.0,
2025-12-11,95.5,95.5,95.5,95.5,1,95.5,0.955,0.955,0.955,0.955,0.955
2025-12-12,94.26,94.26,96.6725,96.6725,3,95.8675,0.9426000000000001,0.9426000000000001,0.966725,0.966725,0.958675
2025-12-15,96.675,93.95,110.0,99.0,59,96.086,0.96675,0.9395,1.1,0.99,0.9608599999999999
2025-12-16,95.01,93.95,97.9975,97.9975,17,94.2867,0.9501000000000001,0.9395,0.979975,0.979975,0.942867
2025-12-17,95.09,93.95,95.09,95.0,14,94.3584,0.9509000000000001,0.9395,0.9509000000000001,0.95,0.943584
2025-12-18,95.0,93.95,96.7975,93.97,14,93.9844,0.95,0.9395,0.967975,0.9397,0.9398439999999999
2025-12-19,0.0,0.0,0.0,0.0,0,,0.0,0.0,0.0,0.0,
2025-12-22,96.7975,93.97,96.8,93.9725,25,95.2466,0.967975,0.9397,0.968,0.9397249999999999,0.952466
2025-12-23,93.985,93.9725,93.985,93.9725,6,93.9831,0.93985,0.9397249999999999,0.93985,0.9397249999999999,0.939831
2025-12-24,94.0,94.0,96.7875,94.0,4,94.4646,0.94,0.94,0.9678749999999999,0.94,0.9446460000000001
2025-12-25,93.9725,93.9725,98.7,98.7,16,98.4626,0.9397249999999999,0.9397249999999999,0.987,0.987,0.984626
2025-12-26,94.0,93.5,96.7,93.5,16,93.593,0.94,0.935,0.9670000000000001,0.935,0.93593
2025-12-29,93.6,92.8,93.6,92.8,6,92.9323,0.9359999999999999,0.9279999999999999,0.9359999999999999,0.9279999999999999,0.929323
2025-12-30,91.0025,91.0025,91.5,91.5,9,91.1873,0.910025,0.910025,0.915,0.915,0.9118729999999999
2026-01-05,90.0,90.0,93.5,93.0,13,90.594,0.9,0.9,0.935,0.93,0.90594
2026-01-06,94.2,89.0,94.9,90.0,5,93.6222,0.9420000000000001,0.89,0.9490000000000001,0.9,0.9362220000000001
2026-01-08,90.0,89.1,93.0,93.0,5,90.0111,0.9,0.8909999999999999,0.93,0.93,0.900111
2026-01-09,89.0,89.0,92.8,92.8,5,91.6444,0.89,0.89,0.9279999999999999,0.9279999999999999,0.916444
2026-01-12,92.8,89.0,92.8,89.0,14,89.0866,0.9279999999999999,0.89,0.9279999999999999,0.89,0.890866
2026-01-13,89.0,87.5025,90.1,88.0,10,88.4942,0.89,0.8750249999999999,0.9009999999999999,0.88,0.8849420000000001
2026-01-14,88.0,88.0,90.5,89.5,13,90.1006,0.88,0.88,0.905,0.895,0.901006
2026-01-15,89.4,87.5025,89.5,89.5,4,89.1588,0.894,0.8750249999999999,0.895,0.895,0.891588
2026-01-16,89.5,84.0,93.8,88.9,20,87.2451,0.895,0.84,0.938,0.889,0.872451
2026-01-19,89.3975,89.0,89.3975,89.0,12,89.0674,0.893975,0.89,0.893975,0.89,0.8906740000000001
2026-01-20,89.0,88.1,89.0,88.7,8,88.7276,0.89,0.8809999999999999,0.89,0.887,0.887276
2026-01-21,88.2,88.1,89.0,89.0,6,88.4029,0.882,0.8809999999999999,0.89,0.89,0.8840290000000001
2026-01-22,89.0,88.2,89.0,88.2,4,88.725,0.89,0.882,0.89,0.882,0.88725
2026-01-23,89.3975,88.0,89.3975,88.0,7,88.4497,0.893975,0.88,0.893975,0.88,0.8844970000000001
2026-01-26,88.0,87.5,88.0,88.0,8,87.9881,0.88,0.875,0.88,0.88,0.879881
2026-01-27,87.5,86.56,87.5,87.0,12,87.1748,0.875,0.8656,0.875,0.87,0.8717480000000001
2026-01-28,87.3975,87.0025,87.5,87.0025,6,87.4143,0.873975,0.8700249999999999,0.875,0.8700249999999999,0.874143
2026-01-29,85.6,85.6,85.6,85.6,1,85.6,0.856,0.856,0.856,0.856,0.856
2026-01-30,89.3975,85.1,89.3975,86.95,6,86.893,0.893975,0.851,0.893975,0.8695,0.86893
2026-02-02,88.25,88.25,88.25,88.25,1,88.25,0.8825,0.8825,0.8825,0.8825,0.8825
2026-02-03,89.395,86.6,89.395,88.25,8,87.3366,0.8939499999999999,0.866,0.8939499999999999,0.8825,0.8733660000000001
2026-02-04,86.9,86.9,88.66,88.66,3,86.9463,0.8690000000000001,0.8690000000000001,0.8865999999999999,0.8865999999999999,0.869463
2026-02-05,88.66,86.9,88.66,86.9,8,87.72,0.8865999999999999,0.8690000000000001,0.8865999999999999,0.8690000000000001,0.8772
2026-02-06,86.9,86.9,87.74,86.9,4,87.11,0.8690000000000001,0.8690000000000001,0.8774,0.8690000000000001,0.8711
2026-02-09,89.3975,88.51,89.3975,88.51,5,88.6915,0.893975,0.8851,0.893975,0.8851,0.886915
2026-02-10,86.9,86.9,88.51,86.9,3,87.0073,0.8690000000000001,0.8690000000000001,0.8851,0.8690000000000001,0.870073
2026-02-11,0.0,0.0,0.0,0.0,0,,0.0,0.0,0.0,0.0,
2026-02-12,88.66,88.0,88.66,88.4,6,88.379,0.8865999999999999,0.88,0.8865999999999999,0.884,0.8837900000000001
2026-02-13,86.9,86.9,88.16,88.16,4,88.1563,0.8690000000000001,0.8690000000000001,0.8815999999999999,0.8815999999999999,0.881563
2026-02-16,87.31,87.31,87.39,87.39,4,87.3898,0.8731,0.8731,0.8739,0.8739,0.873898
2026-02-17,87.77,87.4,87.77,87.4,3,87.6467,0.8776999999999999,0.8740000000000001,0.8776999999999999,0.8740000000000001,0.876467
2026-02-18,86.9,86.9,86.9,86.9,2,86.9,0.8690000000000001,0.8690000000000001,0.8690000000000001,0.8690000000000001,0.8690000000000001
2026-02-19,87.62,86.5,87.62,86.5,2,87.6088,0.8762000000000001,0.865,0.8762000000000001,0.865,0.876088
2026-02-20,87.53,87.53,87.7,87.54,4,87.5688,0.8753,0.8753,0.877,0.8754000000000001,0.8756879999999999
2026-02-24,86.5,86.0,87.28,86.0,5,86.2527,0.865,0.86,0.8728,0.86,0.862527
2026-02-25,87.2,86.0,87.2,87.2,6,87.1978,0.872,0.86,0.872,0.872,0.871978
2026-02-26,86.5,86.5,88.31,88.31,3,87.946,0.865,0.865,0.8831,0.8831,0.87946
2026-02-27,86.6,86.6,88.53,88.53,4,87.9468,0.866,0.866,0.8853,0.8853,0.8794679999999999
2026-03-02,0.0,0.0,0.0,0.0,0,,0.0,0.0,0.0,0.0,
2026-03-03,87.6,86.7,87.6,87.6,5,87.42,0.8759999999999999,0.867,0.8759999999999999,0.8759999999999999,0.8742
2026-03-04,87.6,86.4225,88.49,86.4225,4,87.307,0.8759999999999999,0.864225,0.8848999999999999,0.864225,0.87307
2026-03-05,88.52,86.4225,88.53,88.53,9,88.3716,0.8852,0.864225,0.8853,0.8853,0.8837160000000001
2026-03-06,88.52,88.52,88.52,88.52,3,88.52,0.8852,0.8852,0.8852,0.8852,0.8852
2026-03-09,86.4225,86.4225,89.8,89.75,5,87.6389,0.864225,0.864225,0.898,0.8975,0.8763890000000001
2026-03-10,86.5,86.5,89.6975,89.6975,8,88.2623,0.865,0.865,0.8969750000000001,0.8969750000000001,0.8826229999999999
2026-03-11,86.5,86.5,87.61,87.61,3,86.9176,0.865,0.865,0.8761,0.8761,0.869176
2026-03-12,87.6,87.6,87.6,87.6,1,87.6,0.8759999999999999,0.8759999999999999,0.8759999999999999,0.8759999999999999,0.8759999999999999
2026-03-13,86.4,86.4,89.0,86.4,6,87.4316,0.8640000000000001,0.8640000000000001,0.89,0.8640000000000001,0.874316
2026-03-16,85.0,85.0,89.0,89.0,6,88.8069,0.85,0.85,0.89,0.89,0.888069
2026-03-17,89.63,89.63,89.99,89.99,10,89.6655,0.8963,0.8963,0.8998999999999999,0.8998999999999999,0.896655
2026-03-18,90.5,90.5,92.0,91.0,6,90.9444,0.905,0.905,0.92,0.91,0.909444
2026-03-19,91.0,86.6025,98.0,93.25,15,93.1009,0.91,0.866025,0.98,0.9325,0.931009
2026-03-20,87.3,87.3,93.0,92.9975,5,89.8325,0.873,0.873,0.93,0.929975,0.8983249999999999
2026-03-23,87.3,87.3,96.0,92.9975,9,93.0021,0.873,0.873,0.96,0.929975,0.930021
2026-03-24,86.3,86.3,86.3,86.3,1,86.3,0.863,0.863,0.863,0.863,0.863
2026-03-25,92.28,86.6525,92.28,86.6525,3,92.2692,0.9228000000000001,0.866525,0.9228000000000001,0.866525,0.922692
2026-03-26,94.0,89.0,94.0,89.0,3,91.5,0.94,0.89,0.94,0.89,0.915
2026-03-27,95.0,88.0,95.0,88.0,3,90.3333,0.95,0.88,0.95,0.88,0.9033329999999999
2026-03-30,86.6,86.6,86.605,86.605,2,86.6017,0.866,0.866,0.86605,0.86605,0.8660169999999999
2026-03-31,99.0,86.6,99.0,86.6025,7,87.2296,0.99,0.866,0.99,0.866025,0.8722960000000001
2026-04-01,86.65,86.635,86.65,86.65,4,86.647,0.8665,0.8663500000000001,0.8665,0.8665,0.8664700000000001
2026-04-02,91.9575,86.635,91.9575,91.9575,6,90.0234,0.9195749999999999,0.8663500000000001,0.9195749999999999,0.9195749999999999,0.900234
2026-04-03,90.49,90.49,90.9975,90.9975,3,90.9679,0.9048999999999999,0.9048999999999999,0.909975,0.909975,0.909679
2026-04-06,86.6375,86.6375,89.0,89.0,3,88.2125,0.866375,0.866375,0.89,0.89,0.882125
2026-04-07,89.87,89.87,89.87,89.87,1,89.87,0.8987,0.8987,0.8987,0.8987,0.8987
2026-04-08,90.9975,86.65,90.9975,86.65,4,90.4033,0.909975,0.8665,0.909975,0.8665,0.904033
2026-04-09,86.65,86.65,86.65,86.65,1,86.65,0.8665,0.8665,0.8665,0.8665,0.8665
2026-04-10,90.9975,88.24,90.9975,88.24,4,89.1321,0.909975,0.8824,0.909975,0.8824,0.8913209999999999
2026-04-13,87.37,87.3,87.37,87.37,4,87.3697,0.8737,0.873,0.8737,0.8737,0.873697
2026-04-14,85.5,85.5,85.6,85.6,6,85.5983,0.855,0.855,0.856,0.856,0.8559829999999999
2026-04-15,87.37,85.87,87.37,85.87,5,85.97,0.8737,0.8587,0.8737,0.8587,0.8597
2026-04-16,85.7,85.7,87.0,87.0,4,86.1652,0.857,0.857,0.87,0.87,0.861652
2026-04-17,87.0,85.6,87.29,87.29,6,87.2063,0.87,0.856,0.8729,0.8729,0.872063
2026-04-20,86.67,85.0,95.0,85.0,9,85.9333,0.8667,0.85,0.95,0.85,0.859333
2026-04-21,85.44,84.5,85.44,84.5,7,85.0331,0.8543999999999999,0.845,0.8543999999999999,0.845,0.8503310000000001
2026-04-22,86.03,84.5,86.03,86.03,3,86.0169,0.8603000000000001,0.845,0.8603000000000001,0.8603000000000001,0.8601690000000001
2026-04-23,85.72,84.0,85.72,85.72,3,85.699,0.8572,0.84,0.8572,0.8572,0.85699
2026-04-24,86.63,84.62,86.63,86.63,4,86.6263,0.8663,0.8462000000000001,0.8663,0.8663,0.866263
2026-04-27,85.62,84.2,85.62,85.62,5,84.2666,0.8562000000000001,0.8420000000000001,0.8562000000000001,0.8562000000000001,0.8426659999999999
2026-04-28,0.0,0.0,0.0,0.0,0,,0.0,0.0,0.0,0.0,
2026-04-29,0.0,0.0,0.0,0.0,0,,0.0,0.0,0.0,0.0,
2026-04-30,82.7,82.7,84.5,84.5,4,84.161,0.8270000000000001,0.8270000000000001,0.845,0.845,0.84161
2026-05-04,85.8,84.6,88.1,86.54,10,86.1733,0.858,0.846,0.8809999999999999,0.8654000000000001,0.861733
2026-05-05,88.1,86.0,88.1,86.0,7,86.4011,0.8809999999999999,0.86,0.8809999999999999,0.86,0.864011
2026-05-06,88.0,85.1025,88.0,85.1025,5,85.2536,0.88,0.851025,0.88,0.851025,0.8525360000000001
2026-05-07,85.1,84.7,85.1,85.0,3,84.87,0.851,0.847,0.851,0.85,0.8487
2026-05-08,87.0,86.0,87.0,86.0,2,86.5,0.87,0.86,0.87,0.86,0.865
2026-05-11,88.0,84.5,88.0,88.0,3,87.3,0.88,0.845,0.88,0.88,0.873
2026-05-12,88.0,85.1,88.0,85.5,10,85.5793,0.88,0.851,0.88,0.855,0.855793
2026-05-13,85.7,85.31,85.7,85.7,5,85.6961,0.857,0.8531,0.857,0.857,0.856961
2026-05-14,85.7,85.7,85.7,85.7,2,85.7,0.857,0.857,0.857,0.857,0.857
2026-05-15,86.4,85.4,86.4,85.4,2,86.0667,0.8640000000000001,0.8540000000000001,0.8640000000000001,0.8540000000000001,0.860667
2026-05-18,84.0,84.0,86.4,84.0,5,85.88,0.84,0.84,0.8640000000000001,0.84,0.8588
2026-05-19,84.0,84.0,85.5,85.5,7,84.7059,0.84,0.84,0.855,0.855,0.847059
2026-05-20,83.55,83.55,85.7,83.55,5,84.41,0.8355,0.8355,0.857,0.8355,0.8441
2026-05-21,85.6,83.55,85.6,85.6,5,85.3071,0.856,0.8355,0.856,0.856,0.853071
2026-05-22,84.9,84.9,84.9,84.9,3,84.9,0.8490000000000001,0.8490000000000001,0.8490000000000001,0.8490000000000001,0.8490000000000001
2026-05-25,84.9,83.55,85.9,85.9,4,84.3,0.8490000000000001,0.8355,0.8590000000000001,0.8590000000000001,0.843
2026-05-26,0.0,0.0,0.0,0.0,0,,0.0,0.0,0.0,0.0,
2026-05-27,82.0,82.0,82.0,82.0,1,82.0,0.82,0.82,0.82,0.82,0.82
2026-05-28,84.2,84.2,84.2,84.2,3,84.2,0.8420000000000001,0.8420000000000001,0.8420000000000001,0.8420000000000001,0.8420000000000001
2026-05-29,83.9,83.9,83.9,83.9,1,83.9,0.8390000000000001,0.8390000000000001,0.8390000000000001,0.8390000000000001,0.8390000000000001
2026-06-01,83.9,82.9,83.9,83.9,4,83.1857,0.8390000000000001,0.8290000000000001,0.8390000000000001,0.8390000000000001,0.831857
2026-06-02,84.155,82.0,84.155,83.7,8,83.6928,0.84155,0.82,0.84155,0.8370000000000001,0.836928
2026-06-03,82.9,82.9,84.2,82.9,4,83.5217,0.8290000000000001,0.8290000000000001,0.8420000000000001,0.8290000000000001,0.835217
2026-06-04,0.0,0.0,0.0,0.0,0,,0.0,0.0,0.0,0.0,
2026-06-05,0.0,0.0,0.0,0.0,0,,0.0,0.0,0.0,0.0,
2026-06-08,87.0,82.42,87.0,82.42,4,84.704,0.87,0.8242,0.87,0.8242,0.8470399999999999
2026-06-09,82.42,82.0,82.42,82.42,8,82.4193,0.8242,0.82,0.8242,0.8242,0.8241930000000001
2026-06-10,82.82,82.82,82.82,82.82,2,82.82,0.8281999999999999,0.8281999999999999,0.8281999999999999,0.8281999999999999,0.8281999999999999
2026-06-11,82.03,82.02,82.62,82.62,3,82.0975,0.8203,0.8201999999999999,0.8262,0.8262,0.820975
2026-06-15,82.03,82.03,83.19,83.19,2,83.1877,0.8203,0.8203,0.8319,0.8319,0.8318770000000001
2026-06-16,82.06,82.06,84.13,82.9,3,82.8474,0.8206,0.8206,0.8412999999999999,0.8290000000000001,0.8284739999999999
2026-06-17,84.0,84.0,84.13,84.13,2,84.065,0.84,0.84,0.8412999999999999,0.8412999999999999,0.84065
2026-06-18,84.13,84.13,86.0,84.3,7,85.9402,0.8412999999999999,0.8412999999999999,0.86,0.843,0.859402
2026-06-19,85.5,84.0,85.5,85.5,4,85.3615,0.855,0.84,0.855,0.855,0.853615
2026-06-22,84.0,84.0,90.0,84.0025,3,86.0008,0.84,0.84,0.9,0.840025,0.860008
2026-06-23,93.99,84.11,93.99,84.11,3,84.5396,0.9399,0.8411,0.9399,0.8411,0.8453959999999999
2026-06-24,88.0,88.0,88.0,88.0,1,88.0,0.88,0.88,0.88,0.88,0.88
2026-06-25,87.4,85.0,87.4,85.0,2,86.2,0.8740000000000001,0.85,0.8740000000000001,0.85,0.862
2026-06-26,0.0,0.0,0.0,0.0,0,,0.0,0.0,0.0,0.0,
2026-06-29,85.0,85.0,87.4,87.0,6,85.1913,0.85,0.85,0.8740000000000001,0.87,0.851913
2026-06-30,82.4,82.4,89.5,88.0,8,87.0289,0.8240000000000001,0.8240000000000001,0.895,0.88,0.870289
2026-07-01,90.0,90.0,95.0,90.0,11,90.0318,0.9,0.9,0.95,0.9,0.9003180000000001
2026-07-02,90.0,90.0,90.1,90.1,3,90.0769,0.9,0.9,0.9009999999999999,0.9009999999999999,0.9007689999999999
2026-07-03,90.5,88.7,100.0,100.0,14,95.8042,0.905,0.887,1.0,1.0,0.958042
2026-07-06,88.7,87.9,88.7,87.9,2,88.3,0.887,0.879,0.887,0.879,0.883
2026-07-07,87.9,87.9,100.0,88.0,6,92.5113,0.879,0.879,1.0,0.88,0.9251130000000001
2026-07-08,85.0,85.0,87.81,87.81,2,86.8733,0.85,0.85,0.8781,0.8781,0.868733
2026-07-09,0.0,0.0,0.0,0.0,0,,0.0,0.0,0.0,0.0,
2026-07-10,85.0,84.0,89.9975,89.9975,4,87.6663,0.85,0.84,0.899975,0.899975,0.8766630000000001
2026-07-13,95.9,87.5,105.0,104.9,12,97.8933,0.9590000000000001,0.875,1.05,1.0490000000000002,0.9789329999999999
2026-07-14,89.9975,87.95,102.0,94.0,6,91.019,0.899975,0.8795000000000001,1.02,0.94,0.91019
2026-07-15,100.0,89.15,102.4,102.4,5,99.269,1.0,0.8915000000000001,1.024,1.024,0.9926900000000001
2026-07-16,89.0,89.0,102.3,99.0,8,98.9607,0.89,0.89,1.023,0.99,0.989607
2026-07-17,88.0,88.0,102.4,99.0,7,96.15,0.88,0.88,1.024,0.99,0.9615
2026-07-20,89.0,89.0,99.0,99.0,2,94.0,0.89,0.89,0.99,0.99,0.94
2026-07-21,89.59,89.59,99.0,99.0,2,94.295,0.8959,0.8959,0.99,0.99,0.9429500000000001
2026-07-22,97.5,89.59,98.0,90.0,5,94.518,0.975,0.8959,0.98,0.9,0.94518
2026-07-23,96.0,89.0,98.575,98.575,4,95.3938,0.96,0.89,0.98575,0.98575,0.953938
2026-07-24,89.7625,89.7625,97.25,89.765,6,93.4217,0.897625,0.897625,0.9725,0.8976500000000001,0.934217
2026-07-27,89.8775,89.8775,89.8775,89.8775,2,89.8775,0.898775,0.898775,0.898775,0.898775,0.898775
2026-07-28,0.0,0.0,0.0,0.0,0,,0.0,0.0,0.0,0.0,
2026-07-29,99.0,90.0,99.0,90.0,4,98.8889,0.99,0.9,0.99,0.9,0.988889
2026-07-30,90.365,86.0,98.0,86.0,17,92.0872,0.90365,0.86,0.98,0.86,0.9208719999999999
2026-07-31,98.0,98.0,98.0,98.0,1,98.0,0.98,0.98,0.98,0.98,0.98
2026-08-03,90.0,90.0,98.0,97.0,4,93.32,0.9,0.9,0.98,0.97,0.9331999999999999
2026-08-04,91.15,91.15,97.8,97.8,2,97.45,0.9115000000000001,0.9115000000000001,0.978,0.978,0.9745
2026-08-05,97.8,90.5,98.8525,97.0,5,96.2614,0.978,0.905,0.9885250000000001,0.97,0.962614
2026-08-06,98.0,90.5,98.0,97.0,5,94.7,0.98,0.905,0.98,0.97,0.9470000000000001
2026-08-07,93.0,91.1,98.0,98.0,12,93.9579,0.93,0.9109999999999999,0.98,0.98,0.9395789999999999
2026-08-10,93.5,93.5,98.0,93.5,3,94.625,0.935,0.935,0.98,0.935,0.94625
2026-08-11,98.8525,90.7525,98.8525,96.0,14,93.7026,0.9885250000000001,0.907525,0.9885250000000001,0.96,0.937026
2026-08-12,96.0,96.0,96.0,96.0,1,96.0,0.96,0.96,0.96,0.96,0.96
2026-08-13,95.0,95.0,98.8525,95.1,8,95.9276,0.95,0.95,0.9885250000000001,0.951,0.959276
2026-08-14,0.0,0.0,0.0,0.0,0,,0.0,0.0,0.0,0.0,
2026-08-17,93.5,93.5,97.0,97.0,10,96.4789,0.935,0.935,0.97,0.97,0.964789
2026-08-18,97.0,95.7,98.8525,97.0,6,96.7634,0.97,0.9570000000000001,0.9885250000000001,0.97,0.967634
2026-08-19,97.0,97.0,98.8525,97.0,8,97.0072,0.97,0.97,0.9885250000000001,0.97,0.9700719999999999
2026-08-20,97.0,96.0,99.005,97.2,8,96.8363,0.97,0.96,0.99005,0.972,0.968363
2026-08-21,102.4,95.45,102.4,98.0,9,98.4697,1.024,0.9545,1.024,0.98,0.984697
2026-08-24,95.5,95.5,95.5,95.5,1,95.5,0.955,0.955,0.955,0.955,0.955
2026-08-25,97.0,96.5,99.0,96.5,6,97.7708,0.97,0.965,0.99,0.965,0.9777079999999999
2026-08-26,96.2,96.2,102.0,96.2,4,96.8857,0.9620000000000001,0.9620000000000001,1.02,0.9620000000000001,0.968857
2026-08-27,102.0,97.51,105.0,97.51,9,98.5445,1.02,0.9751000000000001,1.05,0.9751000000000001,0.985445
2026-08-28,97.7,97.7,99.0,99.0,2,98.35,0.977,0.977,0.99,0.99,0.9834999999999999
2026-08-31,99.0,98.0,105.0,98.51,7,98.3806,0.99,0.98,1.05,0.9851000000000001,0.983806
2026-09-01,98.0,98.0,99.5125,99.5125,8,98.0288,0.98,0.98,0.995125,0.995125,0.980288
2026-09-02,100.0,100.0,100.0,100.0,1,100.0,1.0,1.0,1.0,1.0,1.0
2026-09-03,100.0,99.6,102.3475,99.6,3,100.6492,1.0,0.996,1.023475,0.996,1.006492
