TRADEDATE,OPEN,LOW,HIGH,CLOSE
2022-09-26,0.11,0.11,0.11,0.11
2022-09-27,-0.05,-0.05,-0.05,-0.05
2022-09-28,-0.14,-0.14,-0.14,-0.14
2022-09-29,-0.21,-0.21,-0.21,-0.21
2022-09-30,-1.95,-1.95,-1.95,-1.95
2022-10-10,0.08,0.08,0.08,0.08
2022-10-11,-0.21,-0.21,-0.21,-0.21
2022-10-12,-0.02,-0.02,-0.02,-0.02
2022-10-13,0.0,0.0,0.0,-0.02
2022-10-14,0.32,0.32,0.32,0.32
2022-10-17,0.43,0.43,0.43,0.43
2022-10-18,0.33,0.33,0.33,0.33
2022-10-19,0.34,0.34,0.34,0.34
2022-10-20,0.34,0.34,0.34,0.34
2022-10-21,0.33,0.33,0.33,0.33
2022-10-24,0.31,0.31,0.31,0.31
2022-10-25,0.31,0.31,0.31,0.31
2022-10-26,0.17,0.17,0.17,0.17
2022-10-27,0.15,0.15,0.15,0.15
2022-10-28,0.08,0.08,0.08,0.08
2022-10-31,0.16,0.16,0.16,0.16
2022-11-01,0.15,0.15,0.15,0.15
2022-11-02,0.14,0.14,0.14,0.14
2022-11-03,0.11,0.11,0.11,0.11
2022-11-07,0.21,0.21,0.21,0.21
2022-11-08,0.15,0.15,0.15,0.15
2022-11-09,0.13,0.13,0.13,0.13
2022-11-10,0.15,0.15,0.15,0.15
2022-11-11,0.21,0.21,0.21,0.21
2022-11-14,0.17,0.17,0.17,0.17
2022-11-15,0.15,0.15,0.15,0.15
2022-11-16,0.17,0.17,0.17,0.17
2022-11-17,0.18,0.18,0.18,0.18
2022-11-18,0.23,0.23,0.23,0.23
2022-11-21,0.18,0.18,0.18,0.18
2022-11-22,0.12,0.12,0.12,0.12
2022-11-23,0.17,0.17,0.17,0.17
2022-11-24,0.17,0.17,0.17,0.17
2022-11-25,0.16,0.16,0.16,0.16
2022-11-28,0.16,0.16,0.16,0.16
2022-11-29,0.16,0.16,0.16,0.16
2022-11-30,0.17,0.17,0.17,0.17
2022-12-01,0.2,0.2,0.2,0.2
2022-12-02,0.21,0.21,0.21,0.21
2022-12-05,0.36,0.36,0.36,0.36
2022-12-06,0.41,0.41,0.41,0.41
2022-12-07,0.37,0.37,0.37,0.37
2022-12-08,0.29,0.29,0.29,0.29
2022-12-09,0.23,0.23,0.23,0.23
2022-12-12,0.15,0.15,0.15,0.15
2022-12-13,0.16,0.16,0.16,0.16
2022-12-14,0.17,0.17,0.17,0.17
2022-12-15,0.28,0.28,0.28,0.28
2022-12-16,0.28,0.28,0.28,0.28
2022-12-19,0.25,0.25,0.25,0.25
2022-12-20,0.26,0.26,0.26,0.26
2022-12-21,0.49,0.49,0.49,0.49
2022-12-22,2.66,2.66,2.66,2.66
2022-12-23,2.54,2.54,2.54,2.54
2022-12-26,2.0,2.0,2.0,2.0
2022-12-27,2.57,2.57,2.57,2.57
2022-12-28,6.21,6.21,6.21,6.21
2022-12-29,7.28,7.28,7.28,7.28
2023-01-09,4.4,4.4,4.4,4.4
2023-01-10,5.33,5.33,5.33,5.33
2023-01-11,2.96,2.96,2.96,2.96
2023-01-12,1.56,1.56,1.56,1.56
2023-01-13,2.01,2.01,2.01,2.01
2023-01-16,2.58,2.58,2.58,2.58
2023-01-17,3.03,3.03,3.03,3.03
2023-01-18,3.79,3.79,3.79,3.79
2023-01-19,1.73,1.73,1.73,1.73
2023-01-20,1.05,1.05,1.05,1.05
2023-01-30,0.94,0.94,0.94,0.94
2023-01-31,0.94,0.94,0.94,0.94
2023-02-01,0.64,0.64,0.64,0.64
2023-02-02,0.43,0.43,0.43,0.43
2023-02-03,0.33,0.33,0.33,0.33
2023-02-06,0.21,0.21,0.21,0.21
2023-02-07,0.23,0.23,0.23,0.23
2023-02-08,0.19,0.19,0.19,0.19
2023-02-09,0.25,0.25,0.25,0.25
2023-02-10,0.22,0.22,0.22,0.22
2023-02-13,0.5,0.5,0.5,0.5
2023-02-14,0.39,0.39,0.39,0.39
2023-02-15,0.38,0.38,0.38,0.38
2023-02-16,0.45,0.45,0.45,0.45
2023-02-17,0.46,0.46,0.46,0.46
2023-02-20,0.46,0.46,0.46,0.46
2023-02-21,0.53,0.53,0.53,0.53
2023-02-22,1.12,1.12,1.12,1.12
2023-02-27,1.03,1.03,1.03,1.03
2023-02-28,1.88,1.88,1.88,1.88
2023-03-01,1.31,1.31,1.31,1.31
2023-03-02,1.11,1.11,1.11,1.11
2023-03-03,1.09,1.09,1.09,1.09
2023-03-06,1.09,1.09,1.09,1.09
2023-03-07,0.99,0.99,0.99,0.99
2023-03-09,1.08,1.08,1.08,1.08
2023-03-10,0.99,0.99,0.99,0.99
2023-03-13,0.83,0.83,0.83,0.83
2023-03-14,0.82,0.82,0.82,0.82
2023-03-15,0.88,0.88,0.88,0.88
2023-03-16,0.81,0.81,0.81,0.81
2023-03-17,1.02,1.02,1.02,1.02
2023-03-20,2.4,2.4,2.4,2.4
2023-03-21,3.12,3.12,3.12,3.12
2023-03-22,1.43,1.43,1.43,1.43
2023-03-23,1.09,1.09,1.09,1.09
2023-03-24,1.27,1.27,1.27,1.27
2023-03-27,1.94,1.94,1.94,1.94
2023-03-28,2.62,2.62,2.62,2.62
2023-03-29,2.79,2.79,2.79,2.79
2023-03-30,2.85,2.85,2.85,2.85
2023-03-31,3.18,3.18,3.18,3.18
2023-04-03,3.29,3.29,3.29,3.29
2023-04-04,4.41,4.41,4.41,4.41
2023-04-06,3.73,3.73,3.73,3.73
2023-04-07,3.92,3.92,3.92,3.92
2023-04-10,3.69,3.69,3.69,3.69
2023-04-11,3.56,3.56,3.56,3.56
2023-04-12,3.57,3.57,3.57,3.57
2023-04-13,3.72,3.72,3.72,3.72
2023-04-14,4.55,4.55,4.55,4.55
2023-04-17,3.93,3.93,3.93,3.93
2023-04-18,4.11,4.11,4.11,4.11
2023-04-19,4.8,4.8,4.8,4.8
2023-04-20,5.0,5.0,5.0,5.0
2023-04-21,4.99,4.99,4.99,4.99
2023-04-24,3.5,3.5,3.5,3.5
2023-04-25,2.35,2.35,2.35,2.35
2023-04-26,2.19,2.19,2.19,2.19
2023-04-27,2.07,2.07,2.07,2.07
2023-04-28,2.3,2.3,2.3,2.3
2023-05-04,3.04,3.04,3.04,3.04
2023-05-05,3.95,3.95,3.95,3.95
2023-05-10,3.33,3.33,3.33,3.33
2023-05-11,2.59,2.59,2.59,2.59
2023-05-12,1.39,1.39,1.39,1.39
2023-05-15,1.1,1.1,1.1,1.1
2023-05-16,1.13,1.13,1.13,1.13
2023-05-17,0.96,0.96,0.96,0.96
2023-05-18,1.09,1.09,1.09,1.09
2023-05-19,1.24,1.24,1.24,1.24
2023-05-22,1.13,1.13,1.13,1.13
2023-05-23,0.63,0.63,0.63,0.63
2023-05-24,0.59,0.59,0.59,0.59
2023-05-25,0.43,0.43,0.43,0.43
2023-05-26,0.41,0.41,0.41,0.41
2023-05-29,0.47,0.47,0.47,0.47
2023-05-30,0.53,0.53,0.53,0.53
2023-05-31,0.66,0.66,0.66,0.66
2023-06-01,0.66,0.66,0.66,0.66
2023-06-02,0.68,0.68,0.68,0.68
2023-06-05,0.68,0.68,0.68,0.68
2023-06-06,0.67,0.67,0.67,0.67
2023-06-07,0.74,0.74,0.74,0.74
2023-06-08,1.39,1.39,1.39,1.39
2023-06-09,1.34,1.34,1.34,1.34
2023-06-13,1.01,1.01,1.01,1.01
2023-06-14,0.91,0.91,0.91,0.91
2023-06-15,0.73,0.73,0.73,0.73
2023-06-16,0.72,0.72,0.72,0.72
2023-06-19,0.75,0.75,0.75,0.75
2023-06-20,0.53,0.53,0.53,0.53
2023-06-21,0.46,0.46,0.46,0.46
2023-06-26,0.89,0.89,0.89,0.89
2023-06-27,0.57,0.57,0.57,0.57
2023-06-28,0.65,0.65,0.65,0.65
2023-06-29,0.54,0.54,0.54,0.54
2023-06-30,4.0,4.0,4.0,4.0
2023-07-03,3.6,3.6,3.6,3.6
2023-07-04,1.06,1.06,1.06,1.06
2023-07-05,1.08,1.08,1.08,1.08
2023-07-06,0.72,0.72,0.72,0.72
2023-07-07,0.8,0.8,0.8,0.8
2023-07-10,0.78,0.78,0.78,0.78
2023-07-11,0.8,0.8,0.8,0.8
2023-07-12,0.9,0.9,0.9,0.9
2023-07-13,1.1,1.1,1.1,1.1
2023-07-14,1.45,1.45,1.45,1.45
2023-07-17,1.8,1.8,1.8,1.8
2023-07-18,1.81,1.81,1.81,1.81
2023-07-19,1.74,1.74,1.74,1.74
2023-07-20,0.81,0.81,0.81,0.81
2023-07-21,0.7,0.7,0.7,0.7
2023-07-24,0.51,0.51,0.51,0.51
2023-07-25,0.31,0.31,0.31,0.31
2023-07-26,0.49,0.49,0.49,0.49
2023-07-27,0.79,0.79,0.79,0.79
2023-07-28,0.84,0.84,0.84,0.84
2023-07-31,0.9,0.9,0.9,0.9
2023-08-01,0.85,0.85,0.85,0.85
2023-08-02,0.58,0.58,0.58,0.58
2023-08-03,0.47,0.47,0.47,0.47
2023-08-04,0.44,0.44,0.44,0.44
2023-08-07,0.52,0.52,0.52,0.52
2023-08-08,0.48,0.48,0.48,0.48
2023-08-09,0.4,0.4,0.4,0.4
2023-08-10,0.3,0.3,0.3,0.3
2023-08-11,0.28,0.28,0.28,0.28
2023-08-14,0.35,0.35,0.35,0.35
2023-08-15,0.59,0.59,0.59,0.59
2023-08-16,0.3,0.3,0.3,0.3
2023-08-17,0.6,0.6,0.6,0.6
2023-08-18,0.81,0.81,0.81,0.81
2023-08-21,0.93,0.93,0.93,0.93
2023-08-22,0.84,0.84,0.84,0.84
2023-08-23,0.7,0.7,0.7,0.7
2023-08-24,1.07,1.07,1.07,1.07
2023-08-25,0.93,0.93,0.93,0.93
2023-08-28,1.02,1.02,1.02,1.02
2023-08-29,1.15,1.15,1.15,1.15
2023-08-30,1.31,1.31,1.31,1.31
2023-08-31,1.42,1.42,1.42,1.42
2023-09-01,1.25,1.25,1.25,1.25
2023-09-04,0.99,0.99,0.99,0.99
2023-09-05,0.69,0.69,0.69,0.69
2023-09-06,0.5,0.5,0.5,0.5
2023-09-07,0.49,0.49,0.49,0.49
2023-09-08,0.44,0.44,0.44,0.44
2023-09-11,0.4,0.4,0.4,0.4
2023-09-12,0.59,0.59,0.59,0.59
2023-09-13,0.73,0.73,0.73,0.73
2023-09-14,1.04,1.04,1.04,1.04
2023-09-15,1.72,1.72,1.72,1.72
2023-09-18,0.77,0.77,0.77,0.77
2023-09-19,0.61,0.61,0.61,0.61
2023-09-20,0.68,0.68,0.68,0.68
2023-09-21,0.59,0.59,0.59,0.59
2023-09-22,0.48,0.48,0.48,0.48
2023-09-25,0.35,0.35,0.35,0.35
2023-09-26,0.3,0.3,0.3,0.3
2023-09-27,0.41,0.41,0.41,0.41
2023-09-28,1.78,1.78,1.78,1.78
2023-10-09,1.6,1.6,1.6,1.6
2023-10-10,1.79,1.79,1.79,1.79
2023-10-11,1.27,1.27,1.27,1.27
2023-10-12,1.07,1.07,1.07,1.07
2023-10-13,1.15,1.15,1.15,1.15
2023-10-16,0.88,0.88,0.88,0.88
2023-10-17,0.94,0.94,0.94,0.94
2023-10-18,0.98,0.98,0.98,0.98
2023-10-19,1.17,1.17,1.17,1.17
2023-10-20,1.41,1.41,1.41,1.41
2023-10-23,1.44,1.44,1.44,1.44
2023-10-24,1.28,1.28,1.28,1.28
2023-10-25,1.12,1.12,1.12,1.12
2023-10-26,0.99,0.99,0.99,0.99
2023-10-27,0.94,0.94,0.94,0.94
2023-10-30,1.07,1.07,1.07,1.07
2023-10-31,1.7,1.7,1.7,1.7
2023-11-01,2.12,2.12,2.12,2.12
2023-11-02,2.0,2.0,2.0,2.0
2023-11-03,1.34,1.34,1.34,1.34
2023-11-07,0.82,0.82,0.82,0.82
2023-11-08,0.46,0.46,0.46,0.46
2023-11-09,0.37,0.37,0.37,0.37
2023-11-10,0.43,0.43,0.43,0.43
2023-11-13,0.41,0.41,0.41,0.41
2023-11-14,0.24,0.24,0.24,0.24
2023-11-15,0.2,0.2,0.2,0.2
2023-11-16,0.26,0.26,0.26,0.26
2023-11-17,0.72,0.72,0.72,0.72
2023-11-20,0.75,0.75,0.75,0.75
2023-11-21,0.68,0.68,0.68,0.68
2023-11-22,0.51,0.51,0.51,0.51
2023-11-23,0.41,0.41,0.41,0.41
2023-11-24,0.4,0.4,0.4,0.4
2023-11-27,0.46,0.46,0.46,0.46
2023-11-28,0.54,0.54,0.54,0.54
2023-11-29,0.64,0.64,0.64,0.64
2023-11-30,1.26,1.26,1.26,1.26
2023-12-01,1.47,1.47,1.47,1.47
2023-12-04,0.51,0.51,0.51,0.51
2023-12-05,0.54,0.54,0.54,0.54
2023-12-06,0.45,0.45,0.45,0.45
2023-12-07,0.48,0.48,0.48,0.48
2023-12-08,0.57,0.57,0.57,0.57
2023-12-11,0.9,0.9,0.9,0.9
2023-12-12,0.85,0.85,0.85,0.85
2023-12-13,1.17,1.17,1.17,1.17
2023-12-14,1.08,1.08,1.08,1.08
2023-12-15,0.6,0.6,0.6,0.6
2023-12-18,0.31,0.31,0.31,0.31
2023-12-19,0.47,0.47,0.47,0.47
2023-12-20,2.65,2.65,2.65,2.65
2023-12-21,4.24,4.24,4.24,4.24
2023-12-22,2.28,2.28,2.28,2.28
2023-12-25,1.54,1.54,1.54,1.54
2023-12-26,1.05,1.05,1.05,1.05
2023-12-27,0.87,0.87,0.87,0.87
2023-12-28,4.37,4.37,4.37,4.37
2024-01-09,2.77,2.77,2.77,2.77
2024-01-10,1.09,1.09,1.09,1.09
2024-01-11,0.28,0.28,0.28,0.28
2024-01-12,0.18,0.18,0.18,0.18
2024-01-15,0.5,0.5,0.5,0.5
2024-01-16,0.32,0.32,0.32,0.32
2024-01-17,2.4,2.4,2.4,2.4
2024-01-18,2.07,2.07,2.07,2.07
2024-01-19,2.18,2.18,2.18,2.18
2024-01-22,3.26,3.26,3.26,3.26
2024-01-23,4.27,4.27,4.27,4.27
2024-01-24,3.25,3.25,3.25,3.25
2024-01-25,3.46,3.46,3.46,3.46
2024-01-26,3.56,3.56,3.56,3.56
2024-01-29,4.58,4.58,4.58,4.58
2024-01-30,4.87,4.87,4.87,4.87
2024-01-31,7.34,7.34,7.34,7.34
2024-02-01,5.67,5.67,5.67,5.67
2024-02-02,3.68,3.68,3.68,3.68
2024-02-05,4.41,4.41,4.41,4.41
2024-02-06,5.04,5.04,5.04,5.04
2024-02-07,5.15,5.15,5.15,5.15
2024-02-08,4.63,4.63,4.63,4.63
2024-02-09,3.96,3.96,3.96,3.96
2024-02-19,2.86,2.86,2.86,2.86
2024-02-20,1.78,1.78,1.78,1.78
2024-02-21,3.43,3.43,3.43,3.43
2024-02-22,3.14,3.14,3.14,3.14
2024-02-26,3.19,3.19,3.19,3.19
2024-02-27,3.18,3.18,3.18,3.18
2024-02-28,4.62,4.62,4.62,4.62
2024-02-29,9.59,9.59,9.59,9.59
2024-03-01,13.1,13.1,13.1,13.1
2024-03-04,3.46,3.46,3.46,3.46
2024-03-05,4.25,4.25,4.25,4.25
2024-03-06,5.21,5.21,5.21,5.21
2024-03-07,5.8,5.8,5.8,5.8
2024-03-11,5.25,5.25,5.25,5.25
2024-03-12,4.68,4.68,4.68,4.68
2024-03-13,4.3,4.3,4.3,4.3
2024-03-14,4.29,4.29,4.29,4.29
2024-03-15,3.03,3.03,3.03,3.03
2024-03-18,3.13,3.13,3.13,3.13
2024-03-19,3.32,3.32,3.32,3.32
2024-03-20,2.92,2.92,2.92,2.92
2024-03-21,2.55,2.55,2.55,2.55
2024-03-22,1.11,1.11,1.11,1.11
2024-03-25,1.57,1.57,1.57,1.57
2024-03-26,1.19,1.19,1.19,1.19
2024-03-27,1.21,1.21,1.21,1.21
2024-03-28,2.28,2.28,2.28,2.28
2024-03-29,5.1,5.1,5.1,5.1
2024-04-01,1.35,1.35,1.35,1.35
2024-04-02,1.38,1.38,1.38,1.38
2024-04-03,4.42,4.42,4.42,4.42
2024-04-08,3.93,3.93,3.93,3.93
2024-04-09,2.86,2.86,2.86,2.86
2024-04-10,1.65,1.65,1.65,1.65
2024-04-11,1.99,1.99,1.99,1.99
2024-04-12,3.41,3.41,3.41,3.41
2024-04-15,3.14,3.14,3.14,3.14
2024-04-16,2.68,2.68,2.68,2.68
2024-04-17,2.87,2.87,2.87,2.87
2024-04-18,3.39,3.39,3.39,3.39
2024-04-19,4.73,4.73,4.73,4.73
2024-04-22,3.34,3.34,3.34,3.34
2024-04-23,2.41,2.41,2.41,2.41
2024-04-24,2.17,2.17,2.17,2.17
2024-04-25,3.46,3.46,3.46,3.46
2024-04-26,6.49,6.49,6.49,6.49
2024-05-06,3.34,3.34,3.34,3.34
2024-05-07,1.17,1.17,1.17,1.17
2024-05-08,1.14,1.14,1.14,1.14
2024-05-13,1.31,1.31,1.31,1.31
2024-05-14,1.28,1.28,1.28,1.28
2024-05-15,2.49,2.49,2.49,2.49
2024-05-16,3.01,3.01,3.01,3.01
2024-05-17,4.93,4.93,4.93,4.93
2024-05-20,2.9,2.9,2.9,2.9
2024-05-21,3.73,3.73,3.73,3.73
2024-05-22,2.25,2.25,2.25,2.25
2024-05-23,1.03,1.03,1.03,1.03
2024-05-24,0.98,0.98,0.98,0.98
2024-05-27,0.73,0.73,0.73,0.73
2024-05-28,1.97,1.97,1.97,1.97
2024-05-29,1.16,1.16,1.16,1.16
2024-05-30,1.91,1.91,1.91,1.91
2024-05-31,3.83,3.83,3.83,3.83
2024-06-03,2.04,2.04,2.04,2.04
2024-06-04,1.87,1.87,1.87,1.87
2024-06-05,1.06,1.06,1.06,1.06
2024-06-06,1.03,1.03,1.03,1.03
2024-06-07,1.16,1.16,1.16,1.16
2024-06-11,1.33,1.33,1.33,1.33
2024-06-13,26.89,26.89,26.89,26.89
2024-06-14,6.03,6.03,6.03,6.03
2024-06-17,5.6,5.6,5.6,5.6
2024-06-18,5.44,5.44,5.44,5.44
2024-06-19,5.75,5.75,5.75,5.75
2024-06-20,5.51,5.51,5.51,5.51
2024-06-21,7.35,7.35,7.35,7.35
2024-06-24,6.57,6.57,6.57,6.57
2024-06-25,5.57,5.57,5.57,5.57
2024-06-26,4.55,4.55,4.55,4.55
2024-06-27,5.41,5.41,5.41,5.41
2024-06-28,6.02,6.02,6.02,6.02
2024-07-01,6.66,6.66,6.66,6.66
2024-07-02,7.68,7.68,7.68,7.68
2024-07-03,9.81,9.81,9.81,9.81
2024-07-04,6.47,6.47,6.47,6.47
2024-07-05,6.17,6.17,6.17,6.17
2024-07-08,5.71,5.71,5.71,5.71
2024-07-09,5.57,5.57,5.57,5.57
2024-07-10,6.21,6.21,6.21,6.21
2024-07-11,6.65,6.65,6.65,6.65
2024-07-12,6.93,6.93,6.93,6.93
2024-07-15,6.92,6.92,6.92,6.92
2024-07-16,4.89,4.89,4.89,4.89
2024-07-17,3.9,3.9,3.9,3.9
2024-07-18,2.73,2.73,2.73,2.73
2024-07-19,4.58,4.58,4.58,4.58
2024-07-22,5.2,5.2,5.2,5.2
2024-07-23,7.06,7.06,7.06,7.06
2024-07-24,8.29,8.29,8.29,8.29
2024-07-25,6.84,6.84,6.84,6.84
2024-07-26,6.61,6.61,6.61,6.61
2024-07-29,7.05,7.05,7.05,7.05
2024-07-30,5.44,5.44,5.44,5.44
2024-07-31,6.63,6.63,6.63,6.63
2024-08-01,7.68,7.68,7.68,7.68
2024-08-02,8.53,8.53,8.53,8.53
2024-08-05,9.96,9.96,9.96,9.96
2024-08-06,20.19,20.19,20.19,20.19
2024-08-07,14.71,14.71,14.71,14.71
2024-08-08,7.47,7.47,7.47,7.47
2024-08-09,7.44,7.44,7.44,7.44
2024-08-12,7.77,7.77,7.77,7.77
2024-08-13,8.48,8.48,8.48,8.48
2024-08-14,8.46,8.46,8.46,8.46
2024-08-15,8.27,8.27,8.27,8.27
2024-08-16,8.2,8.2,8.2,8.2
2024-08-19,8.13,8.13,8.13,8.13
2024-08-20,7.89,7.89,7.89,7.89
2024-08-21,7.98,7.98,7.98,7.98
2024-08-22,8.01,8.01,8.01,8.01
2024-08-23,8.27,8.27,8.27,8.27
2024-08-26,8.4,8.4,8.4,8.4
2024-08-27,8.48,8.48,8.48,8.48
2024-08-28,8.44,8.44,8.44,8.44
2024-08-29,8.49,8.49,8.49,8.49
2024-08-30,42.15,42.15,42.15,42.15
2024-09-02,52.5,52.5,52.5,52.5
2024-09-03,59.93,59.93,59.93,59.93
2024-09-04,212.08,212.08,212.08,212.08
2024-09-05,72.02,72.02,72.02,72.02
2024-09-06,21.02,21.02,21.02,21.02
2024-09-09,20.07,20.07,20.07,20.07
2024-09-10,11.73,11.73,11.73,11.73
2024-09-11,11.39,11.39,11.39,11.39
2024-09-12,12.5,12.5,12.5,12.5
2024-09-13,43.94,43.94,43.94,43.94
2024-09-18,87.55,87.55,87.55,87.55
2024-09-19,59.41,59.41,59.41,59.41
2024-09-20,17.76,17.76,17.76,17.76
2024-09-23,13.54,13.54,13.54,13.54
2024-09-24,12.95,12.95,12.95,12.95
2024-09-25,13.27,13.27,13.27,13.27
2024-09-26,13.15,13.15,13.15,13.15
2024-09-27,13.27,13.27,13.27,13.27
2024-09-30,14.51,14.51,14.51,14.51
2024-10-08,13.95,13.95,13.95,13.95
2024-10-09,13.98,13.98,13.98,13.98
2024-10-10,14.05,14.05,14.05,14.05
2024-10-11,14.22,14.22,14.22,14.22
2024-10-14,13.88,13.88,13.88,13.88
2024-10-15,13.78,13.78,13.78,13.78
2024-10-16,13.77,13.77,13.77,13.77
2024-10-17,13.64,13.64,13.64,13.64
2024-10-18,13.9,13.9,13.9,13.9
2024-10-21,13.91,13.91,13.91,13.91
2024-10-22,13.97,13.97,13.97,13.97
2024-10-23,14.04,14.04,14.04,14.04
2024-10-24,14.19,14.19,14.19,14.19
2024-10-25,13.97,13.97,13.97,13.97
2024-10-28,20.12,20.12,20.12,20.12
2024-10-29,19.49,19.49,19.49,19.49
2024-10-30,19.66,19.66,19.66,19.66
2024-10-31,20.32,20.32,20.32,20.32
2024-11-01,20.16,20.16,20.16,20.16
2024-11-05,19.95,19.95,19.95,19.95
2024-11-06,11.48,11.48,11.48,11.48
2024-11-07,6.09,6.09,6.09,6.09
2024-11-08,2.44,2.44,2.44,2.44
2024-11-11,2.57,2.57,2.57,2.57
2024-11-12,4.6,4.6,4.6,4.6
2024-11-13,4.66,4.66,4.66,4.66
2024-11-14,7.3,7.3,7.3,7.3
2024-11-15,20.14,20.14,20.14,20.14
2024-11-18,16.32,16.32,16.32,16.32
2024-11-19,19.1,19.1,19.1,19.1
2024-11-20,19.86,19.86,19.86,19.86
2024-11-21,19.81,19.81,19.81,19.81
2024-11-22,20.9,20.9,20.9,20.9
2024-11-25,15.78,15.78,15.78,15.78
2024-11-26,3.82,3.82,3.82,3.82
2024-11-27,2.61,2.61,2.61,2.61
2024-11-28,1.51,1.51,1.51,1.51
2024-11-29,1.28,1.28,1.28,1.28
2024-12-02,2.79,2.79,2.79,2.79
2024-12-03,1.77,1.77,1.77,1.77
2024-12-04,1.05,1.05,1.05,1.05
2024-12-05,0.76,0.76,0.76,0.76
2024-12-06,0.52,0.52,0.52,0.52
2024-12-09,0.71,0.71,0.71,0.71
2024-12-10,1.89,1.89,1.89,1.89
2024-12-11,1.89,1.89,1.89,1.89
2024-12-12,1.27,1.27,1.27,1.27
2024-12-13,0.99,0.99,0.99,0.99
2024-12-16,1.05,1.05,1.05,1.05
2024-12-17,0.77,0.77,0.77,0.77
2024-12-18,1.66,1.66,1.66,1.66
2024-12-19,1.48,1.48,1.48,1.48
2024-12-20,0.83,0.83,0.83,0.83
2024-12-23,0.35,0.35,0.35,0.35
2024-12-24,0.09,0.09,0.09,0.09
2024-12-25,-0.16,-0.16,-0.16,-0.16
2024-12-26,-0.48,-0.48,-0.48,-0.48
2024-12-27,0.38,0.38,0.38,0.38
2025-01-09,0.14,0.14,0.14,0.14
2025-01-10,-0.49,-0.49,-0.49,-0.49
2025-01-13,-0.33,-0.33,-0.33,-0.33
2025-01-14,-0.3,-0.3,-0.3,-0.3
2025-01-15,0.01,0.01,0.01,0.01
2025-01-16,0.12,0.12,0.12,0.12
2025-01-17,0.19,0.19,0.19,0.19
2025-01-20,0.14,0.14,0.14,0.14
2025-01-21,0.14,0.14,0.14,0.14
2025-01-22,-0.01,-0.01,-0.01,-0.01
2025-01-23,-0.36,-0.36,-0.36,-0.36
2025-01-24,-0.48,-0.48,-0.48,-0.48
2025-01-27,-0.55,-0.55,-0.55,-0.55
2025-02-05,-0.48,-0.48,-0.48,-0.48
2025-02-06,-0.32,-0.32,-0.32,-0.32
2025-02-07,-0.67,-0.67,-0.67,-0.67
2025-02-10,-0.78,-0.78,-0.78,-0.78
2025-02-11,-0.46,-0.46,-0.46,-0.46
2025-02-12,-0.55,-0.55,-0.55,-0.55
2025-02-13,0.22,0.22,0.22,0.22
2025-02-14,0.0,0.0,0.0,0.0
2025-02-17,0.03,0.03,0.03,0.03
2025-02-18,-0.13,-0.13,-0.13,-0.13
2025-02-19,-0.26,-0.26,-0.26,-0.26
2025-02-20,-0.65,-0.65,-0.65,-0.65
2025-02-21,-0.21,-0.21,-0.21,-0.21
2025-02-24,0.28,0.28,0.28,0.28
2025-02-25,0.17,0.17,0.17,0.17
2025-02-26,-0.03,-0.03,-0.03,-0.03
2025-02-27,0.0,0.0,0.0,0.0
2025-02-28,-0.41,-0.41,-0.41,-0.41
2025-03-03,-0.43,-0.43,-0.43,-0.43
2025-03-04,-0.6,-0.6,-0.6,-0.6
2025-03-05,-0.39,-0.39,-0.39,-0.39
2025-03-06,-0.19,-0.19,-0.19,-0.19
2025-03-07,-0.1,-0.1,-0.1,-0.1
2025-03-10,0.09,0.09,0.09,0.09
2025-03-11,0.08,0.08,0.08,0.08
2025-03-12,0.09,0.09,0.09,0.09
2025-03-13,0.27,0.27,0.27,0.27
2025-03-14,0.14,0.14,0.14,0.14
2025-03-17,0.19,0.19,0.19,0.19
2025-03-18,0.22,0.22,0.22,0.22
2025-03-19,0.09,0.09,0.09,0.09
2025-03-20,0.08,0.08,0.08,0.08
2025-03-21,0.15,0.15,0.15,0.15
2025-03-24,0.15,0.15,0.15,0.15
2025-03-25,0.16,0.16,0.16,0.16
2025-03-26,0.08,0.08,0.08,0.08
2025-03-27,0.13,0.13,0.13,0.13
2025-03-28,0.16,0.16,0.16,0.16
2025-03-31,-0.23,-0.23,-0.23,-0.23
2025-04-01,-0.46,-0.46,-0.46,-0.46
2025-04-02,-0.43,-0.43,-0.43,-0.43
2025-04-03,-0.06,-0.06,-0.06,-0.06
2025-04-07,-0.21,-0.21,-0.21,-0.21
2025-04-08,-0.29,-0.29,-0.29,-0.29
2025-04-09,-0.06,-0.06,-0.06,-0.06
2025-04-10,-0.08,-0.08,-0.08,-0.08
2025-04-11,-0.05,-0.05,-0.05,-0.05
2025-04-14,-0.03,-0.03,-0.03,-0.03
2025-04-15,-0.04,-0.04,-0.04,-0.04
2025-04-16,-0.11,-0.11,-0.11,-0.11
2025-04-17,-0.01,-0.01,-0.01,-0.01
2025-04-18,0.02,0.02,0.02,0.02
2025-04-21,0.29,0.29,0.29,0.29
2025-04-22,0.33,0.33,0.33,0.33
2025-04-23,0.37,0.37,0.37,0.37
2025-04-24,0.18,0.18,0.18,0.18
2025-04-25,0.14,0.14,0.14,0.14
2025-04-28,-0.44,-0.44,-0.44,-0.44
2025-04-29,-0.73,-0.73,-0.73,-0.73
2025-04-30,-0.31,-0.31,-0.31,-0.31
2025-05-06,-0.15,-0.15,-0.15,-0.15
2025-05-07,0.04,0.04,0.04,0.04
2025-05-12,0.11,0.11,0.11,0.11
2025-05-13,0.21,0.21,0.21,0.21
2025-05-14,0.3,0.3,0.3,0.3
2025-05-15,0.15,0.15,0.15,0.15
2025-05-16,0.14,0.14,0.14,0.14
2025-05-19,0.1,0.1,0.1,0.1
2025-05-20,0.17,0.17,0.17,0.17
2025-05-21,0.14,0.14,0.14,0.14
2025-05-22,0.18,0.18,0.18,0.18
2025-05-23,0.17,0.17,0.17,0.17
2025-05-26,0.13,0.13,0.13,0.13
2025-05-27,0.25,0.25,0.25,0.25
2025-05-28,-0.1,-0.1,-0.1,-0.1
2025-05-29,-0.08,-0.08,-0.08,-0.08
2025-05-30,-0.03,-0.03,-0.03,-0.03
2025-06-03,0.16,0.16,0.16,0.16
2025-06-04,0.06,0.06,0.06,0.06
2025-06-05,0.03,0.03,0.03,0.03
2025-06-06,-0.06,-0.06,-0.06,-0.06
2025-06-09,-0.06,-0.06,-0.06,-0.06
2025-06-10,0.14,0.14,0.14,0.14
2025-06-11,0.02,0.02,0.02,0.02
2025-06-16,-0.08,-0.08,-0.08,-0.08
2025-06-17,0.09,0.09,0.09,0.09
2025-06-18,0.02,0.02,0.02,0.02
2025-06-19,0.05,0.05,0.05,0.05
2025-06-20,0.04,0.04,0.04,0.04
2025-06-23,0.04,0.04,0.04,0.04
2025-06-24,0.02,0.02,0.02,0.02
2025-06-25,-0.04,-0.04,-0.04,-0.04
2025-06-26,-0.01,-0.01,-0.01,-0.01
2025-06-27,0.02,0.02,0.02,0.02
2025-06-30,0.09,0.09,0.09,0.09
2025-07-01,0.02,0.02,0.02,0.02
2025-07-02,-0.04,-0.04,-0.04,-0.04
2025-07-03,-0.16,-0.16,-0.16,-0.16
2025-07-04,0.03,0.03,0.03,0.03
2025-07-07,0.03,0.03,0.03,0.03
2025-07-08,-0.03,-0.03,-0.03,-0.03
2025-07-09,-0.03,-0.03,-0.03,-0.03
2025-07-10,-0.08,-0.08,-0.08,-0.08
2025-07-11,0.05,0.05,0.05,0.05
2025-07-14,-0.08,-0.08,-0.08,-0.08
2025-07-15,-0.15,-0.15,-0.15,-0.15
2025-07-16,-0.24,-0.24,-0.24,-0.24
2025-07-17,-0.31,-0.31,-0.31,-0.31
2025-07-18,-0.31,-0.31,-0.31,-0.31
2025-07-21,-0.16,-0.16,-0.16,-0.16
2025-07-22,-0.06,-0.06,-0.06,-0.06
2025-07-23,-0.06,-0.06,-0.06,-0.06
2025-07-24,-0.04,-0.04,-0.04,-0.04
2025-07-25,-0.22,-0.22,-0.22,-0.22
2025-07-28,-0.13,-0.13,-0.13,-0.13
2025-07-29,-0.13,-0.13,-0.13,-0.13
2025-07-30,-0.21,-0.21,-0.21,-0.21
2025-07-31,-0.18,-0.18,-0.18,-0.18
2025-08-01,-0.22,-0.22,-0.22,-0.22
2025-08-04,-0.21,-0.21,-0.21,-0.21
2025-08-05,-0.18,-0.18,-0.18,-0.18
2025-08-06,-0.18,-0.18,-0.18,-0.18
2025-08-07,-0.39,-0.39,-0.39,-0.39
2025-08-08,-0.31,-0.31,-0.31,-0.31
2025-08-11,-0.15,-0.15,-0.15,-0.15
2025-08-12,-0.18,-0.18,-0.18,-0.18
2025-08-13,-0.05,-0.05,-0.05,-0.05
2025-08-14,-0.14,-0.14,-0.14,-0.14
2025-08-15,-0.08,-0.08,-0.08,-0.08
2025-08-18,-0.08,-0.08,-0.08,-0.08
2025-08-19,-0.17,-0.17,-0.17,-0.17
2025-08-20,-0.14,-0.14,-0.14,-0.14
2025-08-21,-0.17,-0.17,-0.17,-0.17
2025-08-22,-0.18,-0.18,-0.18,-0.18
2025-08-25,-0.17,-0.17,-0.17,-0.17
2025-08-26,-0.18,-0.18,-0.18,-0.18
2025-08-27,-0.13,-0.13,-0.13,-0.13
2025-08-28,-0.16,-0.16,-0.16,-0.16
2025-08-29,-0.21,-0.21,-0.21,-0.21
2025-09-01,-0.23,-0.23,-0.23,-0.23
2025-09-02,-0.28,-0.28,-0.28,-0.28
2025-09-03,-0.33,-0.33,-0.33,-0.33
2025-09-04,-0.34,-0.34,-0.34,-0.34
2025-09-05,-0.38,-0.38,-0.38,-0.38
2025-09-08,-0.29,-0.29,-0.29,-0.29
2025-09-09,-0.2,-0.2,-0.2,-0.2
2025-09-10,-0.32,-0.32,-0.32,-0.32
2025-09-11,0.04,0.04,0.04,0.04
2025-09-12,0.13,0.13,0.13,0.13
2025-09-15,0.3,0.3,0.3,0.3
2025-09-16,0.24,0.24,0.24,0.24
2025-09-17,0.24,0.24,0.24,0.24
2025-09-18,0.25,0.25,0.25,0.25
2025-09-19,0.23,0.23,0.23,0.23
2025-09-22,0.17,0.17,0.17,0.17
2025-09-23,0.12,0.12,0.12,0.12
2025-09-24,0.13,0.13,0.13,0.13
2025-09-25,0.12,0.12,0.12,0.12
2025-09-26,0.14,0.14,0.14,0.14
2025-09-29,0.17,0.17,0.17,0.17
2025-09-30,-0.23,-0.23,-0.23,-0.23
2025-10-09,0.04,0.04,0.04,0.04
2025-10-10,0.08,0.08,0.08,0.08
2025-10-13,0.15,0.15,0.15,0.15
2025-10-14,0.18,0.18,0.18,0.18
2025-10-15,0.21,0.21,0.21,0.21
2025-10-16,0.21,0.21,0.21,0.21
2025-10-17,0.19,0.19,0.19,0.19
2025-10-20,0.24,0.24,0.24,0.24
2025-10-21,0.23,0.23,0.23,0.23
2025-10-22,0.19,0.19,0.19,0.19
2025-10-23,0.25,0.25,0.25,0.25
2025-10-24,0.23,0.23,0.23,0.23
2025-10-27,0.22,0.22,0.22,0.22
2025-10-28,0.2,0.2,0.2,0.2
2025-10-29,0.09,0.09,0.09,0.09
2025-10-30,0.14,0.14,0.14,0.14
2025-10-31,0.1,0.1,0.1,0.1
2025-11-05,0.16,0.16,0.16,0.16
2025-11-06,0.21,0.21,0.21,0.21
2025-11-07,0.34,0.34,0.34,0.34
2025-11-10,0.28,0.28,0.28,0.28
2025-11-11,0.2,0.2,0.2,0.2
2025-11-12,0.17,0.17,0.17,0.17
2025-11-13,0.29,0.29,0.29,0.29
2025-11-14,0.32,0.32,0.32,0.32
2025-11-17,0.29,0.29,0.29,0.29
2025-11-18,0.29,0.29,0.29,0.29
2025-11-19,0.2,0.2,0.2,0.2
2025-11-20,0.23,0.23,0.23,0.23
2025-11-21,0.21,0.21,0.21,0.21
2025-11-24,0.25,0.25,0.25,0.25
2025-11-25,0.18,0.18,0.18,0.18
2025-11-26,0.22,0.22,0.22,0.22
2025-11-27,0.22,0.22,0.22,0.22
2025-11-28,0.16,0.16,0.16,0.16
2025-12-01,0.24,0.24,0.24,0.24
2025-12-02,0.12,0.12,0.12,0.12
2025-12-03,0.02,0.02,0.02,0.02
2025-12-04,-0.03,-0.03,-0.03,-0.03
2025-12-05,-0.02,-0.02,-0.02,-0.02
2025-12-08,0.38,0.38,0.38,0.38
2025-12-09,0.38,0.38,0.38,0.38
2025-12-10,0.35,0.35,0.35,0.35
2025-12-11,0.33,0.33,0.33,0.33
2025-12-12,0.35,0.35,0.35,0.35
2025-12-15,0.4,0.4,0.4,0.4
2025-12-16,0.34,0.34,0.34,0.34
2025-12-17,0.27,0.27,0.27,0.27
2025-12-18,0.29,0.29,0.29,0.29
2025-12-19,0.28,0.28,0.28,0.28
2025-12-22,0.35,0.35,0.35,0.35
2025-12-23,0.4,0.4,0.4,0.4
2025-12-24,0.44,0.44,0.44,0.44
2025-12-25,0.47,0.47,0.47,0.47
2025-12-26,0.36,0.36,0.36,0.36
2025-12-29,0.32,0.32,0.32,0.32
2026-01-12,0.5,0.5,0.5,0.5
2026-01-13,0.32,0.32,0.32,0.32
2026-01-14,0.29,0.29,0.29,0.29
2026-01-15,0.29,0.29,0.29,0.29
2026-01-16,0.24,0.24,0.24,0.24
2026-01-19,0.24,0.24,0.24,0.24
2026-01-20,0.3,0.3,0.3,0.3
2026-01-21,0.98,0.98,0.98,0.98
2026-01-22,1.64,1.64,1.64,1.64
2026-01-23,0.73,0.73,0.73,0.73
2026-01-26,0.79,0.79,0.79,0.79
2026-01-27,0.75,0.75,0.75,0.75
2026-01-28,0.68,0.68,0.68,0.68
2026-01-29,0.5,0.5,0.5,0.5
2026-01-30,0.53,0.53,0.53,0.53
2026-02-02,0.78,0.78,0.78,0.78
2026-02-03,0.94,0.94,0.94,0.94
2026-02-04,1.04,1.04,1.04,1.04
2026-02-05,1.01,1.01,1.01,1.01
2026-02-06,10.08,10.08,10.08,10.08
2026-02-09,8.92,8.92,8.92,8.92
2026-02-10,3.0,3.0,3.0,3.0
2026-02-11,12.77,12.77,12.77,12.77
2026-02-12,8.46,8.46,8.46,8.46
2026-02-13,7.47,7.47,7.47,7.47
2026-02-24,10.6,10.6,10.6,10.6
2026-02-25,10.4,10.4,10.4,10.4
2026-02-26,10.31,10.31,10.31,10.31
2026-02-27,8.49,8.49,8.49,8.49
2026-03-02,6.35,6.35,6.35,6.35
2026-03-03,5.57,5.57,5.57,5.57
2026-03-04,6.62,6.62,6.62,6.62
2026-03-05,6.19,6.19,6.19,6.19
2026-03-06,6.81,6.81,6.81,6.81
2026-03-10,6.0,6.0,6.0,6.0
2026-03-11,8.54,8.54,8.54,8.54
2026-03-12,11.53,11.53,11.53,11.53
2026-03-13,12.32,12.32,12.32,12.32
2026-03-16,13.86,13.86,13.86,13.86
2026-03-17,14.32,14.32,14.32,14.32
2026-03-18,20.81,20.81,20.81,20.81
2026-03-19,43.93,43.93,43.93,43.93
2026-03-20,16.02,16.02,16.02,16.02
2026-03-23,7.23,7.23,7.23,7.23
2026-03-24,9.4,9.4,9.4,9.4
2026-03-25,12.44,12.44,12.44,12.44
2026-03-26,9.42,9.42,9.42,9.42
2026-03-27,8.45,8.45,8.45,8.45
2026-03-30,4.87,4.87,4.87,4.87
2026-03-31,2.56,2.56,2.56,2.56
2026-04-01,3.68,3.68,3.68,3.68
2026-04-02,4.43,4.43,4.43,4.43
2026-04-03,5.37,5.37,5.37,5.37
2026-04-07,3.62,3.62,3.62,3.62
2026-04-08,1.07,1.07,1.07,1.07
2026-04-09,0.93,0.93,0.93,0.93
2026-04-10,0.92,0.92,0.92,0.92
2026-04-13,3.04,3.04,3.04,3.04
2026-04-14,1.8,1.8,1.8,1.8
2026-04-15,0.68,0.68,0.68,0.68
2026-04-16,0.55,0.55,0.55,0.55
2026-04-17,0.5,0.5,0.5,0.5
2026-04-20,0.55,0.55,0.55,0.55
2026-04-21,0.27,0.27,0.27,0.27
2026-04-22,0.21,0.21,0.21,0.21
2026-04-23,0.2,0.2,0.2,0.2
2026-04-24,0.19,0.19,0.19,0.19
2026-04-27,0.29,0.29,0.29,0.29
2026-04-28,0.25,0.25,0.25,0.25
2026-04-29,0.21,0.21,0.21,0.21
2026-04-30,0.08,0.08,0.08,0.08
2026-05-06,0.05,0.05,0.05,0.05
2026-05-07,0.14,0.14,0.14,0.14
2026-05-08,0.24,0.24,0.24,0.24
2026-05-12,0.27,0.27,0.27,0.27
2026-05-13,0.18,0.18,0.18,0.18
2026-05-14,0.19,0.19,0.19,0.19
2026-05-15,0.18,0.18,0.18,0.18
2026-05-18,0.18,0.18,0.18,0.18
2026-05-19,0.16,0.16,0.16,0.16
2026-05-20,0.18,0.18,0.18,0.18
2026-05-21,0.16,0.16,0.16,0.16
2026-05-22,0.05,0.05,0.05,0.05
2026-05-25,0.01,0.01,0.01,0.01
2026-05-26,0.01,0.01,0.01,0.01
2026-05-27,0.32,0.32,0.32,0.32
2026-05-28,0.14,0.14,0.14,0.14
2026-05-29,0.18,0.18,0.18,0.18
2026-06-01,3.58,3.58,3.58,3.58
2026-06-02,0.79,0.79,0.79,0.79
2026-06-03,0.64,0.64,0.64,0.64
2026-06-04,0.47,0.47,0.47,0.47
2026-06-05,0.29,0.29,0.29,0.29
2026-06-08,0.21,0.21,0.21,0.21
2026-06-09,0.2,0.2,0.2,0.2
2026-06-10,0.24,0.24,0.24,0.24
2026-06-11,0.22,0.22,0.22,0.22
2026-06-15,0.25,0.25,0.25,0.25
2026-06-16,2.11,2.11,2.11,2.11
2026-06-17,1.7,1.7,1.7,1.7
2026-06-18,3.55,3.55,3.55,3.55
2026-06-22,4.18,4.18,4.18,4.18
2026-06-23,5.57,5.57,5.57,5.57
2026-06-24,2.17,2.17,2.17,2.17
2026-06-25,2.59,2.59,2.59,2.59
2026-06-26,1.34,1.34,1.34,1.34
2026-06-29,0.85,0.85,0.85,0.85
2026-06-30,0.47,0.47,0.47,0.47
2026-07-01,0.7,0.7,0.7,0.7
2026-07-02,0.72,0.72,0.72,0.72
2026-07-03,0.59,0.59,0.59,0.59
2026-07-06,0.51,0.51,0.51,0.51
2026-07-07,0.48,0.48,0.48,0.48
2026-07-08,1.11,1.11,1.11,1.11
2026-07-09,0.93,0.93,0.93,0.93
2026-07-10,1.38,1.38,1.38,1.38
2026-07-13,0.93,0.93,0.93,0.93
2026-07-14,1.77,1.77,1.77,1.77
2026-07-15,1.6,1.6,1.6,1.6
2026-07-16,3.41,3.41,3.41,3.41
2026-07-17,1.77,1.77,1.77,1.77
2026-07-20,1.43,1.43,1.43,1.43
2026-07-21,1.24,1.24,1.24,1.24
2026-07-22,1.09,1.09,1.09,1.09
2026-07-23,2.96,2.96,2.96,2.96
2026-07-24,7.04,7.04,7.04,7.04
2026-07-27,5.09,5.09,5.09,5.09
2026-07-28,9.03,9.03,9.03,9.03
2026-07-29,3.68,3.68,3.68,3.68
2026-07-30,4.02,4.02,4.02,4.02
2026-07-31,3.27,3.27,3.27,3.27
2026-08-03,2.4,2.4,2.4,2.4
2026-08-04,1.56,1.56,1.56,1.56
2026-08-05,1.03,1.03,1.03,1.03
2026-08-06,0.9,0.9,0.9,0.9
2026-08-07,0.81,0.81,0.81,0.81
2026-08-10,0.88,0.88,0.88,0.88
2026-08-11,1.78,1.78,1.78,1.78
2026-08-12,0.97,0.97,0.97,0.97
2026-08-13,0.64,0.64,0.64,0.64
2026-08-14,0.54,0.54,0.54,0.54
2026-08-17,0.79,0.79,0.79,0.79
2026-08-18,0.94,0.94,0.94,0.94
2026-08-19,0.7,0.7,0.7,0.7
2026-08-20,0.61,0.61,0.61,0.61
2026-08-21,0.62,0.62,0.62,0.62
2026-08-24,0.58,0.58,0.58,0.58
2026-08-25,0.54,0.54,0.54,0.54
2026-08-26,0.43,0.43,0.43,0.43
2026-08-27,0.42,0.42,0.42,0.42
2026-08-28,0.3,0.3,0.3,0.3
2026-08-31,0.36,0.36,0.36,0.36
2026-09-01,0.37,0.37,0.37,0.37
2026-09-02,0.36,0.36,0.36,0.36
2026-09-03,0.33,0.33,0.33,0.33
