TRADEDATE,OPEN,LOW,HIGH,CLOSE,VALUE,VOLUME
2020-01-03,3059.2,3057.36,3086.09,3076.37,44508670839.0,
2020-01-06,3075.55,3059.47,3079.42,3078.87,39130289766.8,
2020-01-08,3076.63,3071.88,3112.01,3110.06,53007480525.4,
2020-01-09,3105.21,3094.85,3124.6,3118.08,58694873429.2,
2020-01-10,3117.24,3101.21,3130.92,3123.66,44984451737.4,
2020-01-13,3124.96,3117.03,3151.69,3151.69,53874666810.4,
2020-01-14,3155.63,3126.0,3166.07,3129.77,75868217158.2,
2020-01-15,3128.38,3106.41,3148.29,3132.63,76126625593.4,
2020-01-16,3137.52,3137.52,3163.2,3157.23,69679297963.8,
2020-01-17,3161.25,3159.23,3198.32,3196.88,78643628646.4,
2020-01-20,3205.64,3204.32,3226.89,3219.92,62359861660.1,
2020-01-21,3212.72,3185.65,3213.38,3209.22,65071326468.8,
2020-01-22,3212.91,3174.62,3222.93,3174.62,79502683838.0,
2020-01-23,3162.68,3135.15,3170.41,3141.2,80959193888.9,
2020-01-24,3147.28,3134.7,3165.86,3146.2,60467395349.8,
2020-01-27,3123.71,3076.68,3123.71,3085.16,89131669907.1,
2020-01-28,3097.71,3068.67,3115.62,3113.1,75008595222.1,
2020-01-29,3125.91,3115.64,3140.77,3128.8,66029373167.7,
2020-01-30,3108.38,3096.31,3121.54,3108.58,66661508185.8,
2020-01-31,3133.4,3076.65,3143.29,3076.65,81958944501.1,
2020-02-03,3062.27,3058.48,3085.89,3070.84,83477701053.6,
2020-02-04,3082.2,3071.79,3105.98,3097.6,83817081711.8,
2020-02-05,3105.52,3083.26,3137.97,3114.25,89542515839.9,
2020-02-06,3132.84,3086.91,3145.15,3096.68,68274902779.6,
2020-02-07,3101.08,3056.85,3108.28,3087.63,72646728795.6,
2020-02-10,3088.63,3049.33,3092.93,3062.41,66051446947.9,
2020-02-11,3072.39,3069.9,3109.22,3097.58,91556273983.0,
2020-02-12,3103.81,3095.7,3122.27,3122.27,83872830883.3,
2020-02-13,3116.99,3096.98,3122.19,3110.05,63560227880.1,
2020-02-14,3113.72,3084.57,3120.89,3096.88,51397252517.1,
2020-02-17,3097.18,3092.45,3110.06,3110.06,36147422394.8,
2020-02-18,3103.71,3064.15,3104.42,3074.05,57353551341.9,
2020-02-19,3089.09,3086.41,3117.84,3114.57,55406709715.5,
2020-02-20,3120.51,3117.5,3139.59,3125.1,56336963229.2,
2020-02-21,3109.86,3098.76,3129.24,3106.03,47793664891.6,
2020-02-25,3058.33,3002.68,3073.27,3002.68,86905007828.9,
2020-02-26,2994.22,2958.46,3026.26,3017.42,107095974265.0,
2020-02-27,2989.18,2910.46,3002.2,2915.84,102823638357.0,
2020-02-28,2850.11,2744.18,2855.32,2785.08,184649721743.0,
2020-03-02,2829.47,2714.36,2875.3,2765.77,144560659500.0,
2020-03-03,2817.58,2789.76,2844.04,2821.37,106771162096.0,
2020-03-04,2799.18,2779.85,2841.13,2828.01,82510191731.6,
2020-03-05,2852.42,2800.43,2861.6,2816.7,80567170588.4,
2020-03-06,2773.53,2680.06,2782.77,2719.51,139178454930.0,
2020-03-10,2502.7,2435.62,2661.63,2498.94,248732636475.0,
2020-03-11,2532.72,2457.36,2555.43,2492.88,141024833349.0,
2020-03-12,2413.02,2277.58,2413.02,2286.4,173022073298.0,
2020-03-13,2277.66,2275.16,2418.15,2316.38,184469011805.0,
2020-03-16,2297.04,2179.12,2301.19,2266.9,140704172457.0,
2020-03-17,2263.62,2172.46,2313.34,2224.74,133391091136.0,
2020-03-18,2192.79,2097.84,2205.41,2112.64,128603185153.0,
2020-03-19,2134.43,2073.87,2288.09,2275.7,160372894970.0,
2020-03-20,2327.27,2314.75,2418.74,2331.61,180698187232.0,
2020-03-23,2257.88,2213.49,2321.76,2253.35,128506565950.0,
2020-03-24,2349.47,2341.21,2435.27,2415.97,126199238953.0,
2020-03-25,2459.3,2372.34,2518.38,2452.69,170179806339.0,
2020-03-26,2448.76,2403.6,2514.92,2489.97,109485216806.0,
2020-03-27,2491.7,2378.88,2498.33,2401.11,95057170139.4,
2020-03-30,2377.21,2357.53,2435.53,2433.35,83128100470.5,
2020-03-31,2466.28,2459.19,2526.13,2508.81,113755975000.0,
2020-04-01,2465.56,2449.01,2491.66,2473.61,80256140704.1,
2020-04-02,2528.72,2470.85,2562.54,2545.95,134240120328.0,
2020-04-03,2547.15,2533.06,2609.16,2572.23,117108960828.0,
2020-04-06,2597.28,2576.28,2639.56,2622.59,89823141209.1,
2020-04-07,2648.74,2612.96,2688.67,2634.74,120867694592.0,
2020-04-08,2617.66,2603.99,2670.12,2670.12,83665607709.9,
2020-04-09,2693.58,2643.98,2713.5,2701.77,117023415634.0,
2020-04-10,2678.3,2656.45,2680.89,2677.86,36513692244.2,
2020-04-13,2675.73,2610.61,2677.9,2628.85,47643715824.8,
2020-04-14,2649.34,2619.91,2667.58,2631.83,82460437951.6,
2020-04-15,2617.19,2489.99,2617.19,2498.94,99986258141.1,
2020-04-16,2511.55,2468.65,2550.84,2515.05,106189551975.0,
2020-04-17,2550.95,2516.87,2556.42,2534.97,70173608170.4,
2020-04-20,2524.31,2502.38,2546.14,2525.97,67663196241.9,
2020-04-21,2487.63,2431.98,2500.18,2488.02,109197015000.0,
2020-04-22,2474.32,2471.23,2584.68,2573.41,97655302076.4,
2020-04-23,2600.28,2558.32,2620.24,2599.41,82087755064.4,
2020-04-24,2588.29,2551.66,2596.97,2562.03,64998483149.8,
2020-04-27,2570.69,2557.81,2597.64,2570.91,53714781404.5,
2020-04-28,2567.74,2566.92,2644.79,2612.24,91839443562.7,
2020-04-29,2629.24,2617.34,2669.47,2663.14,85375068625.6,
2020-04-30,2683.86,2629.57,2700.97,2650.56,103074636334.0,
2020-05-04,2623.89,2599.74,2641.03,2624.64,60831813471.1,
2020-05-05,2652.92,2634.49,2666.38,2653.51,50831285173.8,
2020-05-06,2659.08,2626.68,2674.94,2632.1,67297608616.8,
2020-05-07,2632.87,2627.43,2664.99,2634.0,70256546512.8,
2020-05-08,2647.8,2613.83,2648.45,2641.55,52781422323.2,
2020-05-12,2635.51,2620.35,2651.97,2642.04,69766236611.6,
2020-05-13,2630.79,2601.25,2630.79,2604.98,65122067941.5,
2020-05-14,2596.13,2564.44,2606.95,2590.31,75036648672.9,
2020-05-15,2616.14,2593.91,2633.29,2593.91,69719413922.0,
2020-05-18,2623.61,2623.61,2694.25,2694.25,90270188688.3,
2020-05-19,2702.34,2683.81,2720.06,2711.72,90468989581.1,
2020-05-20,2706.07,2700.64,2771.27,2770.79,101166454638.0,
2020-05-21,2767.97,2702.67,2794.6,2718.67,99060517646.6,
2020-05-22,2691.58,2687.18,2718.48,2709.38,64772612461.4,
2020-05-25,2718.72,2718.72,2757.93,2757.93,37287726909.1,
2020-05-26,2777.72,2750.51,2796.85,2754.04,80629535591.6,
2020-05-27,2748.25,2711.9,2780.05,2741.02,99161791168.5,
2020-05-28,2748.03,2737.94,2781.25,2779.98,82839073065.7,
2020-05-29,2766.62,2717.8,2766.62,2734.83,150217266594.0,
2020-06-01,2761.23,2733.28,2773.56,2750.24,75200963162.1,
2020-06-02,2760.63,2754.85,2796.52,2796.51,94796949530.4,
2020-06-03,2812.82,2792.24,2835.06,2831.08,121680253623.0,
2020-06-04,2822.59,2757.61,2825.48,2766.26,130632296663.0,
2020-06-05,2780.32,2769.51,2800.81,2792.74,100284833455.0,
2020-06-08,2806.81,2782.92,2825.31,2796.3,96892863097.1,
2020-06-09,2804.36,2765.15,2813.48,2795.9,78686730146.4,
2020-06-10,2795.1,2768.3,2803.35,2785.18,89454120662.3,
2020-06-11,2756.98,2726.15,2758.83,2743.8,94517987303.6,
2020-06-15,2705.64,2670.41,2720.4,2719.06,86497601731.8,
2020-06-16,2745.49,2741.84,2779.71,2748.3,81225105647.3,
2020-06-17,2758.97,2733.9,2771.26,2740.1,69771427039.8,
2020-06-18,2734.84,2700.54,2738.04,2724.33,77604681776.9,
2020-06-19,2739.04,2738.45,2769.86,2758.67,89037583759.4,
2020-06-22,2754.42,2726.65,2763.29,2763.29,59988625046.3,
2020-06-23,2773.33,2767.46,2794.43,2791.97,60354831771.2,
2020-06-25,2750.08,2740.02,2771.6,2760.75,77705987110.8,
2020-06-26,2780.02,2746.78,2784.89,2761.74,57008606028.8,
2020-06-29,2749.54,2737.86,2767.95,2767.95,56287025266.5,
2020-06-30,2770.69,2743.2,2778.09,2743.2,61943509212.7,
2020-07-02,2762.56,2758.92,2789.92,2788.79,62424581353.2,
2020-07-03,2789.27,2782.65,2803.32,2801.66,40610098890.2,
2020-07-06,2825.88,2825.51,2855.94,2835.18,73695447847.6,
2020-07-07,2829.33,2814.4,2835.76,2825.21,61989347407.4,
2020-07-08,2815.52,2806.5,2823.0,2815.83,56770187936.2,
2020-07-09,2805.85,2773.48,2810.74,2782.43,64509467616.0,
2020-07-10,2768.67,2765.49,2800.94,2800.94,52675376381.7,
2020-07-13,2805.52,2765.09,2818.1,2766.79,59062967790.8,
2020-07-14,2751.98,2703.35,2752.09,2744.54,78664022705.9,
2020-07-15,2728.59,2724.35,2763.2,2747.91,66876997192.5,
2020-07-16,2741.68,2734.3,2762.68,2760.01,43145441365.6,
2020-07-17,2757.04,2752.51,2774.79,2774.79,41113383417.0,
2020-07-20,2771.85,2758.69,2802.24,2802.24,50915459756.8,
2020-07-21,2814.99,2813.4,2849.18,2825.71,81672920482.1,
2020-07-22,2824.5,2815.03,2844.12,2834.65,55532469269.9,
2020-07-23,2848.41,2843.93,2866.78,2851.79,55384618689.1,
2020-07-24,2835.15,2822.26,2863.12,2863.12,59473274345.9,
2020-07-27,2869.69,2869.69,2896.28,2884.88,65271567734.1,
2020-07-28,2891.34,2877.4,2907.03,2895.45,60720735494.2,
2020-07-29,2893.54,2889.69,2918.42,2918.42,65283344648.7,
2020-07-30,2915.94,2869.99,2919.35,2882.63,58998044298.8,
2020-07-31,2902.81,2899.58,2917.69,2911.57,61904395534.6,
2020-08-03,2917.68,2911.19,2942.77,2929.97,61064409540.7,
2020-08-04,2934.91,2923.36,2942.06,2940.46,53379189529.8,
2020-08-05,2954.41,2952.15,2994.08,2992.78,88713978904.1,
2020-08-06,2998.53,2981.79,3004.83,2988.5,58301984562.2,
2020-08-07,2992.26,2968.48,2994.46,2972.35,56258864420.2,
2020-08-10,2976.49,2960.78,2998.78,2960.78,48019499659.7,
2020-08-11,2959.29,2959.29,3012.58,3005.63,93734815374.7,
2020-08-12,2990.9,2985.25,3053.99,3053.99,89279363513.7,
2020-08-13,3057.63,3047.74,3081.15,3080.44,91764463491.4,
2020-08-14,3075.96,3044.71,3075.96,3061.99,62096882708.5,
2020-08-17,3070.81,3041.99,3090.42,3052.46,82525600190.3,
2020-08-18,3056.72,3048.31,3073.85,3050.7,58562508471.0,
2020-08-19,3048.22,3041.43,3073.84,3056.54,55321489952.7,
2020-08-20,3044.92,2993.69,3044.92,2993.69,90101841898.7,
2020-08-21,3013.4,2973.11,3024.71,2995.61,89980771052.2,
2020-08-24,3005.86,3005.86,3036.63,3029.42,56090322436.7,
2020-08-25,3042.58,3020.46,3051.27,3029.05,57974269706.9,
2020-08-26,3041.19,3024.04,3053.9,3051.97,74241762707.6,
2020-08-27,3051.2,3002.1,3056.25,3012.01,66131754149.5,
2020-08-28,3015.7,2976.34,3015.7,2980.17,60139550849.6,
2020-08-31,2993.02,2962.06,3012.44,2966.2,184001931133.0,
2020-09-01,2976.07,2967.96,2993.28,2975.0,81890923133.6,
2020-09-02,2989.76,2946.29,3002.25,2956.5,94988586744.5,
2020-09-03,2954.62,2917.24,2967.61,2931.92,82989442207.0,
2020-09-04,2920.22,2910.39,2944.66,2921.55,69997849774.1,
2020-09-07,2929.38,2925.55,2947.17,2932.29,53483774598.9,
2020-09-08,2937.18,2875.96,2948.88,2888.79,82332639045.6,
2020-09-09,2880.83,2872.92,2899.17,2876.07,64443700494.9,
2020-09-10,2888.09,2858.65,2897.55,2897.55,65787625355.2,
2020-09-11,2888.92,2874.47,2911.71,2910.51,58206856278.1,
2020-09-14,2918.29,2918.29,2938.24,2928.38,62169731197.1,
2020-09-15,2936.42,2932.36,2982.2,2980.58,74748355784.4,
2020-09-16,2982.49,2960.68,2990.74,2975.01,73285008183.1,
2020-09-17,2947.54,2945.78,2974.54,2971.74,85774277598.2,
2020-09-18,2976.1,2944.22,2977.13,2951.79,87835262045.4,
2020-09-21,2946.18,2857.78,2946.18,2863.67,84915278078.2,
2020-09-22,2874.0,2868.38,2907.98,2884.66,72694032936.9,
2020-09-23,2933.33,2916.27,2968.55,2916.39,144057907966.0,
2020-09-24,2905.55,2880.39,2920.46,2912.76,87868199396.4,
2020-09-25,2912.83,2870.16,2912.83,2896.83,75662859146.4,
2020-09-28,2909.62,2909.62,2938.94,2927.17,69770125370.4,
2020-09-29,2935.77,2889.22,2947.75,2910.12,80159930228.7,
2020-09-30,2908.55,2893.8,2920.03,2905.81,66808053460.3,
2020-10-01,2911.08,2882.81,2919.25,2889.8,74033823737.9,
2020-10-02,2840.72,2824.69,2859.01,2852.42,78844415007.9,
2020-10-05,2860.53,2845.63,2882.94,2881.98,63509160152.4,
2020-10-06,2885.38,2883.69,2906.65,2892.99,73021330700.7,
2020-10-07,2883.58,2838.45,2888.2,2842.58,67235083005.8,
2020-10-08,2850.65,2837.05,2859.87,2846.39,55803931185.4,
2020-10-09,2842.59,2811.05,2842.59,2834.09,67564085234.3,
2020-10-12,2834.33,2827.52,2862.36,2846.14,58718697811.45,
2020-10-13,2846.04,2822.97,2859.52,2829.23,56828024719.1,
2020-10-14,2829.88,2824.12,2857.47,2856.08,54266740541.85,
2020-10-15,2849.24,2803.9,2850.11,2817.29,65315267334.85,
2020-10-16,2819.04,2785.85,2819.04,2799.54,71062651943.55,
2020-10-19,2797.65,2787.5,2809.42,2794.27,48808418102.15,
2020-10-20,2785.99,2774.16,2817.73,2803.06,70200100871.6,
2020-10-21,2811.87,2782.36,2816.9,2786.23,65964265507.3,
2020-10-22,2784.18,2783.37,2814.12,2803.17,61193148610.4,
2020-10-23,2807.3,2799.63,2826.53,2816.7,58028372135.3,
2020-10-26,2812.48,2785.59,2819.05,2785.59,52620022209.0,
2020-10-27,2784.13,2758.0,2790.19,2763.03,61439709363.35,
2020-10-28,2758.84,2680.83,2758.84,2693.46,91471007602.15,
2020-10-29,2704.5,2682.68,2728.97,2709.04,74274727007.0,
2020-10-30,2698.94,2664.44,2706.34,2690.59,68437052454.5,
2020-11-02,2681.19,2658.49,2743.98,2737.54,72875417363.5,
2020-11-03,2753.97,2750.26,2791.77,2786.42,78312915395.25,
2020-11-05,2824.45,2812.67,2869.91,2861.39,105069609556.45,
2020-11-06,2845.74,2832.98,2896.07,2895.62,80259567503.35,
2020-11-09,2919.08,2910.42,2988.88,2987.75,186353431932.75,
2020-11-10,2965.92,2943.43,3013.57,2998.61,150181333966.75,
2020-11-11,3004.63,3004.2,3031.69,3015.03,156869536674.85,
2020-11-12,2997.79,2988.03,3028.52,3025.83,111841039072.1,
2020-11-13,3007.16,2995.17,3027.45,3025.22,94141286376.05,
2020-11-16,3054.35,3046.77,3081.28,3079.74,113029902298.95,
2020-11-17,3081.05,3027.76,3087.19,3052.22,97624569190.3,
2020-11-18,3046.02,3035.57,3086.77,3080.68,86678712181.65,
2020-11-19,3067.06,3040.66,3071.25,3046.49,80639323609.7,
2020-11-20,3050.81,3035.56,3060.91,3051.04,57925104990.4,
2020-11-23,3066.64,3042.61,3094.06,3047.06,88626521669.9,
2020-11-24,3071.8,3053.16,3098.83,3095.84,99168946827.05,
2020-11-25,3111.75,3089.16,3134.71,3134.52,130512774776.55,
2020-11-26,3141.43,3119.46,3149.9,3138.62,86304340769.8,
2020-11-27,3132.55,3112.44,3150.78,3142.68,91361256012.6,
2020-11-30,3130.88,3093.77,3134.79,3107.58,171173455598.35,
2020-12-01,3113.06,3113.06,3159.03,3147.79,108250777613.4,
2020-12-02,3150.66,3139.92,3189.61,3189.61,94931203596.5,
2020-12-03,3185.78,3141.4,3192.98,3162.67,95183766034.25,
2020-12-04,3171.44,3171.44,3200.23,3184.72,94492237722.65,
2020-12-07,3179.14,3172.29,3208.53,3195.08,87818352454.45,
2020-12-08,3184.93,3150.84,3198.1,3179.61,93400466060.05,
2020-12-09,3184.24,3182.54,3226.48,3211.66,96153321470.95,
2020-12-10,3194.03,3189.04,3258.31,3258.31,103055345054.75,
2020-12-11,3257.47,3248.11,3278.24,3276.58,108292271648.55,
2020-12-14,3293.0,3249.36,3314.2,3254.83,124668491097.3,
2020-12-15,3252.68,3237.87,3284.84,3248.11,92705554026.6,
2020-12-16,3259.89,3242.7,3275.68,3269.95,94422806431.25,
2020-12-17,3277.67,3274.45,3318.39,3282.67,138325093736.4,
2020-12-18,3281.59,3245.25,3283.32,3273.75,125970276758.55,
2020-12-21,3246.9,3170.03,3246.9,3186.38,135820501896.45,
2020-12-22,3179.69,3175.51,3249.19,3236.46,98871608126.9,
2020-12-23,3224.02,3218.19,3255.4,3252.1,65478211681.0,
2020-12-24,3253.73,3230.62,3264.6,3236.88,50764614102.85,
2020-12-25,3236.38,3228.74,3248.63,3246.35,23654550156.85,
2020-12-28,3249.41,3249.41,3267.61,3258.95,52140644341.35,
2020-12-29,3269.71,3264.33,3282.23,3274.67,62071933973.8,
2020-12-30,3276.04,3267.39,3294.62,3289.02,67248342457.8,
2021-01-04,3306.12,3304.17,3350.81,3350.51,66875027248.1,
2021-01-05,3327.94,3301.88,3365.32,3359.15,71669719442.85,
2021-01-06,3373.37,3344.43,3380.63,3371.03,71458087084.95,
2021-01-08,3390.23,3390.23,3474.66,3454.82,132105644616.85,
2021-01-11,3455.67,3436.66,3516.9,3482.48,143292474381.8,
2021-01-12,3494.6,3451.87,3520.66,3471.65,104216481364.4,
2021-01-13,3487.92,3448.94,3504.56,3470.26,99616618242.0,
2021-01-14,3461.83,3439.01,3507.71,3490.85,108540789766.35,
2021-01-15,3486.02,3448.54,3509.24,3450.95,104977695775.4,
2021-01-18,3440.56,3426.11,3475.18,3471.92,92072355104.7,
2021-01-19,3479.53,3439.64,3491.93,3443.23,86414655412.55,
2021-01-20,3453.54,3447.81,3482.03,3466.8,75753159519.2,
2021-01-21,3481.74,3407.22,3489.07,3422.67,114924128365.45,
2021-01-22,3404.36,3362.01,3404.36,3382.92,110725951850.1,
2021-01-25,3399.28,3385.74,3425.78,3397.48,106658319745.9,
2021-01-26,3384.99,3374.1,3408.13,3390.76,80262909286.2,
2021-01-27,3398.38,3333.04,3408.64,3343.62,105563451141.95,
2021-01-28,3319.16,3307.42,3359.1,3342.01,91833874030.7,
2021-01-29,3335.13,3272.53,3337.01,3277.08,112862070786.9,
2021-02-01,3287.96,3268.52,3305.91,3291.14,86009081257.05,
2021-02-02,3324.24,3321.7,3366.13,3360.25,98441733596.85,
2021-02-03,3351.99,3332.5,3376.83,3343.46,79650602206.9,
2021-02-04,3356.23,3351.94,3384.48,3372.0,88156146300.1,
2021-02-05,3396.97,3368.58,3406.22,3392.73,86654101000.55,
2021-02-08,3412.97,3412.97,3448.79,3445.9,79666285042.8,
2021-02-09,3461.15,3424.39,3466.51,3426.86,100583840172.2,
2021-02-10,3437.76,3393.98,3447.05,3399.66,88964246446.15,
2021-02-11,3405.33,3390.22,3416.4,3414.32,56566035051.3,
2021-02-12,3403.07,3343.82,3427.08,3427.08,85053189978.6,
2021-02-15,3461.94,3455.95,3483.34,3481.9,78791006869.65,
2021-02-16,3502.04,3475.58,3510.77,3495.26,88625602257.45,
2021-02-17,3491.81,3431.83,3505.19,3436.8,105793123095.2,
2021-02-18,3451.69,3395.98,3461.15,3400.17,89976816783.6,
2021-02-19,3398.4,3380.89,3460.85,3457.68,93406887931.0,
2021-02-20,3454.43,3435.42,3455.13,3446.32,25142822290.55,
2021-02-22,3447.57,3415.37,3456.26,3433.93,88526795000.8,
2021-02-24,3426.07,3385.01,3433.09,3385.48,110148551893.05,
2021-02-25,3412.16,3391.77,3429.2,3409.76,132027291741.7,
2021-02-26,3354.45,3332.32,3385.74,3346.64,153443917962.4,
2021-03-01,3369.68,3354.09,3393.93,3386.16,73971816241.8,
2021-03-02,3380.35,3375.48,3418.11,3410.1,85392732642.35,
2021-03-03,3432.88,3408.47,3450.76,3416.04,91738079532.4,
2021-03-04,3403.01,3366.76,3416.04,3397.56,103950221289.6,
2021-03-05,3378.68,3367.33,3432.98,3414.13,136317009466.9,
2021-03-09,3426.48,3426.33,3491.12,3478.72,137435480187.0,
2021-03-10,3476.91,3455.42,3514.35,3463.06,102035182953.05,
2021-03-11,3481.26,3472.4,3508.51,3508.51,81997215189.75,
2021-03-12,3515.44,3502.37,3539.5,3539.5,78834659383.3,
2021-03-15,3562.69,3558.62,3596.31,3584.49,110139095399.25,
2021-03-16,3600.68,3544.29,3602.18,3589.83,125278624707.95,
2021-03-17,3579.06,3498.17,3587.24,3507.91,126387599545.2,
2021-03-18,3533.69,3494.99,3551.3,3504.85,116916933603.15,
2021-03-19,3473.84,3448.99,3495.98,3475.26,124592694485.05,
2021-03-22,3479.06,3469.09,3498.17,3489.07,73803912299.75,
2021-03-23,3481.11,3450.98,3483.34,3467.21,87327300362.15,
2021-03-24,3459.99,3445.92,3489.96,3485.33,86726397994.35,
2021-03-25,3477.87,3434.84,3479.83,3439.3,69362284154.25,
2021-03-26,3476.01,3476.01,3500.74,3489.83,80526485029.85,
2021-03-29,3500.41,3498.62,3535.21,3529.33,90437290875.35,
2021-03-30,3535.72,3504.06,3549.09,3525.23,76071719412.7,
2021-03-31,3525.56,3510.4,3542.0,3541.72,98893740149.35,
2021-04-01,3556.28,3526.22,3576.79,3527.54,96167061815.7,
2021-04-02,3553.89,3538.01,3564.31,3558.22,32823073971.3,
2021-04-05,3555.24,3516.22,3555.83,3524.93,52488757289.4,
2021-04-06,3536.26,3484.84,3541.04,3493.89,90207249181.4,
2021-04-07,3484.22,3460.39,3518.13,3500.34,94499331330.45,
2021-04-08,3513.21,3495.34,3528.39,3507.83,72264407390.95,
2021-04-09,3510.2,3480.85,3511.27,3486.03,86010748750.8,
2021-04-12,3476.51,3472.37,3541.7,3522.65,95305427414.45,
2021-04-13,3533.3,3511.23,3542.63,3526.3,93380648724.15,
2021-04-14,3567.53,3546.86,3576.89,3576.89,113033885551.05,
2021-04-15,3532.13,3527.5,3578.77,3568.51,102774713039.65,
2021-04-16,3578.01,3564.97,3598.44,3598.44,86066817521.05,
2021-04-19,3598.47,3565.39,3605.49,3574.08,84848227209.7,
2021-04-20,3581.37,3536.41,3596.19,3552.41,99879789740.1,
2021-04-21,3554.83,3545.15,3572.63,3561.72,85436802223.0,
2021-04-22,3576.69,3557.88,3607.75,3600.35,112057095535.6,
2021-04-23,3598.76,3579.25,3600.18,3597.17,81729625260.45,
2021-04-26,3603.13,3589.27,3613.37,3610.98,84496045987.5,
2021-04-27,3615.57,3586.39,3627.91,3600.6,114167397484.8,
2021-04-28,3608.89,3558.24,3613.11,3578.12,104536766334.35,
2021-04-29,3609.38,3565.58,3616.95,3571.05,103591831131.4,
2021-04-30,3574.03,3536.53,3584.64,3544.0,85610442460.3,
2021-05-04,3557.62,3556.08,3594.69,3577.21,92399468587.55,
2021-05-05,3602.17,3600.88,3644.15,3643.56,79158885767.15,
2021-05-06,3636.71,3634.45,3661.28,3658.27,87557178773.2,
2021-05-07,3678.19,3667.77,3688.81,3682.69,81211592973.25,
2021-05-10,3684.18,3675.13,3713.49,3694.78,82376330598.75,
2021-05-11,3644.29,3625.97,3658.81,3652.05,96626017118.3,
2021-05-12,3659.63,3643.22,3674.35,3654.14,91299269616.25,
2021-05-13,3634.18,3600.8,3647.27,3637.38,97135563996.8,
2021-05-14,3654.73,3623.72,3659.34,3637.6,61184374380.15,
2021-05-17,3645.13,3618.75,3658.78,3639.61,76187518664.8,
2021-05-18,3670.16,3670.1,3700.19,3687.96,108329703633.3,
2021-05-19,3693.82,3619.54,3693.82,3634.76,136953231883.7,
2021-05-20,3650.07,3603.4,3658.27,3636.16,93250803157.4,
2021-05-21,3637.5,3620.6,3667.87,3660.48,78300215907.05,
2021-05-24,3665.96,3651.09,3674.77,3662.51,55329425687.25,
2021-05-25,3682.42,3672.27,3693.39,3686.76,69629173695.65,
2021-05-26,3695.29,3694.13,3717.33,3711.05,86562266732.3,
2021-05-27,3708.77,3694.59,3738.68,3738.68,163439271814.9,
2021-05-28,3750.46,3724.52,3752.8,3730.55,75179161010.4,
2021-05-31,3713.99,3713.99,3731.27,3721.63,54892962210.6,
2021-06-01,3739.57,3739.57,3784.59,3764.59,93618698281.65,
2021-06-02,3771.32,3769.47,3817.68,3817.68,92406033662.0,
2021-06-03,3833.77,3777.98,3837.73,3805.45,97293581463.4,
2021-06-04,3805.94,3766.62,3816.24,3807.43,89195021288.45,
2021-06-07,3807.96,3793.96,3827.66,3822.21,66545410342.25,
2021-06-08,3819.52,3799.07,3833.17,3807.43,84461841172.6,
2021-06-09,3821.8,3805.82,3843.41,3843.28,75567172511.75,
2021-06-10,3835.21,3822.01,3847.89,3827.71,84251605901.3,
2021-06-11,3838.98,3828.62,3849.32,3841.53,73932111762.65,
2021-06-14,3845.81,3842.75,3862.39,3860.18,55256916196.4,
2021-06-15,3864.36,3819.64,3865.2,3822.4,77748676317.75,
2021-06-16,3821.45,3803.54,3836.91,3829.67,87655878896.5,
2021-06-17,3807.32,3801.98,3832.61,3819.07,108572482848.15,
2021-06-18,3809.99,3775.82,3813.5,3802.95,127038746364.85,
2021-06-21,3797.23,3785.49,3816.85,3813.45,72776247684.55,
2021-06-22,3831.61,3809.71,3835.86,3821.68,66960646067.9,
2021-06-23,3836.12,3820.5,3847.22,3837.15,77124138926.0,
2021-06-24,3833.73,3800.5,3839.64,3823.44,110354773852.8,
2021-06-25,3818.97,3805.7,3833.32,3831.84,69900007013.55,
2021-06-28,3833.72,3822.81,3852.83,3825.57,60983038448.45,
2021-06-29,3817.72,3768.24,3821.59,3790.85,84717624504.1,
2021-06-30,3799.42,3779.28,3847.3,3841.85,97896743503.75,
2021-07-01,3843.28,3843.16,3879.5,3858.32,98385892433.15,
2021-07-02,3853.81,3843.9,3877.23,3865.42,66722938613.25,
2021-07-05,3874.81,3863.09,3882.59,3882.59,50331919245.05,
2021-07-06,3896.82,3878.39,3915.0,3884.3,110988663432.7,
2021-07-07,3881.88,3879.72,3912.39,3895.1,89700011209.25,
2021-07-08,3882.15,3839.4,3883.47,3861.08,88638024988.1,
2021-07-09,3865.62,3850.57,3874.96,3855.31,75969057848.8,
2021-07-12,3864.26,3848.45,3882.6,3875.61,58690564393.55,
2021-07-13,3888.32,3852.54,3891.54,3877.03,73065075971.25,
2021-07-14,3851.16,3829.59,3862.73,3832.85,82493295369.4,
2021-07-15,3826.45,3789.31,3832.5,3799.97,69083210864.95,
2021-07-16,3795.03,3756.01,3812.49,3770.15,72584122640.8,
2021-07-19,3743.97,3679.79,3744.27,3693.42,88681181628.1,
2021-07-20,3707.23,3679.44,3719.09,3704.4,71026481627.0,
2021-07-21,3718.92,3701.95,3738.33,3722.96,53910924683.8,
2021-07-22,3746.35,3724.29,3758.58,3754.44,60552813222.7,
2021-07-23,3760.33,3724.74,3767.4,3734.54,48982665211.95,
2021-07-26,3724.2,3710.14,3755.52,3750.1,52211642926.55,
2021-07-27,3756.79,3733.1,3762.89,3733.1,68300930120.8,
2021-07-28,3747.25,3743.46,3782.28,3782.28,60723839373.1,
2021-07-29,3794.4,3789.57,3806.83,3804.33,75765356663.15,
2021-07-30,3789.33,3759.83,3793.4,3771.58,90507692004.95,
2021-08-02,3791.22,3781.43,3801.24,3788.1,63457146082.5,
2021-08-03,3782.41,3771.8,3797.3,3793.69,60125322200.85,
2021-08-04,3808.44,3795.75,3814.63,3810.62,58810613620.4,
2021-08-05,3803.91,3801.16,3833.81,3833.75,64346453358.65,
2021-08-06,3836.49,3802.44,3837.35,3805.36,83718742514.6,
2021-08-09,3795.48,3790.63,3839.72,3835.11,94351508429.55,
2021-08-10,3847.12,3843.42,3867.09,3862.32,71105935706.6,
2021-08-11,3875.23,3856.61,3886.78,3877.37,65067387233.6,
2021-08-12,3879.01,3877.23,3897.92,3888.86,59101210982.55,
2021-08-13,3882.62,3866.67,3895.05,3873.0,49539097065.3,
2021-08-16,3862.32,3855.62,3896.96,3895.31,62244743522.15,
2021-08-17,3893.85,3893.44,3944.37,3943.01,78333594807.3,
2021-08-18,3948.43,3912.24,3949.07,3925.17,65400657617.05,
2021-08-19,3883.2,3841.15,3883.42,3853.98,95377162927.0,
2021-08-20,3868.79,3826.27,3871.43,3832.7,64054582294.7,
2021-08-23,3861.99,3856.21,3884.51,3883.01,55449995448.8,
2021-08-24,3897.56,3864.37,3904.99,3888.87,71212576176.8,
2021-08-25,3891.8,3868.64,3895.62,3886.64,56108844950.5,
2021-08-26,3876.99,3838.63,3876.99,3851.57,61470686597.9,
2021-08-27,3864.11,3844.49,3887.38,3887.38,61711713780.15,
2021-08-30,3900.96,3900.96,3928.5,3928.5,67352947627.8,
2021-08-31,3934.1,3904.72,3938.68,3918.96,115567805896.7,
2021-09-01,3924.32,3924.32,3972.68,3971.02,98279661246.9,
2021-09-02,3983.68,3968.06,3994.77,3990.77,94196602272.3,
2021-09-03,3976.62,3964.22,4001.7,4001.7,87578609902.65,
2021-09-06,4004.61,4003.49,4028.25,4028.25,78439667697.2,
2021-09-07,4036.41,4004.9,4043.51,4010.16,79944021713.7,
2021-09-08,4015.35,3984.64,4030.72,4017.37,98443190604.3,
2021-09-09,4007.82,3982.6,4009.66,3993.56,79404470424.05,
2021-09-10,3993.53,3987.53,4008.56,4002.66,67459555076.9,
2021-09-13,4012.97,4001.63,4041.83,4041.16,80910864783.2,
2021-09-14,4051.81,4037.23,4061.99,4055.7,117297603595.5,
2021-09-15,4059.08,4049.69,4081.98,4065.53,129463734068.7,
2021-09-16,4069.19,4028.08,4073.72,4045.1,135640464497.2,
2021-09-17,4043.51,4013.62,4054.38,4035.17,124865065694.3,
2021-09-20,3988.45,3955.19,3991.39,3969.61,91778863135.85,
2021-09-21,3980.02,3962.05,3994.56,3970.48,92053260741.25,
2021-09-22,4001.79,3999.82,4032.38,4030.98,85165734506.3,
2021-09-23,4051.36,4020.5,4058.15,4052.14,96598734535.25,
2021-09-24,4055.37,4017.2,4057.09,4038.23,86096330312.2,
2021-09-27,4069.55,4061.71,4083.61,4081.22,103673542010.9,
2021-09-28,4109.66,4050.95,4112.31,4065.46,133445152984.5,
2021-09-29,4045.16,4038.06,4076.61,4058.37,94004202565.45,
2021-09-30,4079.46,4064.5,4106.72,4103.52,129267783151.0,
2021-10-01,4078.59,4065.4,4104.78,4086.99,84950554851.2,
2021-10-04,4106.89,4100.85,4131.39,4112.72,142212463863.6,
2021-10-05,4129.53,4129.53,4225.16,4223.85,177698228980.7,
2021-10-06,4263.87,4163.62,4267.29,4171.71,207943474130.65,
2021-10-07,4222.78,4179.39,4239.14,4228.02,159698449038.0,
2021-10-08,4233.58,4216.72,4254.36,4238.0,107721150787.85,
2021-10-11,4259.38,4247.2,4284.53,4279.87,126550025071.45,
2021-10-12,4259.03,4250.03,4275.6,4263.8,99526624985.4,
2021-10-13,4260.44,4189.91,4260.44,4243.92,131848757673.55,
2021-10-14,4280.76,4259.13,4292.68,4259.13,106824935595.7,
2021-10-15,4278.51,4247.79,4282.15,4261.82,92588109271.7,
2021-10-18,4254.91,4225.42,4257.83,4248.33,97981477465.3,
2021-10-19,4256.24,4235.81,4279.2,4276.26,102803939196.2,
2021-10-20,4284.91,4258.14,4290.99,4287.52,90820446780.25,
2021-10-21,4276.94,4214.82,4282.46,4218.63,86146897591.6,
2021-10-22,4218.5,4196.96,4246.22,4196.96,79672241102.45,
2021-10-25,4216.43,4184.74,4254.98,4254.98,95094363569.85,
2021-10-26,4254.59,4233.8,4259.83,4235.87,92917300435.35,
2021-10-27,4216.76,4190.68,4234.99,4229.53,87039677948.1,
2021-10-28,4210.78,4157.39,4220.23,4189.66,130558928227.25,
2021-10-29,4186.35,4116.29,4186.7,4150.0,107240377794.55,
2021-11-01,4155.24,4155.24,4224.51,4221.49,83349959944.2,
2021-11-02,4235.89,4196.75,4245.32,4207.53,78744971742.75,
2021-11-03,4192.14,4158.17,4192.14,4184.87,64727756021.55,
2021-11-05,4179.03,4159.92,4181.87,4174.76,68811060903.35,
2021-11-08,4203.65,4188.59,4220.88,4218.27,79943228299.05,
2021-11-09,4207.59,4181.75,4225.82,4187.33,82287369220.1,
2021-11-10,4192.62,4151.6,4196.22,4172.47,79836368997.35,
2021-11-11,4141.62,4126.52,4189.35,4189.35,104116091466.5,
2021-11-12,4181.7,4089.32,4181.7,4121.66,202860107485.05,
2021-11-15,4121.5,4111.04,4162.02,4135.14,123023535416.9,
2021-11-16,4147.69,4094.15,4158.31,4120.02,116677791063.4,
2021-11-17,4120.23,4101.96,4149.02,4149.02,93395386782.45,
2021-11-18,4120.81,4082.17,4150.57,4093.85,108256843364.7,
2021-11-19,4121.74,4000.26,4127.0,4016.47,151877521547.5,
2021-11-22,4008.13,3872.77,4017.02,3872.77,202719304083.35,
2021-11-23,3832.33,3776.61,3974.76,3960.33,203663613102.15,
2021-11-24,4001.89,3913.39,4021.25,3950.56,134549985501.15,
2021-11-25,3964.25,3932.55,3990.95,3947.82,73912725789.35,
2021-11-26,3852.99,3810.75,3876.13,3810.98,144744409541.75,
2021-11-29,3872.19,3846.12,3928.52,3879.54,130890429846.7,
2021-11-30,3828.25,3827.55,3902.72,3890.59,199778277587.25,
2021-12-01,3907.17,3900.16,3962.22,3959.29,119719006789.15,
2021-12-02,3940.09,3914.43,3972.85,3947.54,109953629846.45,
2021-12-03,3967.88,3905.38,3977.16,3913.06,83004665197.55,
2021-12-06,3937.15,3800.76,3938.1,3810.1,99104081043.4,
2021-12-07,3860.83,3810.03,3880.84,3873.2,127513848136.15,
2021-12-08,3904.84,3773.61,3915.65,3773.61,161711900096.09,
2021-12-09,3801.67,3780.3,3847.76,3813.29,110500027110.1,
2021-12-10,3806.97,3760.23,3814.06,3760.23,81426178559.85,
2021-12-13,3790.1,3613.88,3794.52,3618.31,147936433936.1,
2021-12-14,3533.82,3532.29,3638.49,3619.39,155519049894.1,
2021-12-15,3653.16,3608.6,3666.53,3621.82,104327497276.3,
2021-12-16,3705.57,3701.35,3755.07,3750.36,143081351990.0,
2021-12-17,3725.04,3696.5,3739.59,3723.27,127229717373.7,
2021-12-20,3657.65,3629.61,3674.71,3669.05,90298936540.65,
2021-12-21,3705.33,3670.16,3713.68,3693.02,82117461532.05,
2021-12-22,3715.2,3699.06,3759.67,3746.75,87418363756.15,
2021-12-23,3745.52,3691.04,3751.37,3704.6,74775470568.25,
2021-12-24,3700.34,3653.63,3703.72,3702.72,44756758749.6,
2021-12-27,3711.77,3709.19,3742.12,3740.63,49142530172.25,
2021-12-28,3766.5,3751.0,3790.44,3777.56,64031615578.35,
2021-12-29,3756.54,3727.35,3770.09,3741.07,60359168519.7,
2021-12-30,3753.92,3740.93,3789.61,3787.26,61497152069.0,
2022-01-03,3825.3,3823.5,3866.15,3852.5,52472868137.9,
2022-01-04,3880.2,3846.81,3892.33,3873.49,62624414462.0,
2022-01-05,3857.9,3805.06,3875.25,3815.05,59842279698.45,
2022-01-06,3758.68,3720.17,3784.17,3753.29,83469097491.95,
2022-01-07,3772.04,3772.04,3772.04,3772.04,0.0,
2022-01-10,3798.43,3726.73,3806.84,3738.68,85302196824.3,
2022-01-11,3764.56,3751.45,3800.91,3785.29,81053376709.85,
2022-01-12,3797.31,3783.92,3841.72,3829.95,100865330719.7,
2022-01-13,3814.98,3664.48,3818.97,3674.73,178770807642.9,
2022-01-14,3703.9,3512.03,3723.62,3596.98,253410592849.3,
2022-01-17,3633.01,3501.94,3651.36,3560.35,156354454242.75,
2022-01-18,3527.77,3297.12,3534.56,3328.94,302733934140.55,
2022-01-19,3290.31,3256.6,3500.27,3436.82,257223110460.45,
2022-01-20,3519.02,3403.74,3533.61,3516.02,191687148184.9,
2022-01-21,3420.12,3407.27,3503.84,3439.25,180588337458.0,
2022-01-24,3426.19,3158.46,3426.47,3235.28,262889650990.6,
2022-01-25,3316.98,3229.45,3330.9,3258.74,157537334538.2,
2022-01-26,3341.71,3276.06,3412.15,3357.66,160814042402.85,
2022-01-27,3296.47,3284.49,3525.94,3455.93,237136967964.7,
2022-01-28,3508.57,3446.01,3534.4,3488.6,143424640143.0,
2022-01-31,3524.11,3518.55,3566.05,3530.38,117693256585.8,
2022-02-01,3564.55,3531.35,3584.71,3548.17,110134440838.2,
2022-02-02,3574.87,3516.17,3580.22,3543.8,110896294130.6,
2022-02-03,3498.76,3446.65,3519.23,3471.18,102906904754.15,
2022-02-04,3499.32,3464.14,3556.32,3471.01,124982530504.55,
2022-02-07,3511.39,3437.93,3521.26,3470.78,74559343723.85,
2022-02-08,3497.18,3487.64,3551.65,3551.65,121464922915.6,
2022-02-09,3593.0,3580.45,3638.93,3638.93,137282606163.35,
2022-02-10,3628.51,3592.75,3655.76,3655.76,136808104131.2,
2022-02-11,3579.69,3514.12,3596.74,3546.62,136512105820.75,
2022-02-14,3442.82,3404.35,3524.87,3481.38,188828937775.65,
2022-02-15,3532.0,3514.98,3614.15,3600.29,185244698014.9,
2022-02-16,3682.94,3608.01,3683.95,3646.41,141370949768.1,
2022-02-17,3588.27,3498.2,3595.12,3511.08,166699291103.35,
2022-02-18,3547.04,3371.05,3565.52,3393.31,176700371489.15,
2022-02-21,3458.73,2910.49,3460.42,3036.88,469404900519.2,
2022-02-22,2909.4,2756.46,3113.4,3084.74,430550627229.75,
2022-02-24,2735.88,1681.55,2740.31,2058.12,246452894354.77,
2022-02-25,2261.33,2256.09,2552.46,2470.48,189354389723.36,
2022-03-24,2474.52,2447.68,2761.17,2578.51,100222210672.2,
2022-03-25,2620.62,2470.69,2664.74,2484.13,49167284761.2,
2022-03-28,2479.49,2407.2,2484.57,2430.7,25937057002.85,
2022-03-29,2442.43,2363.62,2538.2,2408.49,59068848968.85,
2022-03-30,2437.92,2437.92,2513.03,2513.03,39721405988.35,
2022-03-31,2535.32,2533.39,2703.51,2703.51,80017047214.7,
2022-04-01,2714.62,2714.62,2817.72,2759.64,77972322862.8,
2022-04-04,2775.06,2682.34,2835.46,2787.69,67754307203.25,
2022-04-05,2796.56,2576.34,2808.27,2662.79,68532631919.2,
2022-04-06,2641.79,2594.95,2696.97,2611.43,45527445852.1,
2022-04-07,2618.26,2618.26,2653.85,2635.39,33674118545.4,
2022-04-08,2649.16,2554.72,2656.72,2592.72,30923457083.65,
2022-04-11,2596.17,2557.16,2623.64,2557.16,26788780551.25,
2022-04-12,2559.22,2472.28,2570.78,2540.99,33176929301.85,
2022-04-13,2546.64,2517.44,2558.86,2528.42,19008934214.15,
2022-04-14,2530.9,2403.86,2533.77,2404.73,24317562706.85,
2022-04-15,2403.16,2353.13,2431.91,2424.99,24555619329.9,
2022-04-18,2430.91,2338.36,2447.58,2342.63,23242744263.95,
2022-04-19,2342.53,2216.61,2344.37,2317.46,35589597026.4,
2022-04-20,2326.03,2271.72,2374.87,2330.73,34640809161.75,
2022-04-21,2334.97,2260.68,2341.21,2271.05,28368978164.55,
2022-04-22,2271.18,2223.73,2290.04,2232.23,32280692497.9,
2022-04-25,2236.32,2168.18,2237.45,2186.22,22521850031.3,
2022-04-26,2190.97,2190.97,2347.92,2318.46,42976151804.4,
2022-04-27,2326.27,2305.47,2427.47,2424.28,48952158762.7,
2022-04-28,2434.86,2379.12,2505.94,2383.66,60911768321.75,
2022-04-29,2390.83,2390.83,2448.52,2445.17,41353794398.65,
2022-05-04,2444.25,2373.16,2464.6,2373.16,25945992882.25,
2022-05-05,2379.04,2379.04,2412.81,2404.8,17342318812.95,
2022-05-06,2405.17,2372.52,2406.78,2393.03,18005651254.65,
2022-05-11,2391.91,2367.48,2414.87,2387.14,18772686042.2,
2022-05-12,2382.33,2283.31,2386.16,2297.89,22770570603.55,
2022-05-13,2309.98,2283.1,2321.91,2307.5,15604714548.0,
2022-05-16,2308.2,2306.06,2379.35,2364.6,25869494279.5,
2022-05-17,2378.08,2371.93,2425.17,2424.1,35173701855.45,
2022-05-18,2438.0,2438.0,2490.17,2445.3,42157561625.15,
2022-05-19,2454.36,2414.63,2454.83,2436.57,23142918171.25,
2022-05-20,2441.56,2365.81,2451.02,2373.26,26154389699.35,
2022-05-23,2379.66,2300.77,2389.42,2301.85,25254453193.0,
2022-05-24,2300.11,2229.22,2317.92,2293.62,34493860692.9,
2022-05-25,2300.15,2291.13,2340.18,2340.18,28631752004.9,
2022-05-26,2348.44,2327.29,2415.03,2413.06,64356904664.25,
2022-05-27,2424.7,2399.92,2439.89,2407.59,34678510445.75,
2022-05-30,2418.21,2376.44,2433.04,2400.39,27385294017.35,
2022-05-31,2400.75,2351.74,2400.75,2355.75,20607741318.75,
2022-06-01,2349.84,2338.9,2385.64,2374.6,23159339655.75,
2022-06-02,2374.67,2337.53,2382.23,2340.17,25936157830.6,
2022-06-03,2341.55,2286.82,2348.03,2308.03,36640803131.35,
2022-06-06,2308.35,2277.21,2321.75,2282.16,23466169598.8,
2022-06-07,2281.3,2239.72,2294.4,2291.62,24673602866.25,
2022-06-08,2296.62,2296.62,2342.69,2318.85,33948819398.5,
2022-06-09,2321.57,2275.22,2323.39,2293.99,24767087945.6,
2022-06-10,2282.81,2273.95,2296.1,2285.52,22155213875.5,
2022-06-14,2280.02,2261.26,2308.43,2289.75,30573074781.2,
2022-06-15,2290.76,2282.79,2320.4,2318.96,31609602711.5,
2022-06-16,2321.52,2317.87,2374.24,2369.75,35239559797.15,
2022-06-17,2373.07,2345.4,2382.49,2353.98,21840774908.95,
2022-06-20,2358.26,2357.33,2404.4,2404.4,34227692868.45,
2022-06-21,2407.63,2357.27,2415.59,2358.81,47531716832.35,
2022-06-22,2348.04,2320.87,2373.52,2373.52,43293077659.95,
2022-06-23,2375.6,2350.1,2404.54,2404.54,48779605043.7,
2022-06-24,2405.31,2372.05,2414.02,2391.51,32470388222.9,
2022-06-27,2387.55,2384.32,2417.06,2417.06,32260073730.15,
2022-06-28,2419.15,2392.26,2419.81,2408.75,43643513132.7,
2022-06-29,2407.49,2370.41,2407.49,2378.55,39630917157.45,
2022-06-30,2380.03,2184.71,2407.2,2204.85,112712384216.9,
2022-07-01,2197.9,2165.13,2237.92,2206.61,51706511774.9,
2022-07-04,2208.7,2197.39,2240.83,2204.66,39025784884.65,
2022-07-05,2214.39,2187.57,2238.73,2226.64,46917603887.65,
2022-07-06,2227.02,2214.04,2273.24,2221.88,42030318167.35,
2022-07-07,2221.02,2206.16,2239.59,2226.65,29779918346.8,
2022-07-08,2225.02,2202.52,2234.55,2222.51,22404447211.4,
2022-07-11,2213.55,2156.36,2224.35,2162.34,30424271677.8,
2022-07-12,2160.74,2105.26,2160.74,2133.77,33458868465.65,
2022-07-13,2138.14,2064.58,2142.51,2073.68,28992855951.55,
2022-07-14,2073.79,2049.44,2105.61,2063.3,25927908701.5,
2022-07-15,2069.02,2056.82,2109.52,2109.52,24180602393.25,
2022-07-18,2119.02,2083.01,2127.96,2096.42,21323881776.8,
2022-07-19,2089.28,2047.33,2089.28,2071.28,23004610338.55,
2022-07-20,2076.24,2067.37,2098.92,2075.24,25182119101.75,
2022-07-21,2075.99,2022.16,2075.99,2053.64,27162716773.85,
2022-07-22,2056.16,2053.2,2099.68,2096.75,24272476943.15,
2022-07-25,2099.81,2090.22,2132.75,2128.96,28351314131.4,
2022-07-26,2135.89,2135.89,2192.42,2192.42,35324587836.75,
2022-07-27,2198.96,2184.71,2220.82,2196.22,35568624253.65,
2022-07-28,2204.01,2169.21,2213.21,2189.16,27632179178.4,
2022-07-29,2187.67,2181.07,2213.81,2213.81,25886690603.45,
2022-08-01,2213.75,2178.98,2220.73,2180.09,34423779174.35,
2022-08-02,2176.57,2137.3,2178.81,2137.3,27914278332.05,
2022-08-03,2138.76,2123.92,2156.54,2123.92,26449883090.05,
2022-08-04,2126.39,2111.87,2137.83,2116.58,22594862837.6,
2022-08-05,2120.13,2052.08,2124.6,2054.29,36874314128.85,
2022-08-08,2106.5,2086.98,2119.41,2088.4,27924176471.55,
2022-08-09,2090.37,2071.72,2136.8,2136.8,26431314966.3,
2022-08-10,2138.81,2128.59,2158.87,2151.5,27194863629.45,
2022-08-11,2157.17,2128.38,2174.9,2133.11,29583573202.9,
2022-08-12,2133.93,2117.08,2150.9,2147.33,21718566668.55,
2022-08-15,2147.76,2139.45,2165.75,2165.12,22639885747.8,
2022-08-16,2172.4,2168.06,2208.33,2208.33,27547482467.65,
2022-08-17,2213.43,2186.86,2225.05,2188.56,28031808792.3,
2022-08-18,2188.42,2176.02,2197.92,2194.31,19293588498.15,
2022-08-19,2199.6,2179.56,2199.6,2195.16,19380590930.2,
2022-08-22,2193.29,2187.04,2231.22,2228.11,25478090146.55,
2022-08-23,2230.74,2230.74,2261.59,2260.08,34167923073.9,
2022-08-24,2263.57,2243.08,2273.65,2248.22,25211293918.35,
2022-08-25,2249.39,2234.87,2266.18,2246.34,24487294443.55,
2022-08-26,2248.98,2239.66,2268.89,2268.89,18051564449.45,
2022-08-29,2267.43,2263.99,2296.33,2296.33,26880489296.25,
2022-08-30,2299.28,2292.44,2314.53,2306.62,50550921071.3,
2022-08-31,2377.02,2368.42,2423.12,2400.08,102136552775.55,
2022-09-01,2401.98,2380.01,2448.5,2445.77,56992336461.55,
2022-09-02,2443.76,2431.54,2474.71,2471.45,63579147654.35,
2022-09-05,2472.1,2440.88,2488.44,2488.44,45685735670.35,
2022-09-06,2487.76,2382.24,2492.15,2425.33,64403078065.35,
2022-09-07,2422.88,2394.56,2436.64,2401.57,39183921359.65,
2022-09-08,2397.59,2378.3,2407.39,2390.27,33722794765.45,
2022-09-09,2391.69,2391.69,2426.81,2426.06,30026659925.9,
2022-09-12,2419.77,2413.55,2465.22,2449.65,35740888613.15,
2022-09-13,2459.75,2438.8,2465.55,2446.89,28825213667.6,
2022-09-14,2439.96,2400.14,2439.96,2435.89,34390158477.8,
2022-09-15,2434.79,2418.3,2457.02,2446.59,35982254564.4,
2022-09-16,2446.09,2427.68,2469.02,2435.18,39556443400.3,
2022-09-19,2436.48,2427.19,2453.03,2430.54,26089124163.1,
2022-09-20,2430.53,2171.92,2436.3,2215.67,128647576445.4,
2022-09-21,2052.89,2002.73,2186.43,2130.71,79143617866.05,
2022-09-22,2138.39,2138.39,2216.85,2190.87,69447770288.8,
2022-09-23,2192.11,2071.37,2192.68,2089.87,56633145265.45,
2022-09-26,2054.56,1841.42,2054.56,1933.35,85669841859.2,
2022-09-27,1930.58,1904.24,1975.32,1953.46,52656113619.5,
2022-09-28,1978.89,1948.25,2018.99,1963.86,49270453422.3,
2022-09-29,1998.24,1917.62,2005.8,1953.77,42281651650.9,
2022-09-30,1977.75,1872.95,2005.21,1957.31,100124286989.9,
2022-10-03,1991.88,1972.43,2047.54,2041.96,44257545026.7,
2022-10-04,2071.19,2016.59,2079.67,2046.42,46366353260.7,
2022-10-05,2041.5,1971.91,2045.62,2029.88,53461971146.1,
2022-10-06,2027.3,2015.09,2053.86,2020.63,35091173555.05,
2022-10-07,2012.95,1939.54,2012.95,1944.75,41355184462.6,
2022-10-10,1783.66,1775.04,1917.91,1916.97,56385754466.1,
2022-10-11,1928.74,1909.11,1952.8,1949.46,31814724761.25,
2022-10-12,1965.39,1937.93,1974.59,1951.65,27544147227.5,
2022-10-13,1950.24,1941.18,1975.84,1955.2,25239455241.2,
2022-10-14,1963.38,1933.29,1965.77,1950.98,23793882193.25,
2022-10-17,1958.18,1955.7,2013.61,2012.85,32246002624.9,
2022-10-18,2031.56,1999.38,2039.67,2032.4,33771126653.65,
2022-10-19,1986.67,1953.74,2006.06,1978.4,35837150710.55,
2022-10-20,1998.74,1991.09,2032.58,2025.51,35871004460.3,
2022-10-21,2026.44,2000.68,2049.0,2043.71,35187924135.05,
2022-10-24,2070.36,2048.37,2088.31,2063.95,32652624967.05,
2022-10-25,2066.28,2058.09,2130.65,2130.65,42887815544.05,
2022-10-26,2131.18,2093.12,2144.56,2120.58,42015203006.9,
2022-10-27,2133.81,2123.57,2164.64,2164.64,41008408450.6,
2022-10-28,2154.28,2130.75,2171.88,2167.7,43444621093.25,
2022-10-31,2173.0,2155.75,2184.38,2166.61,31288260044.75,
2022-11-01,2179.15,2161.18,2185.6,2174.35,21732654118.25,
2022-11-02,2178.25,2160.56,2184.89,2173.84,22031567419.25,
2022-11-03,2145.54,2123.32,2156.78,2155.92,25792024221.25,
2022-11-07,2176.33,2172.34,2208.78,2208.78,41425843846.95,
2022-11-08,2213.39,2188.22,2221.13,2207.2,37767596384.3,
2022-11-09,2201.06,2166.42,2205.92,2166.56,32153634675.1,
2022-11-10,2167.96,2161.57,2211.21,2210.02,50837891634.05,
2022-11-11,2221.68,2204.33,2224.97,2217.44,35129623599.9,
2022-11-14,2230.8,2221.31,2245.9,2244.77,39642803675.8,
2022-11-15,2249.22,2211.19,2254.94,2223.26,36552526475.9,
2022-11-16,2199.1,2191.95,2232.83,2227.19,29153605996.45,
2022-11-17,2227.54,2200.11,2235.76,2212.93,24154127523.05,
2022-11-18,2208.39,2189.93,2211.7,2206.32,19150662557.8,
2022-11-21,2204.9,2161.35,2204.9,2166.31,28464891091.05,
2022-11-22,2179.76,2169.62,2200.06,2196.04,21690712689.0,
2022-11-23,2196.24,2180.64,2217.4,2211.89,32870895270.55,
2022-11-24,2214.14,2206.12,2225.92,2210.95,20472685548.4,
2022-11-25,2209.31,2190.67,2211.1,2195.17,18973705982.5,
2022-11-28,2180.32,2163.44,2182.16,2177.45,25255954654.45,
2022-11-29,2180.65,2178.34,2191.44,2185.32,21033978164.9,
2022-11-30,2184.27,2172.67,2184.27,2174.53,15628414954.25,
2022-12-01,2189.65,2183.57,2193.41,2187.29,20487790535.0,
2022-12-02,2189.19,2173.48,2189.35,2180.44,22206009036.85,
2022-12-05,2179.79,2174.17,2210.7,2208.28,36556414504.95,
2022-12-06,2204.51,2184.65,2208.36,2196.24,22011415280.2,
2022-12-07,2185.01,2166.77,2193.71,2192.88,27417051222.95,
2022-12-08,2196.17,2174.57,2197.77,2184.43,22523116709.55,
2022-12-09,2178.93,2169.04,2183.97,2177.85,16733074100.55,
2022-12-12,2178.33,2163.33,2185.49,2173.16,19308247875.05,
2022-12-13,2175.29,2154.52,2177.95,2174.38,24793682504.95,
2022-12-14,2171.12,2154.65,2171.31,2159.81,20963085762.75,
2022-12-15,2151.69,2115.21,2151.69,2126.8,30466746003.55,
2022-12-16,2118.43,2116.08,2135.79,2132.75,19713454690.15,
2022-12-19,2131.33,2109.56,2139.07,2129.98,30518978665.2,
2022-12-20,2071.1,2070.58,2119.37,2119.37,34192361634.1,
2022-12-21,2135.41,2102.24,2139.49,2116.13,30181774160.05,
2022-12-22,2124.37,2114.91,2134.48,2122.91,22386857843.15,
2022-12-23,2121.99,2110.59,2128.27,2124.02,17531982626.35,
2022-12-26,2126.4,2126.4,2139.78,2139.21,21299933246.1,
2022-12-27,2142.08,2138.11,2154.35,2150.92,21591490276.15,
2022-12-28,2150.12,2136.68,2152.47,2139.77,18811163578.05,
2022-12-29,2135.91,2134.48,2149.94,2147.06,15793852418.55,
2022-12-30,2149.83,2139.79,2154.47,2154.12,16664943291.65,
2023-01-03,2157.18,2157.18,2174.23,2172.68,12690309378.95,
2023-01-04,2171.54,2162.06,2179.56,2168.42,11510044721.05,
2023-01-05,2170.4,2154.16,2171.94,2156.67,9783315405.0,
2023-01-06,2157.32,2153.32,2160.08,2156.39,7622557637.8,
2023-01-09,2163.43,2162.01,2169.71,2163.5,18179113212.1,
2023-01-10,2162.7,2145.14,2162.92,2159.51,14600174654.45,
2023-01-11,2156.28,2153.55,2190.4,2186.98,35257346290.55,
2023-01-12,2193.53,2177.36,2194.8,2185.93,21456804414.0,
2023-01-13,2188.6,2179.82,2204.18,2199.94,27688238742.05,
2023-01-16,2204.64,2204.46,2224.9,2224.9,27333518945.0,
2023-01-17,2225.26,2196.84,2226.49,2196.84,31460321183.45,
2023-01-18,2188.9,2177.65,2206.66,2196.26,24434857167.75,
2023-01-19,2190.02,2162.11,2193.93,2168.83,25621313385.4,
2023-01-20,2167.61,2154.37,2173.71,2166.69,18882607247.05,
2023-01-23,2167.92,2164.89,2186.85,2185.31,23076679749.25,
2023-01-24,2191.64,2172.75,2199.29,2172.75,29120905166.5,
2023-01-25,2168.48,2160.76,2176.61,2170.15,22637391195.2,
2023-01-26,2181.96,2166.92,2183.77,2166.92,22684239621.05,
2023-01-27,2174.85,2167.33,2189.35,2189.35,22277273691.3,
2023-01-30,2193.99,2189.12,2204.41,2204.41,25349957927.0,
2023-01-31,2203.57,2202.76,2225.6,2225.6,33469998785.2,
2023-02-01,2232.02,2224.95,2247.12,2230.15,39359470583.55,
2023-02-02,2243.04,2228.56,2249.56,2243.54,32836232460.1,
2023-02-03,2239.1,2216.63,2253.7,2248.3,43326732161.75,
2023-02-06,2245.93,2243.77,2276.5,2272.37,41978396753.15,
2023-02-07,2281.69,2262.3,2290.51,2267.69,41070831270.9,
2023-02-08,2273.59,2244.52,2283.49,2251.97,36352162036.05,
2023-02-09,2258.97,2241.02,2269.96,2262.45,36719582060.2,
2023-02-10,2253.51,2249.62,2264.39,2261.58,20751973737.05,
2023-02-13,2262.65,2261.37,2271.0,2264.27,18435819331.55,
2023-02-14,2256.59,2225.94,2256.96,2232.23,31061645096.45,
2023-02-15,2216.69,2164.7,2216.69,2166.46,42803893942.3,
2023-02-16,2169.39,2150.17,2186.64,2153.96,33206834832.25,
2023-02-17,2157.5,2147.31,2180.96,2168.88,23626925959.6,
2023-02-20,2172.53,2140.78,2186.39,2183.57,30085172953.75,
2023-02-21,2184.6,2184.51,2227.82,2212.42,49606379523.4,
2023-02-22,2215.43,2194.99,2215.58,2212.4,20589616471.8,
2023-02-24,2209.1,2202.25,2223.23,2208.03,18979268125.35,
2023-02-27,2194.39,2188.95,2241.1,2241.1,36711171319.1,
2023-02-28,2246.26,2239.59,2258.68,2253.16,37023209047.6,
2023-03-01,2258.89,2255.45,2287.48,2279.65,40016502886.95,
2023-03-02,2284.87,2235.43,2286.27,2254.3,50749873558.3,
2023-03-03,2250.12,2249.81,2273.52,2272.2,26705003484.35,
2023-03-06,2286.2,2283.4,2297.86,2294.12,33614803020.6,
2023-03-07,2294.32,2281.46,2298.93,2295.6,24580193073.35,
2023-03-09,2295.03,2278.95,2302.1,2290.14,28764398015.85,
2023-03-10,2272.61,2266.33,2283.18,2276.25,28442547978.2,
2023-03-13,2279.13,2250.14,2289.7,2269.47,40590100977.2,
2023-03-14,2266.78,2261.65,2290.32,2290.32,37222691640.25,
2023-03-15,2287.16,2257.0,2295.06,2262.07,40845107270.85,
2023-03-16,2262.61,2236.77,2269.01,2258.22,35593046390.65,
2023-03-17,2284.78,2275.48,2322.78,2322.78,108087768758.2,
2023-03-20,2337.83,2332.8,2397.16,2397.16,84163284261.5,
2023-03-21,2417.43,2383.08,2431.23,2398.15,74773280093.7,
2023-03-22,2387.81,2374.46,2398.76,2393.88,34290916792.5,
2023-03-23,2386.7,2379.88,2396.5,2388.35,23579664336.45,
2023-03-24,2386.53,2384.29,2394.03,2391.53,20820009237.3,
2023-03-27,2400.84,2400.84,2440.68,2440.68,47214135240.05,
2023-03-28,2453.26,2421.39,2458.37,2442.19,41688810661.95,
2023-03-29,2449.96,2437.52,2468.48,2460.87,45339433902.8,
2023-03-30,2458.06,2450.46,2467.97,2465.93,29588518563.9,
2023-03-31,2470.12,2424.45,2472.53,2450.67,49152762590.45,
2023-04-03,2474.37,2463.0,2482.54,2473.32,48168034560.8,
2023-04-04,2483.47,2479.24,2511.49,2480.45,61460346597.1,
2023-04-05,2489.18,2465.77,2500.8,2500.8,46265010869.7,
2023-04-06,2504.06,2498.3,2521.81,2498.3,43371731593.55,
2023-04-07,2504.04,2491.37,2511.95,2508.39,28962641538.35,
2023-04-10,2523.2,2523.2,2548.41,2547.35,51000274967.7,
2023-04-11,2560.04,2515.83,2577.51,2533.69,82411991848.0,
2023-04-12,2538.62,2520.65,2554.77,2538.47,39292795917.3,
2023-04-13,2546.98,2528.06,2557.58,2544.28,31298785613.0,
2023-04-14,2546.93,2532.39,2554.85,2554.85,33758690384.55,
2023-04-17,2572.54,2572.54,2596.45,2596.11,48786704257.95,
2023-04-18,2601.34,2586.05,2615.62,2615.62,55299787219.85,
2023-04-19,2617.91,2584.96,2629.01,2606.55,75124691893.3,
2023-04-20,2600.71,2565.61,2640.78,2637.85,75946446478.25,
2023-04-21,2640.99,2626.94,2648.21,2639.95,57200329084.4,
2023-04-24,2636.76,2609.4,2651.8,2635.43,39712592822.4,
2023-04-25,2639.67,2619.67,2642.12,2626.86,32157208711.0,
2023-04-26,2625.62,2614.98,2631.13,2620.33,31901400374.2,
2023-04-27,2620.65,2617.04,2646.18,2646.18,58564323144.4,
2023-04-28,2653.93,2608.02,2657.9,2634.94,51130716753.3,
2023-05-02,2623.29,2560.09,2635.53,2580.51,63970845685.6,
2023-05-03,2585.4,2532.42,2586.17,2532.42,54409373737.95,
2023-05-04,2524.97,2524.36,2547.2,2524.51,38680596602.8,
2023-05-05,2544.47,2529.08,2555.39,2538.24,35453025873.55,
2023-05-08,2528.74,2513.84,2538.23,2527.59,20351667294.1,
2023-05-10,2483.92,2483.79,2556.67,2548.63,70959379219.55,
2023-05-11,2573.41,2567.98,2610.8,2595.12,74640203057.4,
2023-05-12,2570.65,2552.05,2584.91,2565.17,37663735250.9,
2023-05-15,2581.64,2581.64,2611.71,2611.07,43944338845.4,
2023-05-16,2645.94,2621.59,2655.73,2633.71,42646373333.2,
2023-05-17,2637.51,2623.15,2646.61,2634.48,38940434444.55,
2023-05-18,2650.12,2624.49,2658.57,2632.91,59453341862.7,
2023-05-19,2627.59,2612.47,2635.8,2626.16,58915837809.3,
2023-05-22,2648.3,2622.35,2652.97,2633.26,47631848454.95,
2023-05-23,2641.05,2607.63,2648.69,2641.66,71936165173.9,
2023-05-24,2643.73,2626.43,2659.68,2654.99,71756125244.55,
2023-05-25,2662.85,2631.03,2663.51,2649.98,66820699399.05,
2023-05-26,2650.38,2645.54,2685.14,2682.03,52536425210.15,
2023-05-29,2697.46,2697.46,2732.0,2732.0,66140079776.4,
2023-05-30,2712.04,2687.81,2748.6,2698.75,90132343989.3,
2023-05-31,2698.11,2676.27,2718.27,2717.64,58274293697.45,
2023-06-01,2720.21,2709.33,2729.97,2721.73,43398021905.95,
2023-06-02,2684.59,2684.59,2720.47,2719.48,66776774006.3,
2023-06-05,2726.17,2679.3,2738.82,2694.14,76307627682.0,
2023-06-06,2667.76,2628.0,2687.41,2681.25,76433900154.6,
2023-06-07,2690.94,2674.11,2711.72,2694.69,55873417951.1,
2023-06-08,2693.6,2688.31,2709.69,2709.69,38267334626.35,
2023-06-09,2717.2,2705.24,2721.84,2708.04,39244085182.5,
2023-06-13,2715.31,2715.15,2757.28,2757.28,52360263412.3,
2023-06-14,2777.2,2758.35,2786.06,2765.18,59477469249.1,
2023-06-15,2776.77,2764.89,2809.42,2800.17,70674603849.85,
2023-06-16,2809.28,2783.71,2813.74,2800.79,46090977475.15,
2023-06-19,2808.04,2783.69,2816.57,2815.07,67392787319.35,
2023-06-20,2810.14,2778.0,2814.72,2803.69,57147026333.9,
2023-06-21,2808.87,2794.68,2821.88,2819.3,45230035006.2,
2023-06-22,2817.3,2805.92,2820.43,2815.83,34384928911.25,
2023-06-23,2790.04,2767.82,2795.06,2795.06,44229380378.2,
2023-06-26,2771.52,2741.33,2784.28,2757.13,55763545917.45,
2023-06-27,2759.61,2743.07,2785.33,2776.63,54247868187.05,
2023-06-28,2781.1,2766.93,2787.52,2780.92,50203546474.6,
2023-06-29,2790.27,2783.53,2804.8,2796.41,45359611884.85,
2023-06-30,2796.0,2779.61,2800.12,2797.37,43918551469.5,
2023-07-03,2795.58,2790.81,2804.93,2793.93,53480309453.55,
2023-07-04,2798.02,2776.79,2808.22,2808.22,50001620295.6,
2023-07-05,2795.4,2795.4,2813.76,2805.0,40919409057.8,
2023-07-06,2816.74,2813.38,2837.49,2819.6,49025725832.85,
2023-07-07,2823.89,2814.38,2832.82,2832.51,35233849809.0,
2023-07-10,2838.85,2838.52,2864.32,2856.76,87970608406.8,
2023-07-11,2865.64,2851.01,2867.36,2860.33,54684261681.0,
2023-07-12,2870.61,2870.61,2897.28,2896.83,49227664370.65,
2023-07-13,2899.98,2873.0,2912.15,2885.63,49847140055.9,
2023-07-14,2882.96,2874.44,2902.72,2902.72,39987004923.45,
2023-07-17,2889.09,2880.11,2917.72,2917.61,53443542845.8,
2023-07-18,2923.69,2922.74,2955.81,2954.52,77193330616.55,
2023-07-19,2959.41,2938.66,2966.72,2943.43,58857210252.15,
2023-07-20,2947.08,2905.02,2947.29,2917.48,61399540098.3,
2023-07-21,2890.45,2889.78,2925.54,2923.54,45191958198.35,
2023-07-24,2929.23,2925.1,2947.17,2937.47,44299432857.5,
2023-07-25,2948.87,2943.74,2975.36,2975.36,53262100574.35,
2023-07-26,2974.21,2954.9,2982.47,2970.42,56856463588.0,
2023-07-27,2975.52,2975.52,2992.47,2987.85,62041044277.65,
2023-07-28,2986.35,2978.12,3008.61,3008.61,52041795977.65,
2023-07-31,3026.93,3026.93,3073.5,3073.5,97511677780.55,
2023-08-01,3085.97,3055.25,3114.56,3093.64,103557085530.9,
2023-08-02,3096.72,3080.63,3123.45,3106.46,67996962269.65,
2023-08-03,3111.7,3094.27,3150.28,3147.8,90891719857.2,
2023-08-04,3158.53,3073.69,3194.83,3092.44,150969000582.9,
2023-08-07,3120.54,3084.08,3153.6,3084.08,72453714916.85,
2023-08-08,3077.63,3026.72,3092.54,3085.31,76068844687.75,
2023-08-09,3106.03,3083.77,3120.25,3099.52,52718489763.7,
2023-08-10,3122.06,3115.85,3148.86,3148.86,76284260011.95,
2023-08-11,3158.59,3138.04,3163.47,3155.51,58933369741.8,
2023-08-14,3186.47,3117.31,3225.78,3131.0,145236568216.0,
2023-08-15,3083.32,3068.66,3163.74,3115.25,101365702525.95,
2023-08-16,3109.46,3015.57,3122.34,3049.46,102092119719.0,
2023-08-17,3069.81,3031.73,3076.31,3059.02,58197839880.9,
2023-08-18,3077.78,3058.01,3111.22,3111.22,52548201795.55,
2023-08-21,3139.29,3122.37,3150.61,3139.93,67735783243.5,
2023-08-22,3146.42,3124.19,3172.3,3164.25,83064853846.2,
2023-08-23,3180.39,3113.24,3184.17,3146.2,77548993173.5,
2023-08-24,3117.02,3108.17,3137.37,3137.37,40282143311.7,
2023-08-25,3150.03,3132.07,3158.61,3157.33,39505389067.35,
2023-08-28,3161.36,3161.36,3202.24,3198.72,63409284339.85,
2023-08-29,3205.06,3191.31,3218.4,3211.36,83871175803.25,
2023-08-30,3214.11,3193.18,3220.85,3212.68,71358246002.45,
2023-08-31,3218.48,3211.94,3234.68,3227.99,69633845179.8,
2023-09-01,3230.53,3214.95,3232.92,3231.35,54848329183.4,
2023-09-04,3242.49,3242.4,3268.97,3268.97,79115006708.75,
2023-09-05,3273.39,3246.46,3287.34,3264.43,69983337336.7,
2023-09-06,3270.84,3236.79,3270.84,3245.47,61766334286.2,
2023-09-07,3247.9,3145.25,3262.73,3169.07,110748686130.0,
2023-09-08,3178.44,3114.39,3188.77,3142.88,73021984581.6,
2023-09-11,3145.26,3106.92,3153.61,3122.37,69351105559.2,
2023-09-12,3118.14,3117.7,3165.92,3165.92,63830695936.8,
2023-09-13,3189.08,3148.32,3191.57,3148.32,49516509449.0,
2023-09-14,3144.29,3072.82,3148.5,3139.49,76786367100.8,
2023-09-15,3126.57,3116.72,3155.45,3152.53,54277283310.25,
2023-09-18,3165.06,3127.37,3177.23,3135.18,56641551167.95,
2023-09-19,3134.37,3054.25,3141.38,3083.85,91514235959.0,
2023-09-20,3061.18,3013.75,3091.05,3068.15,90455495666.3,
2023-09-21,3058.2,3009.89,3062.68,3019.22,75859453170.35,
2023-09-22,3009.87,2988.04,3051.69,3049.07,70583117751.2,
2023-09-25,3051.85,3025.89,3056.23,3045.39,43799332389.75,
2023-09-26,3034.23,3001.92,3051.91,3051.91,52669899315.15,
2023-09-27,3053.37,3052.59,3081.41,3067.61,46210933651.7,
2023-09-28,3080.81,3076.64,3108.07,3108.07,51682474548.1,
2023-09-29,3121.07,3106.97,3141.12,3133.26,66288609362.75,
2023-10-02,3141.69,3125.58,3162.53,3132.33,68632430521.25,
2023-10-03,3134.45,3103.63,3146.33,3143.88,51722739274.15,
2023-10-04,3138.62,3130.03,3154.97,3134.25,43951700148.25,
2023-10-05,3126.71,3112.96,3138.5,3131.76,41598507645.55,
2023-10-06,3138.87,3121.0,3145.01,3144.89,39498958223.9,
2023-10-09,3166.21,3164.63,3185.86,3174.02,56663325565.05,
2023-10-10,3175.08,3162.61,3182.08,3177.03,39536045222.55,
2023-10-11,3174.99,3168.29,3196.44,3194.12,66537284095.4,
2023-10-12,3130.04,3122.58,3178.5,3174.66,62686809843.5,
2023-10-13,3182.47,3176.17,3195.23,3192.33,50282533196.45,
2023-10-16,3204.81,3202.94,3235.66,3234.78,65853279415.65,
2023-10-17,3239.37,3228.11,3252.55,3247.15,72231692204.35,
2023-10-18,3252.31,3225.44,3262.54,3249.21,81213914737.85,
2023-10-19,3245.26,3232.16,3260.45,3255.16,57371834112.9,
2023-10-20,3257.85,3236.31,3269.71,3269.27,69952835836.6,
2023-10-23,3271.76,3248.39,3283.8,3263.68,67528634796.15,
2023-10-24,3256.29,3237.08,3266.59,3265.01,57858122995.95,
2023-10-25,3265.18,3243.25,3269.76,3265.28,59152443940.2,
2023-10-26,3272.71,3221.79,3283.49,3223.89,78078874145.6,
2023-10-27,3219.49,3185.84,3241.55,3224.18,71864096635.45,
2023-10-30,3232.82,3219.7,3246.0,3227.07,46028692095.7,
2023-10-31,3221.08,3176.53,3226.88,3200.97,51194409596.6,
2023-11-01,3192.96,3191.34,3214.83,3206.52,34173972609.55,
2023-11-02,3216.92,3197.22,3228.46,3197.22,44725565876.95,
2023-11-03,3207.04,3182.17,3212.81,3208.63,45527115236.0,
2023-11-06,3207.47,3207.1,3237.09,3235.11,34621931434.3,
2023-11-07,3239.98,3228.46,3246.65,3246.34,43761541279.6,
2023-11-08,3238.81,3233.11,3257.32,3245.43,51717129125.9,
2023-11-09,3241.5,3222.34,3245.11,3239.92,41676218574.1,
2023-11-10,3236.03,3229.1,3246.31,3242.06,45648433667.5,
2023-11-13,3241.31,3235.06,3251.74,3248.27,46210068912.2,
2023-11-14,3236.48,3192.32,3236.48,3212.39,60536270231.15,
2023-11-15,3195.43,3182.78,3221.22,3215.11,51510619170.35,
2023-11-16,3209.33,3184.97,3215.93,3189.08,38042327235.65,
2023-11-17,3172.78,3151.95,3208.17,3206.34,48876695171.45,
2023-11-20,3205.73,3194.4,3216.73,3207.36,39389218372.35,
2023-11-21,3198.73,3193.46,3219.11,3218.48,43450662035.45,
2023-11-22,3221.9,3220.37,3239.17,3230.65,54706914415.9,
2023-11-23,3233.09,3218.72,3238.81,3221.05,38576759503.2,
2023-11-24,3223.75,3203.62,3231.77,3217.76,48043285163.85,
2023-11-27,3220.25,3178.2,3224.61,3191.05,71973813282.4,
2023-11-28,3189.16,3157.55,3197.61,3196.36,54632481094.0,
2023-11-29,3196.75,3173.37,3200.33,3173.52,45015233407.45,
2023-11-30,3176.5,3146.53,3176.53,3165.79,50537955023.75,
2023-12-01,3155.87,3136.56,3162.97,3142.29,40584354460.75,
2023-12-04,3123.18,3096.28,3126.55,3114.41,49061478048.15,
2023-12-05,3102.3,3090.31,3134.57,3129.33,42213609509.25,
2023-12-06,3139.89,3077.94,3146.52,3079.5,59384099103.9,
2023-12-07,3065.93,3041.11,3084.5,3073.63,60418731501.35,
2023-12-08,3079.88,3067.46,3100.22,3079.99,34691761303.6,
2023-12-11,3081.88,3025.74,3082.3,3026.17,69692755380.7,
2023-12-12,3020.61,2992.5,3046.81,3019.89,61976749445.1,
2023-12-13,3011.99,3002.38,3043.42,3032.22,33872208220.5,
2023-12-14,3046.43,3005.94,3057.08,3008.84,38101096671.2,
2023-12-15,2959.29,2959.29,3037.29,3033.89,72542573400.3,
2023-12-18,3052.14,3048.82,3090.04,3076.26,61960968092.0,
2023-12-19,3084.12,3066.34,3091.26,3083.64,50806028979.9,
2023-12-20,3091.35,3088.74,3113.92,3104.66,53334930887.35,
2023-12-21,3093.46,3050.0,3095.01,3073.57,58423925406.6,
2023-12-22,3076.31,3075.56,3102.75,3092.58,59800876920.32,
2023-12-25,3095.42,3086.89,3108.14,3099.02,65851286285.35,
2023-12-26,3090.39,3080.92,3098.69,3094.72,46286441430.6,
2023-12-27,3100.99,3097.31,3112.19,3097.49,50134780900.32,
2023-12-28,3099.56,3081.98,3101.99,3101.99,50308124032.2,
2023-12-29,3092.66,3086.26,3102.08,3099.11,33360963641.32,
2024-01-03,3099.78,3099.1,3132.76,3130.23,25999773751.67,
2024-01-04,3140.66,3133.93,3144.25,3136.07,22880636623.45,
2024-01-05,3138.27,3128.16,3142.8,3136.37,20822444164.74,
2024-01-08,3140.12,3139.37,3158.82,3158.58,35541931860.41,
2024-01-09,3156.17,3143.03,3158.72,3155.55,49269572379.41,
2024-01-10,3158.35,3156.44,3174.28,3164.7,42849987789.07,
2024-01-11,3158.3,3148.5,3181.25,3181.25,75731238106.29,
2024-01-12,3182.5,3176.09,3196.98,3185.22,54148316321.9,
2024-01-15,3190.62,3176.73,3200.78,3184.88,50735907185.46,
2024-01-16,3186.77,3162.98,3187.14,3179.45,50278982619.43,
2024-01-17,3174.87,3169.99,3189.26,3185.23,47074341522.51,
2024-01-18,3188.71,3176.72,3193.54,3178.85,43119055602.56,
2024-01-19,3176.13,3154.46,3179.21,3166.37,45854909733.92,
2024-01-22,3161.44,3157.37,3179.11,3172.15,42130512576.53,
2024-01-23,3176.19,3166.66,3179.75,3175.74,45044845848.28,
2024-01-24,3176.59,3152.96,3183.7,3162.41,46503277369.16,
2024-01-25,3163.36,3143.89,3166.95,3157.74,45461201946.99,
2024-01-26,3164.55,3157.76,3171.95,3163.21,45979583256.1,
2024-01-29,3169.57,3169.57,3184.15,3176.61,46667512330.43,
2024-01-30,3181.75,3178.82,3196.15,3196.08,71884614820.82,
2024-01-31,3201.48,3198.83,3219.41,3214.19,62393378068.08,
2024-02-01,3220.43,3220.38,3233.21,3229.89,56072080314.88,
2024-02-02,3229.48,3215.0,3232.35,3226.35,58221436623.55,
2024-02-05,3218.91,3218.91,3232.38,3226.79,79772720557.48,
2024-02-06,3234.44,3228.78,3238.4,3238.4,47381481665.38,
2024-02-07,3240.57,3240.16,3259.24,3256.58,71996364667.13,
2024-02-08,3261.18,3236.79,3266.45,3241.81,93017428633.36,
2024-02-09,3231.3,3219.56,3242.38,3242.38,49774764900.27,
2024-02-12,3241.57,3227.7,3248.5,3248.5,53148275940.8,
2024-02-13,3250.3,3245.02,3259.69,3254.6,61252409706.73,
2024-02-14,3261.52,3251.76,3267.88,3258.14,61011261936.57,
2024-02-15,3249.78,3238.83,3265.83,3265.63,59605264673.06,
2024-02-16,3269.84,3236.42,3275.23,3242.48,75952339426.53,
2024-02-19,3247.46,3234.1,3253.02,3244.56,53050781619.74,
2024-02-20,3236.85,3206.07,3237.34,3207.49,64739998498.75,
2024-02-21,3173.01,3135.8,3185.8,3139.5,105014105685.64,
2024-02-22,3152.75,3141.88,3166.86,3142.3,66954855491.29,
2024-02-26,3186.06,3186.06,3213.17,3213.17,69530002768.27,
2024-02-27,3220.26,3203.58,3224.52,3208.99,55160994984.57,
2024-02-28,3215.53,3213.36,3240.29,3227.05,61902884647.06,
2024-02-29,3233.03,3224.09,3258.14,3256.8,50717302607.49,
2024-03-01,3259.0,3249.69,3269.28,3266.66,59649504551.0,
2024-03-04,3278.01,3277.85,3298.63,3296.75,86678820262.54,
2024-03-05,3305.79,3283.59,3312.41,3300.89,66185929581.91,
2024-03-06,3298.86,3289.25,3318.14,3310.58,49425403549.9,
2024-03-07,3309.31,3303.93,3317.73,3315.68,42342887170.98,
2024-03-11,3329.72,3318.9,3340.37,3320.31,63702584994.11,
2024-03-12,3320.18,3304.49,3335.41,3332.6,54192454895.39,
2024-03-13,3337.56,3317.19,3343.56,3320.68,60223172466.69,
2024-03-14,3314.66,3287.86,3318.49,3297.0,69642224630.18,
2024-03-15,3295.15,3292.13,3313.42,3300.07,49159051514.11,
2024-03-18,3305.67,3292.0,3313.05,3296.3,87440343638.56,
2024-03-19,3293.93,3254.3,3303.52,3264.97,126000973325.8,
2024-03-20,3268.87,3257.72,3286.72,3267.1,137291165836.83,
2024-03-21,3286.75,3259.03,3297.46,3286.69,108017217102.03,
2024-03-22,3289.28,3260.39,3299.19,3273.49,88262062537.11,
2024-03-25,3251.24,3234.95,3281.63,3281.63,71511600961.75,
2024-03-26,3286.2,3275.8,3291.0,3285.54,59783293439.42,
2024-03-27,3291.7,3280.03,3304.09,3304.09,51422673944.24,
2024-03-28,3308.26,3301.52,3313.59,3312.77,61649303454.67,
2024-03-29,3313.17,3305.22,3332.53,3332.53,59294620380.39,
2024-04-01,3343.66,3343.66,3367.34,3363.29,101013487719.6,
2024-04-02,3369.32,3357.55,3375.69,3371.29,80210555236.1,
2024-04-03,3381.95,3376.63,3397.33,3395.59,86023975807.27,
2024-04-04,3399.81,3392.06,3409.62,3407.57,80827897828.97,
2024-04-05,3393.2,3385.42,3401.16,3395.37,59263336534.39,
2024-04-08,3400.82,3400.82,3423.35,3417.38,72360399146.1,
2024-04-09,3423.41,3408.99,3441.18,3414.26,84388299086.8,
2024-04-10,3424.75,3405.46,3440.03,3439.11,68204100239.98,
2024-04-11,3442.84,3431.18,3455.61,3439.53,53525607759.33,
2024-04-12,3448.6,3446.79,3464.0,3456.24,63944927459.55,
2024-04-15,3456.38,3454.06,3476.98,3472.19,74215544275.99,
2024-04-16,3478.02,3459.45,3479.04,3462.94,66353162008.45,
2024-04-17,3469.57,3443.07,3476.72,3454.07,67369551423.54,
2024-04-18,3451.37,3436.95,3457.46,3455.82,56908603957.8,
2024-04-19,3458.86,3451.48,3475.13,3470.88,54079516423.77,
2024-04-22,3468.09,3460.58,3480.21,3479.17,82859286926.77,
2024-04-23,3483.26,3436.83,3487.55,3439.42,97852906259.59,
2024-04-24,3438.45,3423.17,3445.67,3428.93,59540956724.47,
2024-04-25,3429.62,3427.02,3443.74,3439.76,47461288356.07,
2024-04-26,3446.39,3438.06,3459.12,3449.77,52160044316.96,
2024-04-27,3453.63,3453.4,3467.23,3465.85,49604766719.62,
2024-04-29,3468.92,3467.25,3480.47,3478.08,31730535756.28,
2024-04-30,3481.29,3464.86,3486.3,3469.83,25464035843.12,
2024-05-02,3470.87,3439.58,3477.42,3442.83,56777352917.19,
2024-05-03,3443.49,3424.63,3450.43,3441.77,49713350092.54,
2024-05-06,3441.7,3418.47,3444.11,3436.05,68474003787.1,
2024-05-07,3405.82,3405.82,3428.37,3427.61,62217301713.07,
2024-05-08,3431.84,3430.1,3438.75,3432.54,50959000936.27,
2024-05-10,3438.5,3438.5,3452.33,3449.78,30875827113.66,
2024-05-13,3459.05,3448.5,3465.62,3457.11,62379274951.03,
2024-05-14,3465.83,3457.31,3468.28,3463.93,60647234066.33,
2024-05-15,3466.35,3462.86,3476.49,3470.72,88168220628.54,
2024-05-16,3480.48,3477.85,3490.77,3486.26,64512839673.38,
2024-05-17,3495.25,3490.17,3506.91,3501.89,67229233018.49,
2024-05-20,3516.4,3468.09,3521.72,3468.09,78261180618.47,
2024-05-21,3447.25,3409.92,3460.19,3428.38,90881736070.67,
2024-05-22,3433.36,3433.36,3449.43,3444.64,54366679137.33,
2024-05-23,3436.81,3407.41,3444.79,3442.79,76066732376.7,
2024-05-24,3438.65,3377.64,3442.36,3396.5,83826261455.52,
2024-05-27,3384.74,3298.21,3392.99,3299.22,107526898028.24,
2024-05-28,3305.11,3277.48,3347.85,3302.91,75451014221.56,
2024-05-29,3307.76,3284.14,3323.08,3318.03,63583189080.35,
2024-05-30,3332.77,3275.54,3342.59,3282.18,52811203261.99,
2024-05-31,3258.52,3211.19,3270.01,3217.19,74789122409.07,
2024-06-03,3192.3,3087.99,3217.36,3141.42,134863407059.92,
2024-06-04,3160.01,3138.25,3201.53,3186.93,76984017380.19,
2024-06-05,3217.63,3194.73,3237.53,3212.24,75207250054.54,
2024-06-06,3206.74,3178.21,3215.99,3192.38,46866503991.39,
2024-06-07,3199.75,3193.57,3268.89,3233.22,91086045033.89,
2024-06-10,3245.4,3180.21,3255.49,3180.94,69816938309.06,
2024-06-11,3178.71,3148.22,3191.27,3171.1,71342883847.77,
2024-06-13,3050.03,3032.05,3178.01,3171.69,99225234409.93,
2024-06-14,3171.78,3160.17,3219.65,3215.91,61274525935.76,
2024-06-17,3219.29,3183.68,3221.84,3183.68,53695026325.72,
2024-06-18,3171.38,3109.09,3176.01,3114.15,64497869312.31,
2024-06-19,3104.22,3015.84,3107.39,3027.47,96431284649.27,
2024-06-20,3034.39,2996.44,3123.43,3123.43,178667728065.76,
2024-06-21,3126.25,3096.63,3141.25,3114.35,57321266627.99,
2024-06-24,3109.22,3092.83,3127.64,3098.05,53508936465.92,
2024-06-25,3097.98,3074.51,3112.82,3111.39,48098553363.25,
2024-06-26,3129.01,3127.65,3156.02,3151.7,61467099536.88,
2024-06-27,3154.58,3122.08,3158.4,3150.32,57459869444.9,
2024-06-28,3150.22,3141.37,3165.31,3154.36,49111799880.19,
2024-07-01,3160.7,3153.93,3186.76,3186.19,52689785699.36,
2024-07-02,3199.03,3190.18,3221.5,3217.29,64108022119.4,
2024-07-03,3219.11,3196.31,3226.16,3203.07,66528489246.6,
2024-07-04,3190.58,3123.92,3195.67,3133.81,67804642568.03,
2024-07-05,3131.87,3103.49,3158.83,3149.29,78455302897.41,
2024-07-08,3159.18,3122.91,3174.42,3132.58,57833893115.34,
2024-07-09,3123.91,3050.05,3124.74,3054.07,82095715825.29,
2024-07-10,3044.66,2967.45,3056.98,2975.75,104732266214.36,
2024-07-11,2908.02,2901.61,2996.34,2992.21,124876150388.24,
2024-07-12,3004.64,2957.91,3022.0,2973.21,71455309280.41,
2024-07-15,2986.32,2910.48,2994.45,2913.48,81299673295.8,
2024-07-16,2914.0,2879.23,2962.11,2944.86,105077148856.9,
2024-07-17,2963.21,2938.47,2984.15,2947.24,76001368591.84,
2024-07-18,2922.77,2908.07,2980.62,2980.62,72509100456.96,
2024-07-19,2988.27,2974.62,3024.88,3008.24,76586341501.8,
2024-07-22,3023.1,3010.15,3042.14,3024.54,67161764469.53,
2024-07-23,3032.53,3003.69,3033.18,3028.01,49765369487.69,
2024-07-24,3029.12,3015.78,3054.34,3051.76,54541834247.66,
2024-07-25,3044.6,3019.61,3045.7,3041.37,45402898686.65,
2024-07-26,3034.31,2972.53,3060.68,2993.23,117295728436.57,
2024-07-29,2979.43,2906.95,2979.43,2906.95,80012163595.47,
2024-07-30,2906.66,2895.25,2951.66,2944.78,72640227262.16,
2024-07-31,2952.19,2927.05,2961.7,2942.68,54526753602.44,
2024-08-01,2950.86,2935.69,2966.66,2935.69,38981478051.05,
2024-08-02,2927.77,2887.3,2932.16,2899.0,51177304095.63,
2024-08-05,2859.12,2807.05,2868.46,2828.72,94554388275.77,
2024-08-06,2839.41,2814.15,2863.45,2830.75,56190154161.13,
2024-08-07,2840.21,2803.47,2875.45,2874.94,72944968965.92,
2024-08-08,2877.8,2846.93,2888.1,2852.51,50925758473.76,
2024-08-09,2841.82,2829.72,2867.29,2848.29,34210258006.59,
2024-08-12,2840.33,2814.58,2858.96,2844.77,52648616171.28,
2024-08-13,2858.93,2858.93,2895.28,2884.6,53550433182.7,
2024-08-14,2894.3,2867.64,2908.63,2871.11,55379302091.44,
2024-08-15,2865.45,2835.69,2868.24,2838.11,42770537783.08,
2024-08-16,2838.78,2825.12,2847.32,2828.2,35419838940.4,
2024-08-19,2819.72,2775.64,2826.24,2775.64,65134610086.68,
2024-08-20,2780.43,2749.26,2799.85,2768.42,76630352630.9,
2024-08-21,2771.15,2744.51,2783.44,2768.14,73178443981.36,
2024-08-22,2774.49,2725.47,2786.76,2725.75,92476656421.35,
2024-08-23,2718.11,2650.19,2729.27,2662.47,110196674146.95,
2024-08-26,2746.97,2726.98,2795.47,2763.75,99653396406.07,
2024-08-27,2784.24,2726.48,2800.0,2730.38,73047883312.0,
2024-08-28,2729.72,2664.3,2729.72,2699.98,94586429599.75,
2024-08-29,2714.44,2679.43,2723.5,2708.27,85021074135.97,
2024-08-30,2717.68,2641.08,2724.53,2650.32,84958860158.53,
2024-09-02,2622.55,2540.49,2627.58,2545.07,108326589865.18,
2024-09-03,2552.32,2512.7,2603.01,2524.38,117741356417.71,
2024-09-04,2539.4,2534.21,2605.15,2605.15,76906287998.23,
2024-09-05,2631.33,2607.52,2662.0,2621.62,94482305833.58,
2024-09-06,2619.23,2604.67,2648.38,2623.37,59440728924.85,
2024-09-09,2642.31,2642.31,2703.58,2703.17,71836158678.05,
2024-09-10,2722.13,2667.06,2729.73,2671.38,68662304754.42,
2024-09-11,2675.16,2657.77,2690.58,2668.03,44925881232.74,
2024-09-12,2656.31,2603.81,2656.31,2615.0,63903593629.84,
2024-09-13,2629.31,2582.79,2682.16,2678.99,122001987216.4,
2024-09-16,2696.66,2685.38,2746.11,2744.2,83013075200.0,
2024-09-17,2753.2,2726.91,2780.24,2774.04,79582960417.52,
2024-09-18,2776.38,2742.48,2784.15,2751.73,69307069306.58,
2024-09-19,2746.41,2735.67,2777.93,2758.91,70338853740.8,
2024-09-20,2760.12,2760.12,2795.72,2782.35,60484298738.62,
2024-09-23,2797.0,2797.0,2832.22,2819.87,82240145601.76,
2024-09-24,2849.0,2822.19,2871.96,2871.96,113461496980.82,
2024-09-25,2878.59,2829.75,2887.68,2830.11,109827272627.75,
2024-09-26,2819.74,2807.3,2847.78,2829.65,85196945380.32,
2024-09-27,2838.11,2826.89,2861.95,2858.56,59513508934.87,
2024-09-30,2861.37,2841.3,2889.87,2857.56,95737568417.04,
2024-10-01,2831.17,2792.21,2837.42,2814.19,98224295179.5,
2024-10-02,2823.42,2766.79,2838.77,2766.79,84560332899.84,
2024-10-03,2767.51,2739.92,2790.98,2782.39,87671468722.59,
2024-10-04,2799.96,2789.94,2818.12,2804.62,56229804004.11,
2024-10-07,2807.85,2779.34,2817.45,2793.84,54269115201.06,
2024-10-08,2786.58,2774.74,2799.3,2788.37,51851658333.37,
2024-10-09,2787.38,2748.81,2790.14,2748.81,57169478963.14,
2024-10-10,2754.16,2752.24,2775.86,2761.54,46545077193.42,
2024-10-11,2758.11,2737.96,2763.0,2754.52,47511181067.78,
2024-10-14,2744.93,2723.3,2788.18,2773.36,79902621806.91,
2024-10-15,2774.56,2766.79,2810.13,2805.79,58693120361.44,
2024-10-16,2805.98,2781.28,2827.15,2783.46,64909278303.74,
2024-10-17,2786.82,2763.53,2795.14,2763.53,50966828617.82,
2024-10-18,2756.3,2744.36,2770.45,2751.9,51860633640.68,
2024-10-21,2759.58,2759.58,2779.73,2767.71,56778263660.35,
2024-10-22,2772.23,2754.08,2783.82,2755.19,51686245338.62,
2024-10-23,2749.53,2730.49,2755.22,2734.93,58973318264.93,
2024-10-24,2723.04,2690.83,2730.58,2718.42,59473925689.49,
2024-10-25,2723.01,2657.31,2751.23,2660.36,122703298567.75,
2024-10-28,2635.95,2570.2,2652.12,2575.06,107753511272.85,
2024-10-29,2582.29,2557.65,2612.94,2599.66,84296601420.53,
2024-10-30,2608.5,2592.15,2631.8,2615.38,63201741080.99,
2024-10-31,2582.47,2551.2,2593.11,2560.2,71471789145.84,
2024-11-01,2562.49,2541.82,2581.47,2574.71,69804796929.25,
2024-11-02,2579.11,2579.11,2603.1,2594.38,35242560105.29,
2024-11-05,2614.13,2600.48,2624.13,2616.51,47706690692.71,
2024-11-06,2676.85,2650.6,2712.29,2662.87,136880845463.0,
2024-11-07,2662.87,2633.59,2693.93,2690.63,75952754512.47,
2024-11-08,2721.64,2713.5,2749.62,2734.56,91380332226.12,
2024-11-11,2782.97,2765.18,2797.94,2785.31,117885566768.21,
2024-11-12,2779.92,2747.76,2779.92,2756.76,76121460720.21,
2024-11-13,2748.61,2740.17,2771.67,2763.99,72750219157.41,
2024-11-14,2740.53,2694.56,2740.53,2697.47,72939358165.15,
2024-11-15,2703.67,2697.44,2740.08,2739.21,67367423375.4,
2024-11-18,2703.31,2687.45,2729.49,2720.77,94834420304.36,
2024-11-19,2713.73,2623.59,2716.38,2630.51,118720117088.93,
2024-11-20,2640.09,2596.06,2665.79,2596.89,92951735017.04,
2024-11-21,2596.85,2557.54,2606.14,2568.6,106854126928.31,
2024-11-22,2617.66,2577.0,2628.5,2581.05,86859377531.06,
2024-11-25,2583.42,2517.58,2592.89,2530.69,90550582870.33,
2024-11-26,2521.89,2455.47,2544.83,2464.35,130236296225.19,
2024-11-27,2468.73,2426.02,2512.59,2491.88,167846867706.32,
2024-11-28,2530.87,2502.0,2560.55,2547.88,112723609734.02,
2024-11-29,2546.13,2533.99,2581.88,2578.0,106300055910.89,
2024-12-02,2584.19,2578.52,2600.28,2586.74,81910300544.3,
2024-12-03,2585.34,2523.54,2588.87,2539.64,77669897357.02,
2024-12-04,2538.24,2482.37,2555.99,2485.62,86617126357.72,
2024-12-05,2473.75,2438.84,2525.45,2510.83,115562958918.94,
2024-12-06,2527.04,2505.9,2552.6,2536.23,89323737028.4,
2024-12-09,2548.08,2543.94,2586.31,2572.89,73923620135.87,
2024-12-10,2570.01,2515.76,2570.01,2522.75,78006621722.54,
2024-12-11,2514.78,2499.82,2531.95,2512.54,62860892861.29,
2024-12-12,2526.66,2488.08,2548.06,2492.63,70292788307.46,
2024-12-13,2478.78,2466.73,2487.42,2485.2,57518220727.43,
2024-12-16,2474.62,2419.57,2474.62,2420.3,74593167173.6,
2024-12-17,2391.49,2370.28,2414.17,2377.15,70220415247.65,
2024-12-18,2394.47,2380.5,2410.19,2409.35,57219052976.57,
2024-12-19,2428.56,2410.22,2468.98,2416.45,140860957167.26,
2024-12-20,2420.45,2419.65,2652.58,2638.42,241593379841.51,
2024-12-23,2668.72,2658.64,2738.7,2702.48,195245804128.16,
2024-12-24,2710.92,2678.86,2722.65,2690.96,122949136551.27,
2024-12-25,2680.25,2666.38,2751.11,2732.83,147108448115.16,
2024-12-26,2749.49,2738.31,2776.33,2766.57,109309247206.51,
2024-12-27,2754.56,2743.18,2766.03,2757.45,73072352135.11,
2024-12-28,2763.48,2763.48,2798.49,2786.67,78817484706.07,
2024-12-30,2809.12,2809.12,2883.04,2883.04,83424690079.4,
2025-01-03,2892.64,2815.2,2898.71,2828.5,66657301223.25,
2025-01-06,2813.32,2794.2,2822.34,2816.26,44096480741.07,
2025-01-08,2814.88,2813.39,2847.49,2840.79,45261512388.75,
2025-01-09,2841.61,2768.58,2853.96,2773.12,104232759034.68,
2025-01-10,2767.27,2744.58,2843.34,2824.59,156138465906.66,
2025-01-13,2852.31,2835.12,2882.49,2866.11,143088428936.74,
2025-01-14,2847.36,2828.41,2881.79,2859.51,101094744723.59,
2025-01-15,2867.93,2838.59,2879.64,2842.96,72617602967.54,
2025-01-16,2893.67,2892.47,2929.28,2911.29,110681339886.9,
2025-01-17,2905.26,2893.16,2949.7,2945.52,112324572443.12,
2025-01-20,2974.56,2918.34,2983.3,2929.55,142165381310.62,
2025-01-21,2918.08,2884.94,2937.32,2934.71,90754857266.51,
2025-01-22,2944.63,2924.74,2972.83,2972.62,93131294269.36,
2025-01-23,2942.62,2910.26,2944.4,2926.1,73776565458.26,
2025-01-24,2953.18,2933.71,2969.31,2947.94,100588799910.2,
2025-01-27,2942.45,2885.49,2946.36,2891.39,74492100551.63,
2025-01-28,2890.62,2866.81,2934.65,2931.97,85802124548.44,
2025-01-29,2930.86,2925.49,2957.64,2950.68,70527538069.17,
2025-01-30,2947.03,2940.3,2967.47,2967.47,75310370495.61,
2025-01-31,2984.99,2940.12,2995.45,2948.1,95237925481.19,
2025-02-03,2933.84,2912.51,2942.79,2926.17,70297603872.9,
2025-02-04,2942.35,2907.31,2947.7,2917.71,61369588030.87,
2025-02-05,2902.15,2889.87,2936.42,2930.56,92218323516.4,
2025-02-06,2962.02,2949.69,2984.89,2970.12,114890298124.4,
2025-02-07,2982.88,2958.04,2985.36,2966.53,69576280125.03,
2025-02-10,2991.99,2982.39,3020.01,3012.39,94344530914.86,
2025-02-11,2992.37,2982.61,3019.61,3018.02,88785519420.91,
2025-02-12,3040.72,3020.6,3059.35,3025.63,114304859366.13,
2025-02-13,3226.02,3144.12,3247.68,3206.97,243307598683.45,
2025-02-14,3265.12,3150.82,3288.32,3185.0,266220027377.51,
2025-02-17,3255.81,3244.8,3316.76,3308.41,149874317761.62,
2025-02-18,3314.88,3252.74,3333.38,3258.76,191407327762.31,
2025-02-19,3273.05,3221.53,3287.75,3270.64,98152313600.56,
2025-02-20,3294.54,3277.51,3325.5,3292.62,105288740039.46,
2025-02-21,3310.03,3258.82,3320.05,3283.29,94601047430.17,
2025-02-24,3310.75,3272.99,3316.42,3303.63,87195616629.4,
2025-02-25,3362.15,3320.24,3371.06,3326.14,139815174833.9,
2025-02-26,3338.4,3233.39,3339.41,3276.0,134684772736.37,
2025-02-27,3249.63,3190.72,3261.13,3232.65,101069017703.52,
2025-02-28,3199.93,3149.37,3210.07,3200.48,112667204934.97,
2025-03-03,3189.81,3127.69,3191.13,3145.73,100920807836.72,
2025-03-04,3201.83,3194.28,3246.09,3241.63,117348109688.78,
2025-03-05,3242.44,3231.3,3282.15,3263.62,98511631176.97,
2025-03-06,3230.89,3188.78,3234.26,3207.7,93757729908.38,
2025-03-07,3229.51,3160.45,3249.0,3166.88,142723090989.53,
2025-03-10,3224.63,3195.24,3226.58,3200.81,69032353836.65,
2025-03-11,3193.02,3178.42,3215.06,3200.95,64260658116.68,
2025-03-12,3185.44,3160.01,3194.93,3183.97,60401903976.43,
2025-03-13,3149.33,3100.06,3160.37,3121.57,102817873366.44,
2025-03-14,3158.4,3135.0,3200.36,3195.08,78071920208.37,
2025-03-17,3249.15,3213.42,3257.33,3245.19,88624476635.89,
2025-03-18,3263.17,3227.47,3280.09,3257.49,96079300643.0,
2025-03-19,3213.51,3192.85,3236.47,3229.79,75790117136.46,
2025-03-20,3238.0,3180.46,3240.5,3223.14,116657266147.77,
2025-03-21,3218.29,3191.61,3237.19,3191.61,73605212102.86,
2025-03-24,3201.66,3171.13,3202.62,3178.66,58379660296.14,
2025-03-25,3186.87,3122.61,3194.43,3164.62,83460154708.66,
2025-03-26,3195.03,3143.65,3200.02,3146.31,47013734996.69,
2025-03-27,3120.47,3076.04,3124.32,3083.99,76693759579.93,
2025-03-28,3055.81,3001.62,3082.26,3025.65,106840287422.91,
2025-03-31,3008.6,2970.94,3031.6,3013.36,77261451789.14,
2025-04-01,3032.41,2952.04,3044.23,2964.43,87837840799.21,
2025-04-02,2919.67,2917.94,2958.4,2926.39,71073875809.44,
2025-04-03,2957.64,2853.76,2972.49,2859.58,91410802984.29,
2025-04-04,2886.61,2778.43,2902.62,2781.97,130180406467.06,
2025-04-07,2648.09,2646.7,2791.28,2729.89,165631517212.63,
2025-04-08,2775.78,2727.98,2780.46,2746.41,74147241560.1,
2025-04-09,2689.77,2598.85,2707.15,2650.69,123796927496.61,
2025-04-10,2790.31,2742.48,2801.19,2764.28,90685181557.81,
2025-04-11,2825.03,2800.69,2839.28,2829.92,77171023243.24,
2025-04-14,2848.99,2806.95,2856.63,2819.69,56665018668.12,
2025-04-15,2824.64,2788.26,2836.0,2805.55,52949212576.47,
2025-04-16,2801.01,2790.7,2870.39,2861.83,62512374743.03,
2025-04-17,2863.2,2844.33,2884.76,2865.32,63291965849.84,
2025-04-18,2881.79,2825.41,2892.01,2872.77,72357256442.12,
2025-04-21,2881.23,2880.01,2929.91,2922.46,67846215313.78,
2025-04-22,2945.13,2914.37,2954.49,2954.49,71092225646.54,
2025-04-23,2929.78,2900.32,2946.43,2943.23,74895269542.48,
2025-04-24,2961.81,2934.79,2973.99,2944.43,56240325645.52,
2025-04-25,2962.11,2956.8,3009.48,3006.14,101002756950.9,
2025-04-28,3009.92,2979.14,3053.15,3034.3,142384838969.73,
2025-04-29,2994.64,2955.18,2998.68,2957.66,67941933900.17,
2025-04-30,2923.86,2887.83,2954.21,2918.47,83173583444.46,
2025-05-02,2872.87,2835.04,2877.83,2836.7,35546665389.24,
2025-05-05,2810.36,2731.74,2821.54,2738.8,69987769909.13,
2025-05-06,2740.17,2738.5,2826.61,2820.07,70341297565.96,
2025-05-07,2807.12,2790.14,2845.14,2833.09,58928692210.85,
2025-05-08,2864.76,2834.59,2873.66,2850.93,39773463974.6,
2025-05-12,2936.83,2904.77,2947.07,2930.17,59831950649.59,
2025-05-13,2941.74,2911.05,2941.93,2935.53,44273566802.89,
2025-05-14,2917.17,2909.54,2946.37,2924.21,40661268655.02,
2025-05-15,2875.03,2823.19,2877.46,2840.05,69588591440.84,
2025-05-16,2848.05,2781.0,2876.67,2840.34,93558691080.35,
2025-05-19,2879.77,2862.6,2893.56,2882.63,39326563680.63,
2025-05-20,2859.26,2823.42,2862.0,2823.42,39769524063.87,
2025-05-21,2833.08,2806.38,2844.04,2809.58,47379328607.95,
2025-05-22,2784.81,2756.04,2809.47,2792.16,79283281484.76,
2025-05-23,2779.56,2762.67,2790.29,2770.1,40903464636.02,
2025-05-26,2735.78,2699.84,2738.27,2699.84,48164875027.23,
2025-05-27,2718.11,2705.78,2740.05,2736.75,51811655333.26,
2025-05-28,2754.0,2747.96,2799.5,2785.2,71681222468.08,
2025-05-29,2811.66,2800.93,2839.97,2809.94,45009849636.55,
2025-05-30,2814.06,2793.15,2837.85,2828.83,55208172949.3,
2025-06-02,2795.02,2770.04,2830.55,2829.67,65727573139.91,
2025-06-03,2817.23,2807.63,2835.39,2834.06,60948043582.13,
2025-06-04,2854.36,2825.52,2871.78,2836.64,80568418214.68,
2025-06-05,2853.2,2837.61,2858.23,2856.61,40450527964.88,
2025-06-06,2856.63,2784.0,2910.52,2786.16,154530227785.08,
2025-06-09,2767.94,2733.75,2778.4,2737.76,51603508942.69,
2025-06-10,2762.46,2702.29,2767.14,2722.37,55508204389.53,
2025-06-11,2719.6,2718.98,2742.45,2733.2,41462363496.51,
2025-06-13,2732.21,2732.2,2762.76,2750.32,30849957540.22,
2025-06-16,2758.97,2731.24,2767.51,2737.83,48522580799.06,
2025-06-17,2737.85,2730.27,2791.03,2788.94,49557369072.27,
2025-06-18,2799.02,2779.68,2807.34,2791.83,46739818362.12,
2025-06-19,2793.74,2761.76,2800.14,2783.81,57804054062.32,
2025-06-20,2776.11,2748.57,2781.08,2751.04,51538481562.4,
2025-06-23,2753.6,2736.41,2768.93,2759.67,45783765846.24,
2025-06-24,2726.43,2715.79,2747.9,2744.95,47521354595.73,
2025-06-25,2762.61,2759.92,2790.78,2790.78,48303135160.49,
2025-06-26,2794.0,2780.49,2803.45,2797.27,38331797758.76,
2025-06-27,2790.67,2778.57,2814.29,2806.11,45799679868.73,
2025-06-30,2818.98,2806.49,2847.38,2847.38,66484573184.81,
2025-07-01,2854.04,2837.12,2858.55,2848.44,69425672392.96,
2025-07-02,2838.45,2810.0,2840.66,2815.26,63635726178.04,
2025-07-03,2821.21,2812.07,2840.13,2823.34,77723857740.59,
2025-07-04,2808.3,2788.9,2821.15,2801.65,45863630117.59,
2025-07-07,2786.06,2753.69,2788.67,2756.14,46525801142.75,
2025-07-08,2748.19,2738.75,2764.75,2755.58,50788012422.24,
2025-07-09,2733.01,2684.87,2735.07,2696.45,64573723902.36,
2025-07-10,2724.64,2705.98,2735.15,2732.45,53613145970.75,
2025-07-11,2705.46,2638.08,2707.82,2642.02,81023378446.44,
2025-07-14,2616.31,2616.03,2722.53,2714.14,81246713321.75,
2025-07-15,2750.37,2734.8,2761.82,2756.95,64553644858.12,
2025-07-16,2758.65,2747.82,2784.82,2777.16,62784837821.98,
2025-07-17,2787.8,2754.86,2788.3,2761.48,71686135900.71,
2025-07-18,2758.28,2715.11,2789.39,2784.63,100404687263.68,
2025-07-21,2816.11,2804.14,2827.94,2821.78,57107301321.22,
2025-07-22,2811.64,2801.11,2833.84,2825.61,49402127980.31,
2025-07-23,2839.41,2829.25,2849.8,2841.16,53230259496.54,
2025-07-24,2837.72,2806.64,2838.22,2807.69,41483352500.08,
2025-07-25,2819.07,2767.44,2827.03,2772.39,84093025461.33,
2025-07-28,2760.9,2726.61,2783.82,2730.98,85897967461.24,
2025-07-29,2739.49,2728.97,2764.03,2758.28,55423064774.49,
2025-07-30,2751.92,2718.65,2754.35,2726.24,38494074538.53,
2025-07-31,2737.13,2713.68,2741.14,2732.12,56396889695.86,
2025-08-01,2749.41,2724.54,2755.95,2727.98,35703010901.17,
2025-08-04,2733.23,2727.86,2776.99,2773.85,44018675048.71,
2025-08-05,2784.71,2764.77,2792.51,2786.37,47495676390.44,
2025-08-06,2791.29,2754.51,2798.21,2764.62,51260270133.15,
2025-08-07,2836.05,2824.78,2915.43,2876.43,140742015844.06,
2025-08-08,2894.58,2872.12,2926.98,2924.63,72584470577.05,
2025-08-11,2991.68,2956.94,2996.4,2964.15,83503648176.61,
2025-08-12,2959.97,2952.34,2980.01,2977.18,58658266015.1,
2025-08-13,2987.6,2959.75,2988.06,2973.02,61376520416.85,
2025-08-14,2945.01,2933.82,2985.27,2977.34,70968917722.65,
2025-08-15,2987.67,2978.69,3014.21,3012.09,63536795939.92,
2025-08-18,2949.46,2941.7,2972.97,2951.26,54128739716.27,
2025-08-19,3000.75,2962.37,3006.13,2965.66,57804101035.2,
2025-08-20,2974.56,2928.85,2977.26,2940.78,47978860165.93,
2025-08-21,2933.1,2879.36,2935.48,2883.5,70997427899.33,
2025-08-22,2882.95,2876.26,2903.48,2896.76,46748767886.65,
2025-08-25,2886.35,2857.97,2890.83,2887.24,42406521988.24,
2025-08-26,2906.96,2878.74,2915.46,2885.87,32545421575.34,
2025-08-27,2892.32,2888.1,2916.92,2911.48,45517659794.78,
2025-08-28,2918.92,2900.33,2919.01,2912.72,35064336109.33,
2025-08-29,2893.99,2882.55,2904.14,2899.38,66332952970.43,
2025-09-01,2923.49,2886.97,2925.02,2886.97,32079260883.28,
2025-09-02,2878.37,2842.8,2883.35,2845.39,50263918444.23,
2025-09-03,2863.12,2846.87,2875.01,2867.55,32605528629.11,
2025-09-04,2883.86,2864.62,2894.49,2873.7,39157301045.21,
2025-09-05,2891.09,2885.92,2906.7,2901.45,33600744619.88,
2025-09-08,2914.28,2906.62,2921.62,2921.62,36851331321.29,
2025-09-09,2926.02,2919.84,2939.2,2935.96,47316620743.38,
2025-09-10,2919.56,2912.5,2938.36,2914.26,41615897846.41,
2025-09-11,2916.27,2890.68,2916.35,2908.14,68048594152.07,
2025-09-12,2904.03,2837.01,2905.68,2839.73,87120713302.04,
2025-09-15,2826.86,2801.03,2834.6,2809.85,52306902608.44,
2025-09-16,2822.85,2778.51,2831.8,2802.77,60691941337.48,
2025-09-17,2793.24,2784.37,2823.75,2814.04,50228974688.93,
2025-09-18,2814.63,2776.12,2816.84,2793.58,64534882685.2,
2025-09-19,2787.39,2745.4,2794.33,2748.06,73445397049.38,
2025-09-22,2735.8,2702.52,2748.52,2741.06,71914879430.62,
2025-09-23,2755.98,2733.36,2769.88,2758.65,46006255800.79,
2025-09-24,2683.53,2675.62,2745.14,2723.58,57979240371.0,
2025-09-25,2733.53,2699.42,2738.58,2708.68,32472201237.77,
2025-09-26,2701.97,2686.68,2725.97,2725.97,45149230788.07,
2025-09-29,2713.14,2680.53,2744.8,2684.09,60633693285.05,
2025-09-30,2681.81,2651.13,2689.6,2684.6,59396346361.56,
2025-10-01,2690.14,2640.56,2692.19,2647.25,51408354634.92,
2025-10-02,2629.36,2623.1,2648.67,2632.07,47729249575.8,
2025-10-03,2639.88,2600.85,2649.57,2604.55,45145995158.88,
2025-10-06,2594.38,2579.19,2651.14,2648.5,70035449028.79,
2025-10-07,2645.04,2635.79,2673.27,2668.6,51112468889.2,
2025-10-08,2669.75,2548.37,2677.75,2562.51,86984564692.56,
2025-10-09,2559.14,2521.43,2645.81,2638.37,105242727440.35,
2025-10-10,2635.45,2572.91,2640.07,2588.56,56917663961.79,
2025-10-13,2602.37,2549.77,2611.54,2576.38,60667691931.98,
2025-10-14,2571.87,2530.17,2575.76,2541.49,50230320978.52,
2025-10-15,2537.12,2521.87,2564.83,2545.22,54821947330.15,
2025-10-16,2534.12,2528.86,2617.18,2607.78,68682717193.55,
2025-10-17,2695.86,2688.36,2734.79,2721.14,69444543731.4,
2025-10-20,2736.9,2726.99,2757.39,2744.83,50206066323.84,
2025-10-21,2694.35,2608.42,2715.78,2632.42,76965518204.66,
2025-10-22,2659.13,2636.48,2678.25,2653.0,44652274062.64,
2025-10-23,2568.42,2546.26,2582.67,2570.67,61740731854.36,
2025-10-24,2580.2,2530.37,2606.81,2543.93,71140729190.17,
2025-10-27,2500.63,2457.87,2506.3,2476.79,66502938496.43,
2025-10-28,2480.3,2475.24,2515.91,2495.09,59841714079.61,
2025-10-29,2502.84,2500.89,2531.25,2523.35,43311229865.05,
2025-10-30,2531.72,2528.01,2567.79,2557.48,56066023097.96,
2025-10-31,2555.63,2522.73,2556.72,2525.2,31954746462.1,
2025-11-01,2524.01,2520.57,2534.73,2532.66,12293466422.52,
2025-11-03,2566.11,2561.91,2579.91,2570.96,17869489012.68,
2025-11-05,2552.75,2537.65,2579.16,2546.62,47540011714.06,
2025-11-06,2558.87,2532.02,2560.25,2542.7,28465685445.47,
2025-11-07,2545.05,2544.48,2573.84,2566.42,41252834797.5,
2025-11-10,2590.59,2552.16,2600.19,2558.6,54985990789.71,
2025-11-11,2562.13,2550.85,2576.62,2566.17,34174826168.39,
2025-11-12,2573.61,2529.06,2576.65,2536.22,49622476036.26,
2025-11-13,2542.57,2528.64,2550.96,2543.36,49239634248.15,
2025-11-14,2548.74,2514.92,2550.93,2525.68,41625685527.2,
2025-11-17,2509.55,2501.71,2521.49,2510.64,44593116099.72,
2025-11-18,2506.61,2492.2,2574.49,2563.07,84984904108.65,
2025-11-19,2576.51,2558.51,2669.85,2646.02,112974698957.0,
2025-11-20,2635.22,2617.57,2661.12,2628.31,57179552425.69,
2025-11-21,2679.54,2650.06,2695.26,2685.03,62103278268.31,
2025-11-24,2703.18,2645.91,2713.02,2654.84,56176173894.58,
2025-11-25,2672.67,2639.72,2695.04,2685.95,54439466329.66,
2025-11-26,2676.81,2660.88,2679.97,2668.38,22940136033.11,
2025-11-27,2672.82,2605.13,2674.23,2621.37,48473260066.19,
2025-11-28,2627.9,2623.38,2685.88,2676.42,47725085596.55,
2025-12-01,2674.51,2662.86,2698.41,2686.93,45867079858.8,
2025-12-02,2683.76,2657.52,2692.22,2667.2,35458506865.41,
2025-12-03,2640.22,2619.88,2651.71,2651.71,38777620458.29,
2025-12-04,2661.39,2653.99,2668.09,2657.13,27064354642.8,
2025-12-05,2662.05,2656.92,2718.32,2711.3,63729346224.98,
2025-12-08,2727.14,2699.79,2739.74,2705.17,49987817536.97,
2025-12-09,2693.36,2686.32,2721.82,2702.72,38323911319.76,
2025-12-10,2720.42,2713.19,2730.6,2720.66,29770372766.31,
2025-12-11,2733.58,2733.29,2761.94,2748.93,64571117536.47,
2025-12-12,2761.36,2731.98,2769.35,2739.49,49286655394.99,
2025-12-15,2734.06,2723.8,2751.7,2748.93,42453166115.77,
2025-12-16,2749.87,2746.77,2779.73,2774.23,48399192620.55,
2025-12-17,2780.86,2740.18,2781.97,2759.73,59480135220.56,
2025-12-18,2764.09,2752.06,2772.87,2753.07,72873454471.76,
2025-12-19,2779.21,2739.55,2791.25,2743.09,99861443654.77,
2025-12-22,2741.24,2712.64,2741.34,2715.98,63597635442.64,
2025-12-23,2717.92,2704.27,2733.17,2725.38,50577949652.46,
2025-12-24,2723.31,2709.96,2733.38,2720.02,38933276037.26,
2025-12-25,2717.9,2708.39,2722.91,2714.12,31869623780.63,
2025-12-26,2737.19,2735.31,2760.53,2754.89,54593962411.48,
2025-12-29,2775.62,2738.95,2819.33,2742.03,91191850807.04,
2025-12-30,2758.42,2749.53,2775.2,2766.62,39764162788.75,
2026-01-05,2733.01,2728.44,2760.06,2757.09,24102395461.66,
2026-01-06,2765.1,2739.37,2767.32,2745.26,23081588267.9,
2026-01-08,2720.32,2714.73,2732.75,2718.62,19035664259.0,
2026-01-09,2727.47,2721.13,2730.17,2724.85,13430289341.37,
2026-01-12,2731.66,2696.37,2733.82,2701.93,62785178373.96,
2026-01-13,2696.73,2687.1,2705.25,2696.92,48151107332.6,
2026-01-14,2686.1,2674.17,2716.21,2702.69,54954268909.85,
2026-01-15,2700.11,2691.25,2711.59,2701.32,33985595282.48,
2026-01-16,2711.78,2708.97,2740.26,2733.75,48834080792.7,
2026-01-19,2742.41,2730.75,2757.17,2750.25,42997249056.3,
2026-01-20,2745.94,2727.65,2746.26,2738.07,44996433297.97,
2026-01-21,2744.06,2734.86,2778.68,2770.53,64573912225.61,
2026-01-22,2778.87,2754.43,2790.1,2768.02,56685448746.46,
2026-01-23,2767.84,2761.64,2783.21,2777.29,30335507986.0,
2026-01-26,2780.22,2760.71,2780.22,2768.15,47826660339.44,
2026-01-27,2768.0,2752.41,2783.73,2781.39,62275997065.99,
2026-01-28,2793.2,2780.66,2799.85,2788.01,58672705400.61,
2026-01-29,2808.69,2786.64,2843.63,2797.76,143296634988.77,
2026-01-30,2811.73,2771.97,2813.82,2782.74,73328350551.28,
2026-02-02,2758.01,2753.96,2780.52,2768.56,65784537056.06,
2026-02-03,2787.32,2777.41,2794.19,2786.15,61140182149.91,
2026-02-04,2790.73,2771.49,2803.76,2776.31,66705189660.34,
2026-02-05,2754.41,2720.7,2758.03,2737.13,65632038368.99,
2026-02-06,2743.33,2729.77,2744.98,2735.43,45641330823.47,
2026-02-09,2726.55,2712.47,2728.45,2725.64,41704683208.22,
2026-02-10,2728.17,2716.33,2740.39,2717.04,52256690015.05,
2026-02-11,2723.83,2719.44,2762.5,2757.75,70707043718.93,
2026-02-12,2755.94,2746.64,2771.4,2765.66,44712511301.84,
2026-02-13,2753.43,2747.67,2781.2,2776.34,79418744465.47,
2026-02-16,2791.52,2779.63,2795.9,2782.6,59730540290.81,
2026-02-17,2788.45,2765.33,2791.68,2765.33,48913353751.87,
2026-02-18,2769.02,2757.98,2780.17,2779.08,58173615403.3,
2026-02-19,2785.74,2770.67,2793.07,2772.84,50412310912.8,
2026-02-20,2780.28,2768.28,2786.16,2780.6,48209046212.1,
2026-02-24,2794.45,2776.25,2809.49,2777.35,48993351146.47,
2026-02-25,2784.82,2781.12,2798.35,2795.39,48746320083.29,
2026-02-26,2799.71,2782.64,2803.39,2785.58,34975479865.09,
2026-02-27,2786.72,2780.93,2804.1,2799.14,41384141756.16,
2026-03-02,2823.19,2818.91,2851.0,2835.65,115828257908.29,
2026-03-03,2848.66,2820.68,2850.91,2825.14,93178483245.82,
2026-03-04,2824.16,2803.8,2837.7,2809.78,64926651792.87,
2026-03-05,2814.75,2811.72,2827.56,2825.0,53287164227.64,
2026-03-06,2835.37,2828.89,2862.8,2854.11,94247339655.87,
2026-03-09,2912.01,2870.98,2912.01,2888.68,78091669508.77,
2026-03-10,2887.6,2853.04,2891.54,2853.86,80753396540.4,
2026-03-11,2862.67,2851.77,2873.91,2854.05,51739292043.19,
2026-03-12,2869.34,2861.97,2877.39,2872.08,45590362870.34,
2026-03-13,2877.74,2866.6,2891.29,2871.86,50239868870.69,
2026-03-16,2886.58,2849.93,2889.23,2853.72,70723689289.09,
2026-03-17,2859.03,2852.05,2865.09,2853.53,44574461892.21,
2026-03-18,2856.45,2853.77,2876.49,2871.72,85805000505.93,
2026-03-19,2884.76,2864.44,2892.95,2868.99,99209476160.71,
2026-03-20,2879.44,2864.15,2889.39,2864.89,59155686338.88,
2026-03-23,2865.85,2804.51,2875.22,2833.43,119432170275.05,
2026-03-24,2836.6,2826.24,2843.19,2837.9,55564279656.64,
2026-03-25,2840.2,2831.9,2841.94,2840.14,40679208788.78,
2026-03-26,2846.61,2814.47,2847.76,2822.84,67973519559.34,
2026-03-27,2822.09,2780.38,2829.75,2789.61,72045978063.41,
2026-03-30,2796.46,2775.8,2814.54,2800.69,68084780890.02,
2026-03-31,2801.02,2766.28,2801.1,2776.37,59805588340.11,
2026-04-01,2770.81,2764.84,2787.45,2775.24,54915977783.52,
2026-04-02,2787.52,2767.99,2787.68,2774.41,51707861006.13,
2026-04-03,2780.86,2751.9,2783.05,2760.7,58375468729.31,
2026-04-06,2748.51,2747.81,2788.27,2784.87,58926990373.56,
2026-04-07,2785.36,2778.6,2803.61,2797.24,56870857951.76,
2026-04-08,2775.26,2758.95,2776.9,2765.06,46722241788.24,
2026-04-09,2764.78,2732.5,2770.31,2733.4,45074107342.87,
2026-04-10,2741.73,2721.54,2747.15,2725.39,33792553017.42,
2026-04-13,2743.05,2709.0,2746.8,2722.69,45825970599.17,
2026-04-14,2725.53,2703.17,2730.48,2725.51,41877655824.92,
2026-04-15,2718.99,2708.0,2745.64,2740.45,44975548856.25,
2026-04-16,2750.02,2737.73,2764.32,2741.14,51291499015.72,
2026-04-17,2741.81,2716.8,2758.66,2723.94,68744075571.93,
2026-04-20,2742.57,2727.88,2757.62,2753.66,50666063681.28,
2026-04-21,2748.47,2737.36,2763.71,2757.7,51652341230.7,
2026-04-22,2760.12,2752.73,2769.04,2761.64,37767570339.89,
2026-04-23,2770.57,2762.99,2777.88,2771.46,31348137915.29,
2026-04-24,2775.48,2729.64,2777.89,2733.0,53751356960.38,
2026-04-27,2728.45,2724.36,2744.06,2732.41,30539901638.76,
2026-04-28,2736.16,2695.36,2736.81,2696.58,50766375119.23,
2026-04-29,2702.11,2628.98,2705.69,2639.82,76583018751.62,
2026-04-30,2652.56,2648.94,2674.59,2658.21,43827614421.9,
2026-05-04,2653.73,2605.24,2655.46,2620.82,41957003546.14,
2026-05-05,2617.07,2590.66,2652.25,2644.37,46072662288.64,
2026-05-06,2634.93,2612.46,2647.5,2632.5,44193038403.79,
2026-05-07,2622.74,2611.09,2631.77,2615.33,26968137875.9,
2026-05-08,2610.4,2597.55,2614.03,2597.8,19286605860.6,
2026-05-11,2646.25,2642.76,2659.96,2656.91,17421793772.24,
2026-05-12,2655.78,2651.61,2696.53,2689.96,40828342436.7,
2026-05-13,2689.78,2680.88,2697.04,2694.72,24789115588.23,
2026-05-14,2686.1,2654.76,2688.56,2658.84,35717095587.99,
2026-05-15,2656.54,2627.36,2665.47,2633.84,35997868503.57,
2026-05-18,2633.59,2617.59,2670.93,2668.22,42493633672.65,
2026-05-19,2664.37,2656.7,2675.17,2663.48,31579748958.4,
2026-05-20,2654.87,2631.14,2655.08,2640.32,33356267117.25,
2026-05-21,2629.3,2611.59,2669.72,2664.29,49271626687.55,
2026-05-22,2656.38,2620.48,2679.98,2625.69,43199661614.49,
2026-05-25,2629.05,2579.76,2634.98,2598.2,55630592589.04,
2026-05-26,2592.53,2573.42,2595.96,2580.25,57819838119.25,
2026-05-27,2577.97,2562.22,2594.61,2590.24,48620124683.42,
2026-05-28,2589.83,2574.14,2603.9,2583.89,38782091745.12,
2026-05-29,2571.78,2556.56,2575.03,2565.61,38980126540.99,
2026-06-01,2578.46,2563.93,2589.59,2570.04,37981380996.07,
2026-06-02,2580.98,2574.47,2628.58,2620.39,57823715690.09,
2026-06-03,2622.5,2595.79,2628.33,2601.35,37648569118.48,
2026-06-04,2596.21,2577.68,2606.27,2579.9,38032566415.91,
2026-06-05,2577.07,2557.52,2581.69,2561.04,27564978867.44,
2026-06-08,2574.43,2511.41,2576.72,2517.64,49939403257.73,
2026-06-09,2510.29,2484.4,2535.85,2522.77,76123109935.71,
2026-06-10,2506.57,2482.29,2535.25,2520.88,55477313688.64,
2026-06-11,2528.75,2506.57,2528.77,2515.33,24733152036.42,
2026-06-15,2527.63,2526.76,2548.71,2542.84,45902176990.55,
2026-06-16,2546.65,2475.95,2550.12,2490.52,71452298329.54,
2026-06-17,2488.53,2479.83,2503.63,2485.05,47929162817.25,
2026-06-18,2468.35,2423.16,2468.44,2441.24,84026454146.71,
2026-06-19,2447.35,2401.64,2459.68,2420.56,79602243767.28,
2026-06-22,2401.97,2300.42,2420.01,2318.28,119945029009.38,
2026-06-23,2278.53,2273.75,2341.58,2335.94,76378680005.32,
2026-06-24,2321.8,2230.47,2321.8,2243.47,82737796212.24,
2026-06-25,2266.31,2217.39,2278.28,2257.24,95512057331.27,
2026-06-26,2222.56,2203.25,2323.5,2285.61,123791828562.93,
2026-06-29,2275.45,2254.6,2358.63,2349.81,74555025138.86,
2026-06-30,2357.15,2341.33,2402.41,2348.15,72955955880.88,
2026-07-01,2360.9,2333.65,2374.74,2344.55,50503456171.86,
2026-07-02,2334.26,2244.36,2335.45,2256.06,65712572358.64,
2026-07-03,2259.22,2210.24,2266.14,2242.84,65801717215.68,
2026-07-06,2241.37,2164.81,2259.92,2194.14,115152997642.87,
2026-07-07,2168.29,2117.5,2198.87,2190.39,114940758679.44,
2026-07-08,2208.2,2165.4,2227.73,2220.77,98826171196.76,
2026-07-09,2205.93,2178.28,2219.43,2186.75,59196560057.96,
2026-07-10,2171.13,2136.92,2178.7,2145.65,49364793032.64,
2026-07-13,2152.8,2144.39,2200.99,2164.42,60814734005.53,
2026-07-14,2179.56,2155.42,2194.92,2170.78,50228975107.82,
2026-07-15,2143.35,2103.04,2146.43,2111.9,69002716686.25,
2026-07-16,2072.9,2018.61,2074.72,2022.27,91737170333.31,
2026-07-17,2027.83,1954.25,2035.36,1958.43,78023507438.27,
2026-07-20,1899.99,1898.51,2009.92,2000.69,110258515390.09,
2026-07-21,2075.21,2014.9,2098.7,2078.78,102140426813.25,
2026-07-22,2060.6,2045.56,2144.66,2136.11,94687904477.1,
2026-07-23,2144.35,2100.34,2160.7,2144.97,71088586212.24,
2026-07-24,2111.0,2085.9,2189.51,2165.54,121417018664.52,
2026-07-27,2162.7,2154.25,2224.25,2216.92,79589329942.49,
2026-07-28,2218.03,2181.12,2218.75,2191.18,60016594313.2,
2026-07-29,2210.08,2203.3,2238.92,2237.17,50569067874.57,
2026-07-30,2261.3,2207.28,2281.2,2209.84,73863219286.46,
2026-07-31,2202.59,2189.3,2232.61,2226.36,52569009700.11,
2026-08-03,2241.73,2240.54,2263.52,2262.75,39627906948.06,
2026-08-04,2259.53,2237.08,2273.7,2269.23,57124168481.37,
2026-08-05,2278.21,2278.21,2301.65,2301.65,55028759250.13,
2026-08-06,2295.11,2266.11,2316.85,2285.88,58498389024.91,
2026-08-07,2294.24,2270.75,2310.4,2281.31,51241288543.75,
2026-08-10,2296.41,2277.56,2305.23,2293.32,38122158110.29,
2026-08-11,2320.13,2309.49,2328.18,2323.82,51400168856.01,
2026-08-12,2330.92,2288.01,2331.67,2301.43,54542772096.67,
2026-08-13,2293.18,2229.16,2297.94,2232.14,73527831243.68,
2026-08-14,2232.79,2130.39,2245.57,2136.35,91403967655.67,
2026-08-17,2103.39,2085.14,2138.96,2093.22,69394710860.56,
2026-08-18,2115.25,2100.17,2164.59,2148.13,69521213536.55,
2026-08-19,2163.23,2133.74,2179.83,2172.38,48439482519.53,
2026-08-20,2169.68,2113.58,2189.03,2121.53,61857333807.24,
2026-08-21,2125.55,2103.9,2149.97,2134.97,39976208333.02,
2026-08-24,2089.78,2051.6,2097.03,2071.2,81873695931.51,
2026-08-25,2093.16,2063.38,2146.14,2117.15,71630893543.32,
2026-08-26,2098.67,2067.32,2109.21,2071.3,47232182969.99,
2026-08-27,2060.6,2054.64,2105.95,2093.4,58570222254.94,
2026-08-28,2113.27,2070.46,2121.94,2114.93,61373992117.39,
2026-08-31,2138.18,2123.69,2188.97,2178.87,61737323551.22,
2026-09-01,2175.35,2167.97,2204.62,2187.33,57857940236.79,
2026-09-02,2173.96,2161.32,2186.26,2185.04,30850227191.34,
2026-09-03,2189.28,2173.51,2222.09,2214.76,57194073313.76,
