track,config_id,scope,year,corridor,rows,dates,brier,signals,lift,forward_delta_bps
development_2023_2025,fusion_2010_120m,KZT,2023,KZT,242,242,0.2034905676055108,43,1.644107656127515,68.39803056902045
development_2023_2025,fusion_2010_120m,KZT,2024,KZT,243,243,0.19285620390651267,47,1.5908346972176752,34.743705157564506
development_2023_2025,fusion_2010_120m,KZT,2025,KZT,242,242,0.1455188551500333,48,1.4704861111111112,45.10894384575338
development_2023_2025,fusion_2010_180m,KZT,2023,KZT,242,242,0.20702282037577105,40,1.7674157303370788,69.92020994569707
development_2023_2025,fusion_2010_180m,KZT,2024,KZT,243,243,0.19176075377436777,41,1.7324577861163226,56.302121437996206
development_2023_2025,fusion_2010_180m,KZT,2025,KZT,242,242,0.14579686701290395,43,1.8759689922480625,49.959316841564934
development_2023_2025,fusion_2018_120m,KZT,2023,KZT,242,242,0.1880831843405229,51,1.439524124256444,43.7103649660962
development_2023_2025,fusion_2018_120m,KZT,2024,KZT,243,243,0.19587160957375646,47,1.5112929623567914,35.59865187871796
development_2023_2025,fusion_2018_120m,KZT,2025,KZT,242,242,0.14583763497715205,47,1.7163120567375894,48.23182922981595
development_2023_2025,fusion_premium_2010_120m,KZT,2023,KZT,242,242,0.20470245899806414,42,1.7479935794542536,52.34999798946437
development_2023_2025,fusion_premium_2010_120m,KZT,2024,KZT,243,243,0.19445647017591836,48,1.5576923076923077,39.577420227751155
development_2023_2025,fusion_premium_2010_120m,KZT,2025,KZT,242,242,0.14480981355708594,44,1.833333333333334,46.815543400181625
development_2023_2025,halyk_local_120m,KZT,2023,KZT,242,242,0.18976914059804337,43,1.7073425659785733,68.77975523491388
development_2023_2025,halyk_local_120m,KZT,2024,KZT,243,243,0.2002137642711203,50,1.3458461538461537,21.107193700986578
development_2023_2025,halyk_local_120m,KZT,2025,KZT,242,242,0.14746121788417615,40,2.142708333333333,60.66619510101289
development_2023_2025,halyk_shrink_120m,KZT,2023,KZT,242,242,0.18976914059804337,43,1.7073425659785733,68.77975523491388
development_2023_2025,halyk_shrink_120m,KZT,2024,KZT,243,243,0.1937380523952357,44,1.5293706293706288,33.017897314090256
development_2023_2025,halyk_shrink_120m,KZT,2025,KZT,242,242,0.14539409450316326,47,1.823581560283689,49.36968644030655
development_2023_2025,kzt_local_120m,KZT,2023,KZT,242,242,0.1946908430607347,58,1.265788454087563,17.36652998462376
development_2023_2025,kzt_local_120m,KZT,2024,KZT,243,243,0.1957165481243733,47,1.3522094926350239,20.726036749137744
development_2023_2025,kzt_local_120m,KZT,2025,KZT,242,242,0.15083300134533928,44,2.177083333333334,56.462709323278204
development_2023_2025,kzt_oxr_2010_120m,KZT,2023,KZT,242,242,0.19603702704621193,56,1.1653290529695024,18.21406090308847
development_2023_2025,kzt_oxr_2010_120m,KZT,2024,KZT,243,243,0.19171561404635815,45,1.4953846153846149,36.25025658421206
development_2023_2025,kzt_oxr_2010_120m,KZT,2025,KZT,242,242,0.15145480295853125,44,2.0625000000000004,58.53262594300748
development_2023_2025,kzt_oxr_2018_120m,KZT,2023,KZT,242,242,0.193661753564731,58,1.265788454087563,17.36652998462376
development_2023_2025,kzt_oxr_2018_120m,KZT,2024,KZT,243,243,0.187935652405745,45,1.3292307692307688,33.28989373366871
development_2023_2025,kzt_oxr_2018_120m,KZT,2025,KZT,242,242,0.1525124115923508,52,1.5512820512820515,33.280181383729435
development_2023_2025,kzt_shrink_120m,KZT,2023,KZT,242,242,0.1946908430607347,58,1.265788454087563,17.36652998462376
development_2023_2025,kzt_shrink_120m,KZT,2024,KZT,243,243,0.19134795106627636,44,1.2744755244755241,29.094638784996572
development_2023_2025,kzt_shrink_120m,KZT,2025,KZT,242,242,0.15124050764801658,44,2.0625000000000004,58.34480703497766
development_2023_2025,oxr_basis_2010_120m,all,2023,AMD,242,242,0.20393892380183226,56,1.1372180451127818,29.090142392323635
development_2023_2025,oxr_basis_2010_120m,all,2023,KGS,242,242,0.1938078879944277,56,1.1952887537993924,23.68365936881649
development_2023_2025,oxr_basis_2010_120m,all,2023,KZT,242,242,0.19864017246049326,56,1.1653290529695024,18.21406090308847
development_2023_2025,oxr_basis_2010_120m,all,2023,TJS,242,242,0.19715814045295588,56,1.1952887537993924,27.769539715454663
development_2023_2025,oxr_basis_2010_120m,all,2023,UZS,242,242,0.20430160003900155,56,1.2736842105263155,30.221549872723056
development_2023_2025,oxr_basis_2010_120m,all,2024,AMD,243,243,0.1971420581993032,48,1.3698529411764706,31.726308837429997
development_2023_2025,oxr_basis_2010_120m,all,2024,KGS,243,243,0.1992830740132584,49,1.2673469387755103,30.81771243874372
development_2023_2025,oxr_basis_2010_120m,all,2024,KZT,243,243,0.18980858617330937,45,1.4953846153846149,36.25025658421206
development_2023_2025,oxr_basis_2010_120m,all,2024,TJS,243,243,0.19646515452118773,50,1.372235294117647,26.878254571225003
development_2023_2025,oxr_basis_2010_120m,all,2024,UZS,243,243,0.17714381836663912,49,1.3017857142857143,26.23674553178178
development_2023_2025,oxr_basis_2010_120m,all,2025,AMD,242,242,0.16009100995327122,38,1.5620655412115199,67.18897759658962
development_2023_2025,oxr_basis_2010_120m,all,2025,KGS,242,242,0.15457079196229906,50,1.8767346938775507,50.57931680916872
development_2023_2025,oxr_basis_2010_120m,all,2025,KZT,242,242,0.15800926039106125,43,1.9932170542635663,59.6523217004233
development_2023_2025,oxr_basis_2010_120m,all,2025,TJS,242,242,0.19162142003466595,50,1.5211428571428574,45.30056981578228
development_2023_2025,oxr_basis_2010_120m,all,2025,UZS,242,242,0.15003494635314743,52,1.4543269230769234,40.8312238703587
development_2023_2025,oxr_basis_2010_120m,KZT,2023,KZT,242,242,0.19864017246049326,56,1.1653290529695024,18.21406090308847
development_2023_2025,oxr_basis_2010_120m,KZT,2024,KZT,243,243,0.18980858617330937,45,1.4953846153846149,36.25025658421206
development_2023_2025,oxr_basis_2010_120m,KZT,2025,KZT,242,242,0.15800926039106125,43,1.9932170542635663,59.6523217004233
development_2023_2025,oxr_basis_2010_180m,all,2023,AMD,242,242,0.2074816460142181,55,1.0652631578947362,17.626601780398993
development_2023_2025,oxr_basis_2010_180m,all,2023,KGS,242,242,0.1990764129814919,56,1.1493161094224926,24.43198244466044
development_2023_2025,oxr_basis_2010_180m,all,2023,KZT,242,242,0.19931987291403677,57,1.2879952690715553,32.2950778966279
development_2023_2025,oxr_basis_2010_180m,all,2023,TJS,242,242,0.19978241239406022,55,1.2170212765957444,21.034587907547753
development_2023_2025,oxr_basis_2010_180m,all,2023,UZS,242,242,0.2052081656714799,55,1.2505263157894728,26.246278824850187
development_2023_2025,oxr_basis_2010_180m,all,2024,AMD,243,243,0.19632374038400205,44,1.299465240641711,36.453363843066874
development_2023_2025,oxr_basis_2010_180m,all,2024,KGS,243,243,0.20257104165560774,51,1.2176470588235295,34.63906246685567
development_2023_2025,oxr_basis_2010_180m,all,2024,KZT,243,243,0.18835618624853118,52,1.4378698224852067,13.679926220582258
development_2023_2025,oxr_basis_2010_180m,all,2024,TJS,243,243,0.19605237431864014,53,1.132741398446171,25.407548992900225
development_2023_2025,oxr_basis_2010_180m,all,2024,UZS,243,243,0.17707796356810024,50,1.39725,36.29501406408187
development_2023_2025,oxr_basis_2010_180m,all,2025,AMD,242,242,0.16420280563778517,44,1.7641509433962266,60.63978779027712
development_2023_2025,oxr_basis_2010_180m,all,2025,KGS,242,242,0.1572961044492629,40,1.6051020408163263,72.59876907057136
development_2023_2025,oxr_basis_2010_180m,all,2025,KZT,242,242,0.15752421046433454,44,1.833333333333334,57.821915307699335
development_2023_2025,oxr_basis_2010_180m,all,2025,TJS,242,242,0.1914351140481397,45,1.6901587301587302,60.24815119530086
development_2023_2025,oxr_basis_2010_180m,all,2025,UZS,242,242,0.1491933037226996,45,1.9046296296296303,69.30163865195982
development_2023_2025,oxr_basis_2010_180m,KZT,2023,KZT,242,242,0.19931987291403677,57,1.2879952690715553,32.2950778966279
development_2023_2025,oxr_basis_2010_180m,KZT,2024,KZT,243,243,0.18835618624853118,52,1.4378698224852067,13.679926220582258
development_2023_2025,oxr_basis_2010_180m,KZT,2025,KZT,242,242,0.15752421046433454,44,1.833333333333334,57.821915307699335
development_2023_2025,oxr_basis_2018_120m,all,2023,AMD,242,242,0.20266146398950127,56,1.1372180451127818,33.057394178404074
development_2023_2025,oxr_basis_2018_120m,all,2023,KGS,242,242,0.19343847781750828,59,1.2217814641182836,17.5310668509036
development_2023_2025,oxr_basis_2018_120m,all,2023,KZT,242,242,0.1978733378242471,58,1.265788454087563,17.36652998462376
development_2023_2025,oxr_basis_2018_120m,all,2023,TJS,242,242,0.19775748221543824,56,1.2872340425531916,26.52511630031938
development_2023_2025,oxr_basis_2018_120m,all,2023,UZS,242,242,0.2044007249807623,56,1.2281954887218043,38.822633698007834
development_2023_2025,oxr_basis_2018_120m,all,2024,AMD,243,243,0.1960382322160849,48,1.3698529411764706,27.02327617278274
development_2023_2025,oxr_basis_2018_120m,all,2024,KGS,243,243,0.20068999282475605,50,1.1880000000000002,32.1836015840783
development_2023_2025,oxr_basis_2018_120m,all,2024,KZT,243,243,0.18923932417743963,46,1.3003344481605346,17.073767329626413
development_2023_2025,oxr_basis_2018_120m,all,2024,TJS,243,243,0.19451596931118623,50,1.143529411764706,27.488229322467713
development_2023_2025,oxr_basis_2018_120m,all,2024,UZS,243,243,0.17561829729506337,49,1.3017857142857143,24.464143916985996
development_2023_2025,oxr_basis_2018_120m,all,2025,AMD,242,242,0.15974273134047623,34,1.6115427302996672,79.15977659145419
development_2023_2025,oxr_basis_2018_120m,all,2025,KGS,242,242,0.15420203534310367,49,1.9150354019158682,54.601657381749035
development_2023_2025,oxr_basis_2018_120m,all,2025,KZT,242,242,0.1583560309772084,52,1.7451923076923082,37.18255616983261
development_2023_2025,oxr_basis_2018_120m,all,2025,TJS,242,242,0.19145039599725053,44,1.7285714285714286,65.36704393625524
development_2023_2025,oxr_basis_2018_120m,all,2025,UZS,242,242,0.14902996532020318,51,1.4828431372549022,50.4958671502039
development_2023_2025,oxr_basis_2018_120m,KZT,2023,KZT,242,242,0.1978733378242471,58,1.265788454087563,17.36652998462376
development_2023_2025,oxr_basis_2018_120m,KZT,2024,KZT,243,243,0.18923932417743963,46,1.3003344481605346,17.073767329626413
development_2023_2025,oxr_basis_2018_120m,KZT,2025,KZT,242,242,0.1583560309772084,52,1.7451923076923082,37.18255616983261
development_2023_2025,oxr_basis_2018_180m,all,2023,AMD,242,242,0.20550783781308485,56,1.1372180451127818,23.94925142324532
development_2023_2025,oxr_basis_2018_180m,all,2023,KGS,242,242,0.1960548546639765,56,1.1952887537993924,23.68365936881649
development_2023_2025,oxr_basis_2018_180m,all,2023,KZT,242,242,0.1974026066390107,56,1.1167736757624398,19.635777681623498
development_2023_2025,oxr_basis_2018_180m,all,2023,TJS,242,242,0.1975495849364003,56,1.2412613981762919,24.370307512669505
development_2023_2025,oxr_basis_2018_180m,all,2023,UZS,242,242,0.20327517136777035,56,1.2281954887218043,31.420617194913177
development_2023_2025,oxr_basis_2018_180m,all,2024,AMD,243,243,0.19654783053184316,44,1.3644385026737966,36.47743575372339
development_2023_2025,oxr_basis_2018_180m,all,2024,KGS,243,243,0.2033376945914036,46,1.173913043478261,29.417161392260038
development_2023_2025,oxr_basis_2018_180m,all,2024,KZT,243,243,0.1916853511039676,47,1.1931260229132563,8.884387870352171
development_2023_2025,oxr_basis_2018_180m,all,2024,TJS,243,243,0.1962679562693692,52,1.154524886877828,16.249955759120745
development_2023_2025,oxr_basis_2018_180m,all,2024,UZS,243,243,0.17657691555174126,44,1.3806818181818181,30.25914345121456
development_2023_2025,oxr_basis_2018_180m,all,2025,AMD,242,242,0.1624672993173717,44,1.5566037735849059,59.21904061787886
development_2023_2025,oxr_basis_2018_180m,all,2025,KGS,242,242,0.1559574236245714,41,1.325037332005973,67.29636349129389
development_2023_2025,oxr_basis_2018_180m,all,2025,KZT,242,242,0.1578829260663407,43,2.1104651162790704,61.383736932914466
development_2023_2025,oxr_basis_2018_180m,all,2025,TJS,242,242,0.19022370197716718,44,1.7285714285714286,64.68730234988637
development_2023_2025,oxr_basis_2018_180m,all,2025,UZS,242,242,0.14791557216632545,50,1.4116666666666668,49.94285661826202
development_2023_2025,oxr_basis_2018_180m,KZT,2023,KZT,242,242,0.1974026066390107,56,1.1167736757624398,19.635777681623498
development_2023_2025,oxr_basis_2018_180m,KZT,2024,KZT,243,243,0.1916853511039676,47,1.1931260229132563,8.884387870352171
development_2023_2025,oxr_basis_2018_180m,KZT,2025,KZT,242,242,0.1578829260663407,43,2.1104651162790704,61.383736932914466
development_2023_2025,oxr_coverage_2010_120m,all,2023,AMD,242,242,0.20580427679479144,56,1.1372180451127818,31.94233908794154
development_2023_2025,oxr_coverage_2010_120m,all,2023,KGS,242,242,0.19617769117181902,56,1.1493161094224926,25.216033720287346
development_2023_2025,oxr_coverage_2010_120m,all,2023,KZT,242,242,0.19958709165407754,57,1.2879952690715553,29.846245836065272
development_2023_2025,oxr_coverage_2010_120m,all,2023,TJS,242,242,0.19991870103466433,55,1.2638297872340423,25.711064724066766
development_2023_2025,oxr_coverage_2010_120m,all,2023,UZS,242,242,0.206305839633961,57,1.251338873499538,35.34013671814609
development_2023_2025,oxr_coverage_2010_120m,all,2024,AMD,243,243,0.19827310178945332,48,1.3102941176470588,21.124804845463675
development_2023_2025,oxr_coverage_2010_120m,all,2024,KGS,243,243,0.2005356317837233,47,1.2063829787234044,19.788119420377043
development_2023_2025,oxr_coverage_2010_120m,all,2024,KZT,243,243,0.19238751225651196,47,1.27266775777414,14.794642858427329
development_2023_2025,oxr_coverage_2010_120m,all,2024,TJS,243,243,0.1969481633082537,53,1.2406215316315206,28.081560762983827
development_2023_2025,oxr_coverage_2010_120m,all,2024,UZS,243,243,0.17815766723858234,49,1.3637755102040816,21.04740766465872
development_2023_2025,oxr_coverage_2010_120m,all,2025,AMD,242,242,0.1604893417855619,41,1.6705016106764843,70.25222940966758
development_2023_2025,oxr_coverage_2010_120m,all,2025,KGS,242,242,0.1538341019347244,40,1.8520408163265305,70.87916764027644
development_2023_2025,oxr_coverage_2010_120m,all,2025,KZT,242,242,0.15633570063182356,44,2.177083333333334,59.52978200959164
development_2023_2025,oxr_coverage_2010_120m,all,2025,TJS,242,242,0.19239702584912566,40,1.9014285714285717,90.42570942148618
development_2023_2025,oxr_coverage_2010_120m,all,2025,UZS,242,242,0.14971213529148053,42,1.920634920634921,93.79441618396984
development_2023_2025,oxr_coverage_2010_120m,KZT,2023,KZT,242,242,0.19958709165407754,57,1.2879952690715553,29.846245836065272
development_2023_2025,oxr_coverage_2010_120m,KZT,2024,KZT,243,243,0.19238751225651196,47,1.27266775777414,14.794642858427329
development_2023_2025,oxr_coverage_2010_120m,KZT,2025,KZT,242,242,0.15633570063182356,44,2.177083333333334,59.52978200959164
development_2023_2025,oxr_full_2010_120m,all,2023,AMD,242,242,0.20937502037903413,55,1.1115789473684203,31.017904278198447
development_2023_2025,oxr_full_2010_120m,all,2023,KGS,242,242,0.19967340698813515,57,1.2194848824188131,24.0558742800478
development_2023_2025,oxr_full_2010_120m,all,2023,KZT,242,242,0.19876710373371667,52,1.3072601555747623,38.812881055953476
development_2023_2025,oxr_full_2010_120m,all,2023,TJS,242,242,0.20833279790664133,56,1.1952887537993924,34.32482519307157
development_2023_2025,oxr_full_2010_120m,all,2023,UZS,242,242,0.21150324455730746,58,1.1858439201451902,15.737573828787122
development_2023_2025,oxr_full_2010_120m,all,2024,AMD,243,243,0.19612491508438562,48,1.3698529411764706,30.332622107256714
development_2023_2025,oxr_full_2010_120m,all,2024,KGS,243,243,0.1994892784963519,51,1.1647058823529415,21.6621816878253
development_2023_2025,oxr_full_2010_120m,all,2024,KZT,243,243,0.18908442616909452,51,1.5393665158371037,39.524815603653444
development_2023_2025,oxr_full_2010_120m,all,2024,TJS,243,243,0.1949111207762762,48,1.250735294117647,22.609555659807693
development_2023_2025,oxr_full_2010_120m,all,2024,UZS,243,243,0.17766814699256625,51,1.3698529411764706,24.88726024234471
development_2023_2025,oxr_full_2010_120m,all,2025,AMD,242,242,0.16097086925717333,37,1.6042835288118311,74.15435841624908
development_2023_2025,oxr_full_2010_120m,all,2025,KGS,242,242,0.15505298183432234,50,1.8767346938775507,52.54633592832606
development_2023_2025,oxr_full_2010_120m,all,2025,KZT,242,242,0.15829355074094997,41,1.967479674796748,62.593486731098004
development_2023_2025,oxr_full_2010_120m,all,2025,TJS,242,242,0.1903635989605783,43,1.7687707641196015,83.2857324301619
development_2023_2025,oxr_full_2010_120m,all,2025,UZS,242,242,0.14962900504902135,45,1.7925925925925932,74.9892812938677
development_2023_2025,oxr_full_2010_120m,KZT,2023,KZT,242,242,0.19876710373371667,52,1.3072601555747623,38.812881055953476
development_2023_2025,oxr_full_2010_120m,KZT,2024,KZT,243,243,0.18908442616909452,51,1.5393665158371037,39.524815603653444
development_2023_2025,oxr_full_2010_120m,KZT,2025,KZT,242,242,0.15829355074094997,41,1.967479674796748,62.593486731098004
development_2023_2025,treasury_fusion_2010_120m,KZT,2023,KZT,242,242,0.20251487723526304,49,1.4427883512955744,60.17028911759959
development_2023_2025,treasury_fusion_2010_120m,KZT,2024,KZT,243,243,0.18991450291204015,46,1.7066889632107016,46.43951392322533
development_2023_2025,treasury_fusion_2010_120m,KZT,2025,KZT,242,242,0.14386460392864167,49,1.7491496598639455,52.509378129249036
development_2023_2025,treasury_halyk_shrink_120m,KZT,2023,KZT,242,242,0.18603111645219042,49,1.498280210960789,53.236552709026405
development_2023_2025,treasury_halyk_shrink_120m,KZT,2024,KZT,243,243,0.18942337292965944,46,1.5441471571906347,43.34520876425477
development_2023_2025,treasury_halyk_shrink_120m,KZT,2025,KZT,242,242,0.14383384867704951,50,1.5125000000000002,45.87505013349625
development_2023_2025,treasury_oxr_basis_2010_120m,all,2023,AMD,242,242,0.20422738632670737,57,1.0278855032317633,14.99053662226467
development_2023_2025,treasury_oxr_basis_2010_120m,all,2023,KGS,242,242,0.19583719133535632,55,1.2170212765957444,19.37448555552457
development_2023_2025,treasury_oxr_basis_2010_120m,all,2023,KZT,242,242,0.19940374677788902,57,1.2879952690715553,24.091393811663654
development_2023_2025,treasury_oxr_basis_2010_120m,all,2023,TJS,242,242,0.19779388074433565,55,1.2170212765957444,18.012495796955065
development_2023_2025,treasury_oxr_basis_2010_120m,all,2023,UZS,242,242,0.20462655930605445,57,1.206648199445983,29.1816024820917
development_2023_2025,treasury_oxr_basis_2010_120m,all,2024,AMD,243,243,0.19498400998225676,48,1.3698529411764706,31.726308837429997
development_2023_2025,treasury_oxr_basis_2010_120m,all,2024,KGS,243,243,0.1967090059975412,49,1.2122448979591838,18.710921292398655
development_2023_2025,treasury_oxr_basis_2010_120m,all,2024,KZT,243,243,0.1892485561863421,47,1.5112929623567914,35.768150165754406
development_2023_2025,treasury_oxr_basis_2010_120m,all,2024,TJS,243,243,0.1932287918434199,48,1.3102941176470588,27.1008434422957
development_2023_2025,treasury_oxr_basis_2010_120m,all,2024,UZS,243,243,0.17650750155887604,48,1.4554687499999999,25.564776303924386
development_2023_2025,treasury_oxr_basis_2010_120m,all,2025,AMD,242,242,0.15782373066968938,42,1.5220125786163523,72.23825427198634
development_2023_2025,treasury_oxr_basis_2010_120m,all,2025,KGS,242,242,0.1521433194481282,52,1.6145996860282572,47.08445078917461
development_2023_2025,treasury_oxr_basis_2010_120m,all,2025,KZT,242,242,0.15790678154125498,50,1.7141666666666668,47.48510507371865
development_2023_2025,treasury_oxr_basis_2010_120m,all,2025,TJS,242,242,0.19051081665493405,43,1.688372093023256,78.93339175246714
development_2023_2025,treasury_oxr_basis_2010_120m,all,2025,UZS,242,242,0.1487984543234951,49,1.5433673469387756,56.09903699100062
development_2023_2025,treasury_oxr_basis_2010_120m,KZT,2023,KZT,242,242,0.19940374677788902,57,1.2879952690715553,24.091393811663654
development_2023_2025,treasury_oxr_basis_2010_120m,KZT,2024,KZT,243,243,0.1892485561863421,47,1.5112929623567914,35.768150165754406
development_2023_2025,treasury_oxr_basis_2010_120m,KZT,2025,KZT,242,242,0.15790678154125498,50,1.7141666666666668,47.48510507371865
development_2023_2025,treasury_oxr_basis_2018_120m,all,2023,AMD,242,242,0.20244562709859165,56,1.182706766917293,33.94752188536287
development_2023_2025,treasury_oxr_basis_2018_120m,all,2023,KGS,242,242,0.1947308877854309,56,1.2412613981762919,24.018676282821406
development_2023_2025,treasury_oxr_basis_2018_120m,all,2023,KZT,242,242,0.1980945788641685,57,1.2879952690715553,31.398599602909886
development_2023_2025,treasury_oxr_basis_2018_120m,all,2023,TJS,242,242,0.19729455687844596,56,1.2872340425531916,26.52511630031938
development_2023_2025,treasury_oxr_basis_2018_120m,all,2023,UZS,242,242,0.20256343993560919,56,1.3191729323308268,28.071004366268888
development_2023_2025,treasury_oxr_basis_2018_120m,all,2024,AMD,243,243,0.1944831874826161,50,1.143529411764706,19.44382185461062
development_2023_2025,treasury_oxr_basis_2018_120m,all,2024,KGS,243,243,0.19704813578365377,47,1.2638297872340427,25.10135602980539
development_2023_2025,treasury_oxr_basis_2018_120m,all,2024,KZT,243,243,0.19012150441115352,48,1.2461538461538462,8.091682427511264
development_2023_2025,treasury_oxr_basis_2018_120m,all,2024,TJS,243,243,0.19304980429483828,50,1.143529411764706,23.965204494635405
development_2023_2025,treasury_oxr_basis_2018_120m,all,2024,UZS,243,243,0.17609329127489248,47,1.4218085106382976,27.8654799255879
development_2023_2025,treasury_oxr_basis_2018_120m,all,2025,AMD,242,242,0.158215305096546,41,1.5591348366313853,74.33298146787047
development_2023_2025,treasury_oxr_basis_2018_120m,all,2025,KGS,242,242,0.15158722890830162,49,1.9150354019158682,55.32543394308749
development_2023_2025,treasury_oxr_basis_2018_120m,all,2025,KZT,242,242,0.15713958859571112,46,1.9728260869565226,58.14275423718504
development_2023_2025,treasury_oxr_basis_2018_120m,all,2025,TJS,242,242,0.19079569030092336,50,1.5902857142857145,49.08721032260812
development_2023_2025,treasury_oxr_basis_2018_120m,all,2025,UZS,242,242,0.14760000217755093,45,1.7925925925925932,82.5755803346901
development_2023_2025,treasury_oxr_basis_2018_120m,KZT,2023,KZT,242,242,0.1980945788641685,57,1.2879952690715553,31.398599602909886
development_2023_2025,treasury_oxr_basis_2018_120m,KZT,2024,KZT,243,243,0.19012150441115352,48,1.2461538461538462,8.091682427511264
development_2023_2025,treasury_oxr_basis_2018_120m,KZT,2025,KZT,242,242,0.15713958859571112,46,1.9728260869565226,58.14275423718504
development_2023_2025,treasury_oxr_full_2010_120m,all,2023,AMD,242,242,0.2097529054458944,58,1.1419237749546276,19.399057797536937
development_2023_2025,treasury_oxr_full_2010_120m,all,2023,KGS,242,242,0.20232335420336575,56,1.2872340425531916,32.548333873920754
development_2023_2025,treasury_oxr_full_2010_120m,all,2023,KZT,242,242,0.20129007470437826,53,1.2312910748357004,21.4952879499236
development_2023_2025,treasury_oxr_full_2010_120m,all,2023,TJS,242,242,0.20956738634315056,57,1.2646509891750655,29.103487045677756
development_2023_2025,treasury_oxr_full_2010_120m,all,2023,UZS,242,242,0.2112094724340266,56,1.364661654135338,36.346792574760336
development_2023_2025,treasury_oxr_full_2010_120m,all,2024,AMD,243,243,0.19536014550643815,48,1.3698529411764706,29.577860540256065
development_2023_2025,treasury_oxr_full_2010_120m,all,2024,KGS,243,243,0.1983499207594682,48,1.3500000000000003,28.33154812600375
development_2023_2025,treasury_oxr_full_2010_120m,all,2024,KZT,243,243,0.1895398022485741,47,1.5112929623567914,35.768150165754406
development_2023_2025,treasury_oxr_full_2010_120m,all,2024,TJS,243,243,0.19427934509014125,49,1.2252100840336135,18.08842642579533
development_2023_2025,treasury_oxr_full_2010_120m,all,2024,UZS,243,243,0.1770449051688824,52,1.2850961538461538,18.682666320476184
development_2023_2025,treasury_oxr_full_2010_120m,all,2025,AMD,242,242,0.158222087783941,44,1.6603773584905663,73.63006956996568
development_2023_2025,treasury_oxr_full_2010_120m,all,2025,KGS,242,242,0.15242713543297587,52,1.6145996860282572,47.59744739871171
development_2023_2025,treasury_oxr_full_2010_120m,all,2025,KZT,242,242,0.158559902328511,44,1.9479166666666672,66.08935917062317
development_2023_2025,treasury_oxr_full_2010_120m,all,2025,TJS,242,242,0.18881137457249572,45,1.6901587301587302,66.55496116996854
development_2023_2025,treasury_oxr_full_2010_120m,all,2025,UZS,242,242,0.14842689274844284,50,1.6133333333333335,55.64685788687075
development_2023_2025,treasury_oxr_full_2010_120m,KZT,2023,KZT,242,242,0.20129007470437826,53,1.2312910748357004,21.4952879499236
development_2023_2025,treasury_oxr_full_2010_120m,KZT,2024,KZT,243,243,0.1895398022485741,47,1.5112929623567914,35.768150165754406
development_2023_2025,treasury_oxr_full_2010_120m,KZT,2025,KZT,242,242,0.158559902328511,44,1.9479166666666672,66.08935917062317
development_2023_2025,treasury_v3_120m,all,2023,AMD,242,242,0.20181717177402783,56,1.0462406015037593,19.270679735401266
development_2023_2025,treasury_v3_120m,all,2023,KGS,242,242,0.19398512017769198,59,1.309051568698161,19.446977510868386
development_2023_2025,treasury_v3_120m,all,2023,KZT,242,242,0.19749472469302476,57,1.049477626650897,19.957840186812312
development_2023_2025,treasury_v3_120m,all,2023,TJS,242,242,0.19665713183149983,56,1.2412613981762919,24.370307512669505
development_2023_2025,treasury_v3_120m,all,2023,UZS,242,242,0.20260648082909724,56,1.364661654135338,31.613831735583567
development_2023_2025,treasury_v3_120m,all,2024,AMD,243,243,0.19452876368886837,47,1.3381727158948686,23.1667696651435
development_2023_2025,treasury_v3_120m,all,2024,KGS,243,243,0.19673493570349596,47,1.2638297872340427,22.286608907945066
development_2023_2025,treasury_v3_120m,all,2024,KZT,243,243,0.19027133090163192,46,1.381605351170568,21.458287965965702
development_2023_2025,treasury_v3_120m,all,2024,TJS,243,243,0.19319117503174552,46,1.3051150895140664,21.766187709087955
development_2023_2025,treasury_v3_120m,all,2024,UZS,243,243,0.17633695414893164,47,1.4218085106382976,24.58457442542518
development_2023_2025,treasury_v3_120m,all,2025,AMD,242,242,0.15857097293908817,50,1.5524528301886793,49.04226527943739
development_2023_2025,treasury_v3_120m,all,2025,KGS,242,242,0.15181281722642442,50,1.7779591836734692,52.63483867072397
development_2023_2025,treasury_v3_120m,all,2025,KZT,242,242,0.15669200059304317,50,1.8150000000000002,47.161632872210895
development_2023_2025,treasury_v3_120m,all,2025,TJS,242,242,0.19105250764803622,50,1.5211428571428574,47.33913782285865
development_2023_2025,treasury_v3_120m,all,2025,UZS,242,242,0.14752364616996336,50,1.5125000000000002,51.67747140828723
development_2023_2025,treasury_v3_120m,KZT,2023,KZT,242,242,0.19749472469302476,57,1.049477626650897,19.957840186812312
development_2023_2025,treasury_v3_120m,KZT,2024,KZT,243,243,0.19027133090163192,46,1.381605351170568,21.458287965965702
development_2023_2025,treasury_v3_120m,KZT,2025,KZT,242,242,0.15669200059304317,50,1.8150000000000002,47.161632872210895
development_2023_2025,v3_120m,all,2023,AMD,242,242,0.2052611987579275,56,1.182706766917293,41.38421974752573
development_2023_2025,v3_120m,all,2023,KGS,242,242,0.1941542992375005,56,1.1493161094224926,25.216033720287346
development_2023_2025,v3_120m,all,2023,KZT,242,242,0.19904166666732276,58,1.265788454087563,17.36652998462376
development_2023_2025,v3_120m,all,2023,TJS,242,242,0.19825950671729448,56,1.2412613981762919,26.13267332202538
development_2023_2025,v3_120m,all,2023,UZS,242,242,0.20426581975723623,56,1.2736842105263155,39.96342892602703
development_2023_2025,v3_120m,all,2024,AMD,243,243,0.19562178886039366,48,1.3102941176470588,25.1039594096306
development_2023_2025,v3_120m,all,2024,KGS,243,243,0.19932537205030632,46,1.35,32.94295706375516
development_2023_2025,v3_120m,all,2024,KZT,243,243,0.1925626805159965,47,1.3522094926350239,20.726036749137744
development_2023_2025,v3_120m,all,2024,TJS,243,243,0.19472954209457444,47,1.2773466833541927,22.965349435900688
development_2023_2025,v3_120m,all,2024,UZS,243,243,0.176026801247954,49,1.3637755102040816,21.04740766465872
development_2023_2025,v3_120m,all,2025,AMD,242,242,0.16031661871612932,40,1.7122641509433962,72.90767042325301
development_2023_2025,v3_120m,all,2025,KGS,242,242,0.153736206109616,40,1.7285714285714284,62.62104084132943
development_2023_2025,v3_120m,all,2025,KZT,242,242,0.15646926295095248,44,2.177083333333334,56.462709323278204
development_2023_2025,v3_120m,all,2025,TJS,242,242,0.1936187465940052,38,1.8195488721804511,85.61049147613305
development_2023_2025,v3_120m,all,2025,UZS,242,242,0.14922595024033047,42,1.5605158730158732,85.10824732617935
development_2023_2025,v3_120m,KZT,2023,KZT,242,242,0.19904166666732276,58,1.265788454087563,17.36652998462376
development_2023_2025,v3_120m,KZT,2024,KZT,243,243,0.1925626805159965,47,1.3522094926350239,20.726036749137744
development_2023_2025,v3_120m,KZT,2025,KZT,242,242,0.15646926295095248,44,2.177083333333334,56.462709323278204
development_2023_2025,v3_180m,all,2023,AMD,242,242,0.2065711568874882,59,1.165744870651204,19.67056455821743
development_2023_2025,v3_180m,all,2023,KGS,242,242,0.19727753264012504,56,1.1952887537993924,25.738446786662717
development_2023_2025,v3_180m,all,2023,KZT,242,242,0.19807604912366947,56,1.1653290529695024,19.23004771545086
development_2023_2025,v3_180m,all,2023,TJS,242,242,0.19878534444007426,56,1.1952887537993924,25.13658865152922
development_2023_2025,v3_180m,all,2023,UZS,242,242,0.2041236881420355,56,1.2281954887218043,31.420617194913177
development_2023_2025,v3_180m,all,2024,AMD,243,243,0.19687759938235985,44,1.299465240641711,30.04273976028442
development_2023_2025,v3_180m,all,2024,KGS,243,243,0.20276240644507915,44,1.2272727272727275,39.22451546319922
development_2023_2025,v3_180m,all,2024,KZT,243,243,0.19192022943032014,48,1.1682692307692308,7.770174705656285
development_2023_2025,v3_180m,all,2024,TJS,243,243,0.19659887865025077,44,1.2344919786096256,30.338465145905978
development_2023_2025,v3_180m,all,2024,UZS,243,243,0.176532708332495,45,1.3499999999999999,29.03164242756407
development_2023_2025,v3_180m,all,2025,AMD,242,242,0.16335355407819782,44,1.7641509433962266,63.78614408058787
development_2023_2025,v3_180m,all,2025,KGS,242,242,0.15581747764230072,38,1.4296455424274972,76.8232399515664
development_2023_2025,v3_180m,all,2025,KZT,242,242,0.15673007739736025,44,1.833333333333334,52.697895311829896
development_2023_2025,v3_180m,all,2025,TJS,242,242,0.19219616474244353,42,1.8931972789115648,80.85554691757
development_2023_2025,v3_180m,all,2025,UZS,242,242,0.14758682020309333,52,1.4543269230769234,47.1780453844187
development_2023_2025,v3_180m,KZT,2023,KZT,242,242,0.19807604912366947,56,1.1653290529695024,19.23004771545086
development_2023_2025,v3_180m,KZT,2024,KZT,243,243,0.19192022943032014,48,1.1682692307692308,7.770174705656285
development_2023_2025,v3_180m,KZT,2025,KZT,242,242,0.15673007739736025,44,1.833333333333334,52.697895311829896
2026_january,fusion_2010_120m,KZT,2026,KZT,156,156,0.22353014608575278,36,1.1403508771929827,27.325233041211458
2026_january,fusion_2010_180m,KZT,2026,KZT,156,156,0.21777107263305012,34,1.2074303405572757,48.67024917998282
2026_january,fusion_2018_120m,KZT,2026,KZT,156,156,0.22238287332094936,34,1.2074303405572757,46.9900193188629
2026_january,fusion_premium_2010_120m,KZT,2026,KZT,156,156,0.22031511994666708,34,1.2074303405572757,49.71904837323142
2026_january,halyk_local_120m,KZT,2026,KZT,156,156,0.22820947592656432,36,1.3684210526315792,36.34640260361142
2026_january,halyk_shrink_120m,KZT,2026,KZT,156,156,0.22333096397798377,34,1.2074303405572757,46.9900193188629
2026_january,kzt_local_120m,KZT,2026,KZT,156,156,0.24119193658648072,34,1.2074303405572757,31.604298956545374
2026_january,kzt_oxr_2010_120m,KZT,2026,KZT,156,156,0.2408894445786617,35,1.0947368421052632,16.57331720830146
2026_january,kzt_oxr_2018_120m,KZT,2026,KZT,156,156,0.2433996346615452,34,1.126934984520124,29.33635081177408
2026_january,kzt_shrink_120m,KZT,2026,KZT,156,156,0.24119193658648072,34,1.2074303405572757,31.604298956545374
2026_january,oxr_basis_2010_120m,all,2026,AMD,156,156,0.2035914317018611,36,1.333333333333333,23.189121426111555
2026_january,oxr_basis_2010_120m,all,2026,KGS,156,156,0.19087911362256463,36,1.2638888888888886,22.694701440648927
2026_january,oxr_basis_2010_120m,all,2026,KZT,156,156,0.23393013985814895,36,1.216374269005848,16.969751072769384
2026_january,oxr_basis_2010_120m,all,2026,TJS,156,156,0.19833385347938634,36,1.213333333333333,15.41685858062648
2026_january,oxr_basis_2010_120m,all,2026,UZS,156,156,0.21766995044083187,34,1.5294117647058822,40.50627416400475
2026_january,oxr_basis_2010_120m,KZT,2026,KZT,156,156,0.23393013985814895,36,1.216374269005848,16.969751072769384
2026_january,oxr_basis_2010_180m,all,2026,AMD,156,156,0.20260070725240192,35,1.457142857142857,33.869654581080816
2026_january,oxr_basis_2010_180m,all,2026,KGS,156,156,0.19003405775612103,35,1.4857142857142853,33.94455219570064
2026_january,oxr_basis_2010_180m,all,2026,KZT,156,156,0.23635130197256243,35,1.0947368421052632,26.541493460639018
2026_january,oxr_basis_2010_180m,all,2026,TJS,156,156,0.19618761915754826,35,1.5154285714285711,26.131863885305147
2026_january,oxr_basis_2010_180m,all,2026,UZS,156,156,0.21733085864342291,34,1.5294117647058822,36.33660919658664
2026_january,oxr_basis_2010_180m,KZT,2026,KZT,156,156,0.23635130197256243,35,1.0947368421052632,26.541493460639018
2026_january,oxr_basis_2018_120m,all,2026,AMD,156,156,0.20338370182809948,36,1.333333333333333,23.189121426111555
2026_january,oxr_basis_2018_120m,all,2026,KGS,156,156,0.19074599742783077,36,1.2638888888888886,22.694701440648927
2026_january,oxr_basis_2018_120m,all,2026,KZT,156,156,0.2351189471107063,34,1.126934984520124,29.83197507207521
2026_january,oxr_basis_2018_120m,all,2026,TJS,156,156,0.1976181079694842,36,1.213333333333333,15.41685858062648
2026_january,oxr_basis_2018_120m,all,2026,UZS,156,156,0.21721568295410412,35,1.337142857142857,27.493938198082333
2026_january,oxr_basis_2018_120m,KZT,2026,KZT,156,156,0.2351189471107063,34,1.126934984520124,29.83197507207521
2026_january,oxr_basis_2018_180m,all,2026,AMD,156,156,0.20252739494265343,34,1.5,41.04114448126973
2026_january,oxr_basis_2018_180m,all,2026,KGS,156,156,0.18948398312045903,36,1.3541666666666663,23.51409464623028
2026_january,oxr_basis_2018_180m,all,2026,KZT,156,156,0.23677222437824497,35,1.0947368421052632,24.052929211837316
2026_january,oxr_basis_2018_180m,all,2026,TJS,156,156,0.1967022922555234,36,1.2999999999999996,16.489211620328877
2026_january,oxr_basis_2018_180m,all,2026,UZS,156,156,0.2176557570197439,34,1.5294117647058822,40.50627416400475
2026_january,oxr_basis_2018_180m,KZT,2026,KZT,156,156,0.23677222437824497,35,1.0947368421052632,24.052929211837316
2026_january,oxr_coverage_2010_120m,all,2026,AMD,156,156,0.20397215515020414,35,1.3714285714285712,27.796450513837268
2026_january,oxr_coverage_2010_120m,all,2026,KGS,156,156,0.1911228096570919,35,1.2999999999999996,27.950001297149765
2026_january,oxr_coverage_2010_120m,all,2026,KZT,156,156,0.23627795536009727,35,1.1729323308270678,18.776466834650723
2026_january,oxr_coverage_2010_120m,all,2026,TJS,156,156,0.19858092690019333,36,1.213333333333333,15.41685858062648
2026_january,oxr_coverage_2010_120m,all,2026,UZS,156,156,0.21768788049937107,34,1.5294117647058822,38.60343252680596
2026_january,oxr_coverage_2010_120m,KZT,2026,KZT,156,156,0.23627795536009727,35,1.1729323308270678,18.776466834650723
2026_january,oxr_full_2010_120m,all,2026,AMD,156,156,0.20393058365620462,36,1.333333333333333,22.941059664097864
2026_january,oxr_full_2010_120m,all,2026,KGS,156,156,0.1907112839065701,36,1.3541666666666663,23.086384508794634
2026_january,oxr_full_2010_120m,all,2026,KZT,156,156,0.2337738964711103,34,1.126934984520124,29.33635081177408
2026_january,oxr_full_2010_120m,all,2026,TJS,156,156,0.1970844417518441,35,1.5154285714285711,26.131863885305147
2026_january,oxr_full_2010_120m,all,2026,UZS,156,156,0.2168493604016943,35,1.5599999999999998,35.8758910135738
2026_january,oxr_full_2010_120m,KZT,2026,KZT,156,156,0.2337738964711103,34,1.126934984520124,29.33635081177408
2026_january,treasury_fusion_2010_120m,KZT,2026,KZT,156,156,0.21783124293044084,34,1.2074303405572757,46.9900193188629
2026_january,treasury_halyk_shrink_120m,KZT,2026,KZT,156,156,0.2200188860172341,33,1.244019138755981,40.59691446159999
2026_january,treasury_oxr_basis_2010_120m,all,2026,AMD,156,156,0.2032306961412059,36,1.1666666666666665,16.9435517021421
2026_january,treasury_oxr_basis_2010_120m,all,2026,KGS,156,156,0.191604770048603,35,1.3928571428571426,32.66181732859744
2026_january,treasury_oxr_basis_2010_120m,all,2026,KZT,156,156,0.23370760013734931,34,1.2879256965944275,28.82069053927474
2026_january,treasury_oxr_basis_2010_120m,all,2026,TJS,156,156,0.19798748983017353,35,1.426285714285714,24.682907142295488
2026_january,treasury_oxr_basis_2010_120m,all,2026,UZS,156,156,0.21800111029740274,33,1.4969696969696968,37.257681929006864
2026_january,treasury_oxr_basis_2010_120m,KZT,2026,KZT,156,156,0.23370760013734931,34,1.2879256965944275,28.82069053927474
2026_january,treasury_oxr_basis_2018_120m,all,2026,AMD,156,156,0.20367293503712572,36,1.2499999999999998,22.94713889102438
2026_january,treasury_oxr_basis_2018_120m,all,2026,KGS,156,156,0.19184939635886755,36,1.2638888888888886,20.813416888259685
2026_january,treasury_oxr_basis_2018_120m,all,2026,KZT,156,156,0.23442131154981277,34,1.126934984520124,29.824314362215308
2026_january,treasury_oxr_basis_2018_120m,all,2026,TJS,156,156,0.19790480264812807,35,1.426285714285714,25.028872187325543
2026_january,treasury_oxr_basis_2018_120m,all,2026,UZS,156,156,0.21881726774112203,33,1.4969696969696968,38.62602212762571
2026_january,treasury_oxr_basis_2018_120m,KZT,2026,KZT,156,156,0.23442131154981277,34,1.126934984520124,29.824314362215308
2026_january,treasury_oxr_full_2010_120m,all,2026,AMD,156,156,0.20345306808941402,36,1.2499999999999998,22.94713889102438
2026_january,treasury_oxr_full_2010_120m,all,2026,KGS,156,156,0.1914575293479244,36,1.2638888888888886,20.813416888259685
2026_january,treasury_oxr_full_2010_120m,all,2026,KZT,156,156,0.2346567073965823,34,1.126934984520124,29.824314362215308
2026_january,treasury_oxr_full_2010_120m,all,2026,TJS,156,156,0.19709774718188774,35,1.426285714285714,24.682907142295488
2026_january,treasury_oxr_full_2010_120m,all,2026,UZS,156,156,0.218103197330719,33,1.4969696969696968,34.35134946970284
2026_january,treasury_oxr_full_2010_120m,KZT,2026,KZT,156,156,0.2346567073965823,34,1.126934984520124,29.824314362215308
2026_january,treasury_v3_120m,all,2026,AMD,156,156,0.20304519343985708,36,1.2499999999999998,21.303952782347114
2026_january,treasury_v3_120m,all,2026,KGS,156,156,0.19139216769937592,36,1.2638888888888886,21.673839251943154
2026_january,treasury_v3_120m,all,2026,KZT,156,156,0.23428876645725183,34,1.2879256965944275,28.813029829414837
2026_january,treasury_v3_120m,all,2026,TJS,156,156,0.19793176627005513,36,1.213333333333333,15.41685858062648
2026_january,treasury_v3_120m,all,2026,UZS,156,156,0.2180331907522087,33,1.4969696969696968,37.257681929006864
2026_january,treasury_v3_120m,KZT,2026,KZT,156,156,0.23428876645725183,34,1.2879256965944275,28.813029829414837
2026_january,v3_120m,all,2026,AMD,156,156,0.2026514716314768,35,1.3714285714285712,29.85055352472452
2026_january,v3_120m,all,2026,KGS,156,156,0.19027144291309264,35,1.2999999999999996,29.85934100091368
2026_january,v3_120m,all,2026,KZT,156,156,0.2349803479118283,34,1.2074303405572757,31.604298956545374
2026_january,v3_120m,all,2026,TJS,156,156,0.19750641840612204,36,1.213333333333333,15.41685858062648
2026_january,v3_120m,all,2026,UZS,156,156,0.2166204424740699,33,1.5757575757575757,42.67871216976091
2026_january,v3_120m,KZT,2026,KZT,156,156,0.2349803479118283,34,1.2074303405572757,31.604298956545374
2026_january,v3_180m,all,2026,AMD,156,156,0.2022909839980717,34,1.5,38.926626675944625
2026_january,v3_180m,all,2026,KGS,156,156,0.18883806996994,34,1.529411764705882,39.6852976584236
2026_january,v3_180m,all,2026,KZT,156,156,0.2369271971391627,35,1.0947368421052632,26.541493460639018
2026_january,v3_180m,all,2026,TJS,156,156,0.19684679579154155,35,1.5154285714285711,26.131863885305147
2026_january,v3_180m,all,2026,UZS,156,156,0.21681594491072978,34,1.5294117647058822,37.664704095246115
2026_january,v3_180m,KZT,2026,KZT,156,156,0.2369271971391627,35,1.0947368421052632,26.541493460639018
2026_common_january,fusion_2010_120m,KZT,2026,KZT,122,122,0.23220644470678878,29,1.0517241379310343,22.244859494426464
2026_common_january,fusion_2010_180m,KZT,2026,KZT,122,122,0.2253527878750265,27,1.1296296296296295,49.33049558731854
2026_common_january,fusion_2018_120m,KZT,2026,KZT,122,122,0.23115265800153986,27,1.1296296296296295,47.21465057701938
2026_common_january,fusion_premium_2010_120m,KZT,2026,KZT,122,122,0.22894336909283158,27,1.1296296296296295,50.65120568252049
2026_common_january,halyk_local_120m,KZT,2026,KZT,122,122,0.23810021077650323,29,1.314655172413793,33.452534266206996
2026_common_january,halyk_shrink_120m,KZT,2026,KZT,122,122,0.2323218745825559,27,1.1296296296296295,47.21465057701938
2026_common_january,kzt_local_120m,KZT,2026,KZT,122,122,0.24999906965320146,27,1.2237654320987652,28.662941820207514
2026_common_january,kzt_oxr_2010_120m,KZT,2026,KZT,122,122,0.24979680890292513,28,1.0892857142857142,9.698149302567717
2026_common_january,kzt_oxr_2018_120m,KZT,2026,KZT,122,122,0.25266478043401336,27,1.1296296296296295,25.807007119384387
2026_common_january,kzt_shrink_120m,KZT,2026,KZT,122,122,0.24999906965320146,27,1.2237654320987652,28.662941820207514
2026_common_january,oxr_basis_2010_120m,all,2026,AMD,122,122,0.2263676175795042,29,1.1218390804597702,14.101065399332231
2026_common_january,oxr_basis_2010_120m,all,2026,KGS,122,122,0.21806633170633097,29,1.001642036124795,13.630535067695927
2026_common_january,oxr_basis_2010_120m,all,2026,KZT,122,122,0.2410788883606783,29,1.1393678160919538,9.389778430153543
2026_common_january,oxr_basis_2010_120m,all,2026,TJS,122,122,0.23546264718152893,29,0.914542728635682,4.086102635549801
2026_common_january,oxr_basis_2010_120m,all,2026,UZS,122,122,0.2461594392651123,27,1.3903133903133904,40.800041453341905
2026_common_january,oxr_basis_2010_120m,KZT,2026,KZT,122,122,0.2410788883606783,29,1.1393678160919538,9.389778430153543
2026_common_january,oxr_basis_2010_180m,all,2026,AMD,122,122,0.2243266039707175,28,1.2587301587301587,27.399526465907847
2026_common_january,oxr_basis_2010_180m,all,2026,KGS,122,122,0.21693598975510028,28,1.2448979591836737,27.637018843421306
2026_common_january,oxr_basis_2010_180m,all,2026,KZT,122,122,0.24390456969224789,28,1.0892857142857142,22.158369617989667
2026_common_january,oxr_basis_2010_180m,all,2026,TJS,122,122,0.23243315689219954,28,1.231366459627329,17.55255413700503
2026_common_january,oxr_basis_2010_180m,all,2026,UZS,122,122,0.24495507841430308,27,1.3903133903133904,35.549352235111705
2026_common_january,oxr_basis_2010_180m,KZT,2026,KZT,122,122,0.24390456969224789,28,1.0892857142857142,22.158369617989667
2026_common_january,oxr_basis_2018_120m,all,2026,AMD,122,122,0.2258084948940504,29,1.1218390804597702,14.101065399332231
2026_common_january,oxr_basis_2018_120m,all,2026,KGS,122,122,0.21781568722706227,29,1.001642036124795,13.630535067695927
2026_common_january,oxr_basis_2018_120m,all,2026,KZT,122,122,0.242453601566669,27,1.1296296296296295,26.431126558282106
2026_common_january,oxr_basis_2018_120m,all,2026,TJS,122,122,0.2344029779606671,29,0.914542728635682,4.086102635549801
2026_common_january,oxr_basis_2018_120m,all,2026,UZS,122,122,0.24551324945188668,28,1.1730769230769231,24.1055888371391
2026_common_january,oxr_basis_2018_120m,KZT,2026,KZT,122,122,0.242453601566669,27,1.1296296296296295,26.431126558282106
2026_common_january,oxr_basis_2018_180m,all,2026,AMD,122,122,0.22464420983372918,27,1.3053497942386831,36.473112908804985
2026_common_january,oxr_basis_2018_180m,all,2026,KGS,122,122,0.21652796061746524,29,1.1018062397372745,14.64771284014175
2026_common_january,oxr_basis_2018_180m,all,2026,KZT,122,122,0.244506215815226,28,1.0892857142857142,19.047664306987542
2026_common_january,oxr_basis_2018_180m,all,2026,TJS,122,122,0.2334070757646768,29,1.00599700149925,5.41729951242174
2026_common_january,oxr_basis_2018_180m,all,2026,UZS,122,122,0.24568260923678012,27,1.3903133903133904,40.800041453341905
2026_common_january,oxr_basis_2018_180m,KZT,2026,KZT,122,122,0.244506215815226,28,1.0892857142857142,19.047664306987542
2026_common_january,oxr_coverage_2010_120m,all,2026,AMD,122,122,0.22645750130069764,28,1.161904761904762,19.80802138185342
2026_common_january,oxr_coverage_2010_120m,all,2026,KGS,122,122,0.2182672379388195,28,1.037414965986395,20.143830220232726
2026_common_january,oxr_coverage_2010_120m,all,2026,KZT,122,122,0.24372208292916653,28,1.1800595238095237,12.452086335504305
2026_common_january,oxr_coverage_2010_120m,all,2026,TJS,122,122,0.23558883911527864,29,0.914542728635682,4.086102635549801
2026_common_january,oxr_coverage_2010_120m,all,2026,UZS,122,122,0.2460923896485809,27,1.3903133903133904,38.40387050279528
2026_common_january,oxr_coverage_2010_120m,KZT,2026,KZT,122,122,0.24372208292916653,28,1.1800595238095237,12.452086335504305
2026_common_january,oxr_full_2010_120m,all,2026,AMD,122,122,0.22680813872392064,29,1.1218390804597702,14.101065399332231
2026_common_january,oxr_full_2010_120m,all,2026,KGS,122,122,0.21826060691396976,29,1.1018062397372745,14.64771284014175
2026_common_january,oxr_full_2010_120m,all,2026,KZT,122,122,0.24106597732092302,27,1.1296296296296295,25.807007119384387
2026_common_january,oxr_full_2010_120m,all,2026,TJS,122,122,0.2344537182406178,28,1.231366459627329,17.55255413700503
2026_common_january,oxr_full_2010_120m,all,2026,UZS,122,122,0.24533160686653727,28,1.4244505494505495,34.66959883067638
2026_common_january,oxr_full_2010_120m,KZT,2026,KZT,122,122,0.24106597732092302,27,1.1296296296296295,25.807007119384387
2026_common_january,treasury_fusion_2010_120m,KZT,2026,KZT,122,122,0.22658219228873414,27,1.1296296296296295,47.21465057701938
2026_common_january,treasury_halyk_shrink_120m,KZT,2026,KZT,122,122,0.22940886492559653,26,1.173076923076923,39.41170278510379
2026_common_january,treasury_oxr_basis_2010_120m,all,2026,AMD,122,122,0.22630837734063405,29,0.9348659003831418,7.560602268904038
2026_common_january,treasury_oxr_basis_2010_120m,all,2026,KGS,122,122,0.2193230649680274,28,1.1411564625850343,26.583513293388137
2026_common_january,treasury_oxr_basis_2010_120m,all,2026,KZT,122,122,0.241828813049038,27,1.317901234567901,25.157657146607445
2026_common_january,treasury_oxr_basis_2010_120m,all,2026,TJS,122,122,0.23491919331047495,28,1.136645962732919,16.173814514530523
2026_common_january,treasury_oxr_basis_2010_120m,all,2026,UZS,122,122,0.2468350550603741,26,1.3535502958579884,37.1388634030136
2026_common_january,treasury_oxr_basis_2010_120m,KZT,2026,KZT,122,122,0.241828813049038,27,1.317901234567901,25.157657146607445
2026_common_january,treasury_oxr_basis_2018_120m,all,2026,AMD,122,122,0.22682903802448248,29,1.028352490421456,15.013331193033768
2026_common_january,treasury_oxr_basis_2018_120m,all,2026,KGS,122,122,0.21962606075070343,29,1.001642036124795,12.562424547261282
2026_common_january,treasury_oxr_basis_2018_120m,all,2026,KZT,122,122,0.2425837137858378,27,1.1296296296296295,26.431126558282106
2026_common_january,treasury_oxr_basis_2018_120m,all,2026,TJS,122,122,0.23450156027540411,28,1.136645962732919,16.173814514530523
2026_common_january,treasury_oxr_basis_2018_120m,all,2026,UZS,122,122,0.24768378172835917,26,1.3535502958579884,38.875602885875985
2026_common_january,treasury_oxr_basis_2018_120m,KZT,2026,KZT,122,122,0.2425837137858378,27,1.1296296296296295,26.431126558282106
2026_common_january,treasury_oxr_full_2010_120m,all,2026,AMD,122,122,0.22679134088366185,29,1.028352490421456,15.013331193033768
2026_common_january,treasury_oxr_full_2010_120m,all,2026,KGS,122,122,0.21968297867294043,29,1.001642036124795,12.562424547261282
2026_common_january,treasury_oxr_full_2010_120m,all,2026,KZT,122,122,0.24338531728510518,27,1.1296296296296295,26.431126558282106
2026_common_january,treasury_oxr_full_2010_120m,all,2026,TJS,122,122,0.23406247584482687,28,1.136645962732919,16.173814514530523
2026_common_january,treasury_oxr_full_2010_120m,all,2026,UZS,122,122,0.24702957644456786,26,1.3535502958579884,33.450056820050804
2026_common_january,treasury_oxr_full_2010_120m,KZT,2026,KZT,122,122,0.24338531728510518,27,1.1296296296296295,26.431126558282106
2026_common_january,treasury_v3_120m,all,2026,AMD,122,122,0.22625269556028763,29,1.028352490421456,12.973513954675779
2026_common_january,treasury_v3_120m,all,2026,KGS,122,122,0.21934634418542195,29,1.001642036124795,13.630535067695927
2026_common_january,treasury_v3_120m,all,2026,KZT,122,122,0.24239450643815758,27,1.317901234567901,25.157657146607445
2026_common_january,treasury_v3_120m,all,2026,TJS,122,122,0.23466777322366547,29,0.914542728635682,4.086102635549801
2026_common_january,treasury_v3_120m,all,2026,UZS,122,122,0.2468120572441713,26,1.3535502958579884,37.1388634030136
2026_common_january,treasury_v3_120m,KZT,2026,KZT,122,122,0.24239450643815758,27,1.317901234567901,25.157657146607445
2026_common_january,v3_120m,all,2026,AMD,122,122,0.22491423319506687,28,1.161904761904762,22.375650145462483
2026_common_january,v3_120m,all,2026,KGS,122,122,0.21743444236147966,28,1.037414965986395,22.530504849937618
2026_common_january,v3_120m,all,2026,KZT,122,122,0.24223110959416028,27,1.2237654320987652,28.662941820207514
2026_common_january,v3_120m,all,2026,TJS,122,122,0.23456282678549495,29,0.914542728635682,4.086102635549801
2026_common_january,v3_120m,all,2026,UZS,122,122,0.24491310430434746,26,1.4437869822485208,44.01940178550911
2026_common_january,v3_120m,KZT,2026,KZT,122,122,0.24223110959416028,27,1.2237654320987652,28.662941820207514
2026_common_january,v3_180m,all,2026,AMD,122,122,0.22435249036644983,27,1.3053497942386831,33.810386783580775
2026_common_january,v3_180m,all,2026,KGS,122,122,0.21551462821871106,27,1.2910052910052914,34.910305808115965
2026_common_january,v3_180m,all,2026,KZT,122,122,0.24440231065178447,28,1.0892857142857142,22.158369617989667
2026_common_january,v3_180m,all,2026,TJS,122,122,0.2334245527178431,28,1.231366459627329,17.55255413700503
2026_common_january,v3_180m,all,2026,UZS,122,122,0.24434558399979944,27,1.3903133903133904,37.22176803342363
2026_common_january,v3_180m,KZT,2026,KZT,122,122,0.24440231065178447,28,1.0892857142857142,22.158369617989667
2026_common_march,fusion_2010_120m,KZT,2026,KZT,122,122,0.22993973133802176,27,1.1296296296296295,52.76705069281965
2026_common_march,fusion_2010_180m,KZT,2026,KZT,122,122,0.22682377403939727,29,1.314655172413793,13.176209808845615
2026_common_march,fusion_2018_120m,KZT,2026,KZT,122,122,0.230690274027425,27,1.1296296296296295,52.76705069281965
2026_common_march,fusion_premium_2010_120m,KZT,2026,KZT,122,122,0.22707955839765057,29,0.9640804597701148,10.373410667814381
2026_common_march,halyk_local_120m,KZT,2026,KZT,122,122,0.23583725459205668,29,1.0517241379310343,18.631505271644652
2026_common_march,halyk_shrink_120m,KZT,2026,KZT,122,122,0.22942512330263246,27,1.1296296296296295,52.76705069281965
2026_common_march,kzt_local_120m,KZT,2026,KZT,122,122,0.24688725504820716,27,1.1296296296296295,25.807007119384387
2026_common_march,kzt_oxr_2010_120m,KZT,2026,KZT,122,122,0.24676087488363824,27,1.1296296296296295,23.20520993946509
2026_common_march,kzt_oxr_2018_120m,KZT,2026,KZT,122,122,0.24797189132523867,27,1.1296296296296295,22.58109050056737
2026_common_march,kzt_shrink_120m,KZT,2026,KZT,122,122,0.24688725504820716,27,1.1296296296296295,25.807007119384387
2026_common_march,oxr_basis_2010_120m,all,2026,AMD,122,122,0.2247876574048965,29,1.1218390804597702,14.101065399332231
2026_common_march,oxr_basis_2010_120m,all,2026,KGS,122,122,0.21715157118713657,29,1.1018062397372745,14.64771284014175
2026_common_march,oxr_basis_2010_120m,all,2026,KZT,122,122,0.24291713280440602,27,1.1296296296296295,23.20520993946509
2026_common_march,oxr_basis_2010_120m,all,2026,TJS,122,122,0.2344200790133311,29,0.914542728635682,4.086102635549801
2026_common_march,oxr_basis_2010_120m,all,2026,UZS,122,122,0.242673637116036,28,1.1730769230769231,24.1055888371391
2026_common_march,oxr_basis_2010_120m,KZT,2026,KZT,122,122,0.24291713280440602,27,1.1296296296296295,23.20520993946509
2026_common_march,oxr_basis_2010_180m,all,2026,AMD,122,122,0.22548795170107477,27,1.3053497942386831,36.473112908804985
2026_common_march,oxr_basis_2010_180m,all,2026,KGS,122,122,0.21785074112959749,28,1.2448979591836737,27.637018843421306
2026_common_march,oxr_basis_2010_180m,all,2026,KZT,122,122,0.24580728511602026,28,1.0892857142857142,22.158369617989667
2026_common_march,oxr_basis_2010_180m,all,2026,TJS,122,122,0.23369971263517994,28,1.231366459627329,17.55255413700503
2026_common_march,oxr_basis_2010_180m,all,2026,UZS,122,122,0.24542479498250053,27,1.3903133903133904,37.22176803342363
2026_common_march,oxr_basis_2010_180m,KZT,2026,KZT,122,122,0.24580728511602026,28,1.0892857142857142,22.158369617989667
2026_common_march,oxr_basis_2018_120m,all,2026,AMD,122,122,0.22530678462040568,29,0.9348659003831418,1.099100051437439
2026_common_march,oxr_basis_2018_120m,all,2026,KGS,122,122,0.21738817946435046,29,1.1018062397372745,14.64771284014175
2026_common_march,oxr_basis_2018_120m,all,2026,KZT,122,122,0.24400240713790317,27,1.1296296296296295,22.58109050056737
2026_common_march,oxr_basis_2018_120m,all,2026,TJS,122,122,0.23532566176251532,29,1.00599700149925,5.41729951242174
2026_common_march,oxr_basis_2018_120m,all,2026,UZS,122,122,0.24387051503839846,27,1.3903133903133904,40.800041453341905
2026_common_march,oxr_basis_2018_120m,KZT,2026,KZT,122,122,0.24400240713790317,27,1.1296296296296295,22.58109050056737
2026_common_march,oxr_basis_2018_180m,all,2026,AMD,122,122,0.2260436956058483,27,1.3053497942386831,36.473112908804985
2026_common_march,oxr_basis_2018_180m,all,2026,KGS,122,122,0.21711387813177846,27,1.2910052910052914,37.385375794476595
2026_common_march,oxr_basis_2018_180m,all,2026,KZT,122,122,0.24507740933920794,27,1.1296296296296295,22.413499718343022
2026_common_march,oxr_basis_2018_180m,all,2026,TJS,122,122,0.2349115455268982,28,1.231366459627329,17.55255413700503
2026_common_march,oxr_basis_2018_180m,all,2026,UZS,122,122,0.24588743642456226,27,1.3903133903133904,40.800041453341905
2026_common_march,oxr_basis_2018_180m,KZT,2026,KZT,122,122,0.24507740933920794,27,1.1296296296296295,22.413499718343022
2026_common_march,oxr_coverage_2010_120m,all,2026,AMD,122,122,0.22462542227720642,28,1.161904761904762,19.80802138185342
2026_common_march,oxr_coverage_2010_120m,all,2026,KGS,122,122,0.21716065813302451,29,1.001642036124795,13.630535067695927
2026_common_march,oxr_coverage_2010_120m,all,2026,KZT,122,122,0.24276017144441864,29,1.1393678160919538,9.389778430153543
2026_common_march,oxr_coverage_2010_120m,all,2026,TJS,122,122,0.2353246921069239,29,0.914542728635682,4.086102635549801
2026_common_march,oxr_coverage_2010_120m,all,2026,UZS,122,122,0.2439511875873951,28,1.1730769230769231,24.1055888371391
2026_common_march,oxr_coverage_2010_120m,KZT,2026,KZT,122,122,0.24276017144441864,29,1.1393678160919538,9.389778430153543
2026_common_march,oxr_full_2010_120m,all,2026,AMD,122,122,0.22546391070826252,29,1.1218390804597702,14.101065399332231
2026_common_march,oxr_full_2010_120m,all,2026,KGS,122,122,0.21834742431080545,29,1.001642036124795,13.630535067695927
2026_common_march,oxr_full_2010_120m,all,2026,KZT,122,122,0.24279830467915117,27,1.1296296296296295,25.807007119384387
2026_common_march,oxr_full_2010_120m,all,2026,TJS,122,122,0.23461629088539193,29,0.914542728635682,4.086102635549801
2026_common_march,oxr_full_2010_120m,all,2026,UZS,122,122,0.2431647673813454,29,1.213527851458886,18.76221156753799
2026_common_march,oxr_full_2010_120m,KZT,2026,KZT,122,122,0.24279830467915117,27,1.1296296296296295,25.807007119384387
2026_common_march,treasury_fusion_2010_120m,KZT,2026,KZT,122,122,0.22438460875651772,28,1.2708333333333333,27.705783710228136
2026_common_march,treasury_halyk_shrink_120m,KZT,2026,KZT,122,122,0.22537102139629733,28,1.3616071428571426,40.00121285207637
2026_common_march,treasury_oxr_basis_2010_120m,all,2026,AMD,122,122,0.2259605241537504,27,1.3053497942386831,36.43447995414138
2026_common_march,treasury_oxr_basis_2010_120m,all,2026,KGS,122,122,0.21834302319660095,27,1.2910052910052914,37.186565481818825
2026_common_march,treasury_oxr_basis_2010_120m,all,2026,KZT,122,122,0.24260396755912628,27,1.2237654320987652,18.859513216692864
2026_common_march,treasury_oxr_basis_2010_120m,all,2026,TJS,122,122,0.23425585544876468,27,1.2769726247987117,26.5589577038908
2026_common_march,treasury_oxr_basis_2010_120m,all,2026,UZS,122,122,0.2455817792902915,26,1.3535502958579884,35.18679630291319
2026_common_march,treasury_oxr_basis_2010_120m,KZT,2026,KZT,122,122,0.24260396755912628,27,1.2237654320987652,18.859513216692864
2026_common_march,treasury_oxr_basis_2018_120m,all,2026,AMD,122,122,0.2262572618872162,28,1.2587301587301587,27.362273259625084
2026_common_march,treasury_oxr_basis_2018_120m,all,2026,KGS,122,122,0.21888340265835166,26,1.3406593406593408,44.24772034392784
2026_common_march,treasury_oxr_basis_2018_120m,all,2026,KZT,122,122,0.24279749094029407,27,1.2237654320987652,23.063466187114358
2026_common_march,treasury_oxr_basis_2018_120m,all,2026,TJS,122,122,0.23462179510053502,28,1.231366459627329,17.62559753476926
2026_common_march,treasury_oxr_basis_2018_120m,all,2026,UZS,122,122,0.24601539743776676,26,1.3535502958579884,35.18679630291319
2026_common_march,treasury_oxr_basis_2018_120m,KZT,2026,KZT,122,122,0.24279749094029407,27,1.2237654320987652,23.063466187114358
2026_common_march,treasury_oxr_full_2010_120m,all,2026,AMD,122,122,0.22528492873956935,27,1.3053497942386831,36.43447995414138
2026_common_march,treasury_oxr_full_2010_120m,all,2026,KGS,122,122,0.21799134690219465,26,1.3406593406593408,44.24772034392784
2026_common_march,treasury_oxr_full_2010_120m,all,2026,KZT,122,122,0.2416686856774551,27,1.2237654320987652,23.063466187114358
2026_common_march,treasury_oxr_full_2010_120m,all,2026,TJS,122,122,0.23347262013480413,28,1.231366459627329,17.62559753476926
2026_common_march,treasury_oxr_full_2010_120m,all,2026,UZS,122,122,0.24473943113487878,26,1.3535502958579884,35.18679630291319
2026_common_march,treasury_oxr_full_2010_120m,KZT,2026,KZT,122,122,0.2416686856774551,27,1.2237654320987652,23.063466187114358
2026_common_march,treasury_v3_120m,all,2026,AMD,122,122,0.22491237993892235,27,1.3053497942386831,36.43447995414138
2026_common_march,treasury_v3_120m,all,2026,KGS,122,122,0.21788810674053843,27,1.2910052910052914,37.186565481818825
2026_common_march,treasury_v3_120m,all,2026,KZT,122,122,0.2414424964987229,27,1.2237654320987652,23.063466187114358
2026_common_march,treasury_v3_120m,all,2026,TJS,122,122,0.23405016057713052,27,1.2769726247987117,23.622254352152705
2026_common_march,treasury_v3_120m,all,2026,UZS,122,122,0.2444811212853393,26,1.3535502958579884,35.18679630291319
2026_common_march,treasury_v3_120m,KZT,2026,KZT,122,122,0.2414424964987229,27,1.2237654320987652,23.063466187114358
2026_common_march,v3_120m,all,2026,AMD,122,122,0.22414168125687553,29,1.1218390804597702,14.101065399332231
2026_common_march,v3_120m,all,2026,KGS,122,122,0.21674813517404776,28,1.1411564625850343,21.1973357702659
2026_common_march,v3_120m,all,2026,KZT,122,122,0.2422858871035243,27,1.1296296296296295,25.807007119384387
2026_common_march,v3_120m,all,2026,TJS,122,122,0.23517390565969729,29,1.00599700149925,5.41729951242174
2026_common_march,v3_120m,all,2026,UZS,122,122,0.24344658573405845,28,1.1730769230769231,24.1055888371391
2026_common_march,v3_120m,KZT,2026,KZT,122,122,0.2422858871035243,27,1.1296296296296295,25.807007119384387
2026_common_march,v3_180m,all,2026,AMD,122,122,0.22485301514542297,27,1.3053497942386831,36.473112908804985
2026_common_march,v3_180m,all,2026,KGS,122,122,0.21613105592005474,27,1.2910052910052914,37.385375794476595
2026_common_march,v3_180m,all,2026,KZT,122,122,0.2443698819791617,27,1.2237654320987652,22.27175596599229
2026_common_march,v3_180m,all,2026,TJS,122,122,0.23468354890440038,28,1.231366459627329,17.55255413700503
2026_common_march,v3_180m,all,2026,UZS,122,122,0.244189785503498,27,1.3903133903133904,40.800041453341905
2026_common_march,v3_180m,KZT,2026,KZT,122,122,0.2443698819791617,27,1.2237654320987652,22.27175596599229
