config_id,mode,scope,rows,dates,brier,signals,lift,forward_delta_bps,cutoff
fusion_2010_120m,bank_delayed,KZT,242,242,0.21726232938248072,42,1.424291064740503,56.26064459070637,2023-01-01
fusion_2010_120m,both_delayed,KZT,242,242,0.2132691881256045,45,1.2689138576779024,45.42106935290267,2023-01-01
fusion_2010_120m,normal,KZT,242,242,0.2034905676055108,43,1.644107656127515,68.39803056902046,2023-01-01
fusion_2010_120m,oxr_delayed,KZT,242,242,0.19956882406519127,44,1.6067415730337078,57.217086806163245,2023-01-01
fusion_2010_180m,bank_delayed,KZT,242,242,0.21882133459531936,37,1.322805952019435,51.26642870776217,2023-01-01
fusion_2010_180m,both_delayed,KZT,242,242,0.21766638568986038,40,1.2915730337078652,41.49382066425269,2023-01-01
fusion_2010_180m,normal,KZT,242,242,0.20702282037577105,40,1.7674157303370788,69.92020994569707,2023-01-01
fusion_2010_180m,oxr_delayed,KZT,242,242,0.20586504531537483,42,1.7479935794542536,62.43554328105895,2023-01-01
fusion_2018_120m,bank_delayed,KZT,242,242,0.20200067709755537,53,1.2312910748357004,33.379160865316805,2023-01-01
fusion_2018_120m,both_delayed,KZT,242,242,0.2021744977038169,53,1.3338986644053423,34.78461783623889,2023-01-01
fusion_2018_120m,normal,KZT,242,242,0.18808318434052287,51,1.439524124256444,43.7103649660962,2023-01-01
fusion_2018_120m,oxr_delayed,KZT,242,242,0.1883479659840658,51,1.3862084159506498,43.761622163043036,2023-01-01
fusion_premium_2010_120m,bank_delayed,KZT,242,242,0.21759622825082206,41,1.392710331597698,52.89858542243102,2023-01-01
fusion_premium_2010_120m,both_delayed,KZT,242,242,0.21560498697444638,43,1.3279331068722235,50.73186009184554,2023-01-01
fusion_premium_2010_120m,normal,KZT,242,242,0.20470245899806414,42,1.7479935794542536,52.34999798946437,2023-01-01
fusion_premium_2010_120m,oxr_delayed,KZT,242,242,0.2046081158744614,45,1.5710362047440698,37.9518151529373,2023-01-01
halyk_local_120m,bank_delayed,KZT,242,242,0.20483248283684077,41,1.5253494107974788,65.36171930070925,2023-01-01
halyk_local_120m,normal,KZT,242,242,0.18976914059804337,43,1.7073425659785733,68.77975523491388,2023-01-01
halyk_shrink_120m,bank_delayed,KZT,242,242,0.20483248283684077,41,1.5253494107974788,65.36171930070925,2023-01-01
halyk_shrink_120m,normal,KZT,242,242,0.18976914059804337,43,1.7073425659785733,68.77975523491388,2023-01-01
kzt_local_120m,normal,KZT,242,242,0.19469084306073467,58,1.265788454087563,17.36652998462376,2023-01-01
kzt_oxr_2010_120m,normal,KZT,242,242,0.19603702704621193,56,1.1653290529695024,18.214060903088473,2023-01-01
kzt_oxr_2010_120m,oxr_delayed,KZT,242,242,0.19147565290748864,58,1.265788454087563,18.89211903135037,2023-01-01
kzt_oxr_2018_120m,normal,KZT,242,242,0.19366175356473098,58,1.265788454087563,17.36652998462376,2023-01-01
kzt_oxr_2018_120m,oxr_delayed,KZT,242,242,0.1916984147811026,58,1.265788454087563,17.36652998462376,2023-01-01
kzt_shrink_120m,normal,KZT,242,242,0.19469084306073467,58,1.265788454087563,17.36652998462376,2023-01-01
oxr_basis_2010_120m,normal,all,1210,242,0.19956934494974213,280,1.1937136739063934,25.795790450481263,2023-01-01
oxr_basis_2010_120m,normal,KZT,242,242,0.19864017246049326,56,1.1653290529695024,18.214060903088473,2023-01-01
oxr_basis_2010_120m,oxr_delayed,all,1210,242,0.1964093304388394,282,1.204025826053931,30.83861004054676,2023-01-01
oxr_basis_2010_120m,oxr_delayed,KZT,242,242,0.19514165845203343,58,1.265788454087563,18.89211903135037,2023-01-01
oxr_basis_2010_180m,normal,all,1210,242,0.20217370199505735,278,1.1933582463304697,24.384608723786357,2023-01-01
oxr_basis_2010_180m,normal,KZT,242,242,0.19931987291403677,57,1.2879952690715553,32.29507789662791,2023-01-01
oxr_basis_2010_180m,oxr_delayed,all,1210,242,0.20089570346210026,278,1.2119577779489945,24.82344521646045,2023-01-01
oxr_basis_2010_180m,oxr_delayed,KZT,242,242,0.1978362467147735,57,1.2879952690715553,25.643747578508275,2023-01-01
oxr_basis_2018_120m,normal,all,1210,242,0.19922629736549147,285,1.227641665414099,26.499227218275237,2023-01-01
oxr_basis_2018_120m,normal,KZT,242,242,0.1978733378242471,58,1.265788454087563,17.36652998462376,2023-01-01
oxr_basis_2018_120m,oxr_delayed,all,1210,242,0.1979158974931289,285,1.2185480234480683,26.825613609431898,2023-01-01
oxr_basis_2018_120m,oxr_delayed,KZT,242,242,0.1962069949750221,58,1.265788454087563,17.36652998462376,2023-01-01
oxr_basis_2018_180m,normal,all,1210,242,0.19995801108404854,280,1.184460079535026,24.6119226362536,2023-01-01
oxr_basis_2018_180m,normal,KZT,242,242,0.19740260663901069,56,1.1167736757624398,19.635777681623498,2023-01-01
oxr_basis_2018_180m,oxr_delayed,all,1210,242,0.1990628240121294,279,1.1885047768867743,26.63803008681627,2023-01-01
oxr_basis_2018_180m,oxr_delayed,KZT,242,242,0.1962256172849312,55,1.137078651685393,24.68075849788653,2023-01-01
oxr_coverage_2010_120m,normal,all,1210,242,0.20155872005786266,281,1.2172852678911668,29.646267767525043,2023-01-01
oxr_coverage_2010_120m,normal,KZT,242,242,0.19958709165407754,57,1.2879952690715553,29.846245836065272,2023-01-01
oxr_coverage_2010_120m,oxr_delayed,all,1210,242,0.1977331289388393,285,1.264158743282348,31.674199654424637,2023-01-01
oxr_coverage_2010_120m,oxr_delayed,KZT,242,242,0.19542029478458303,59,1.5208531708246047,27.184052888111136,2023-01-01
oxr_full_2010_120m,normal,all,1210,242,0.20553031471296695,278,1.2013854146623049,28.526650636888064,2023-01-01
oxr_full_2010_120m,normal,KZT,242,242,0.19876710373371667,52,1.3072601555747623,38.812881055953476,2023-01-01
oxr_full_2010_120m,oxr_delayed,all,1210,242,0.19934475353813458,281,1.1156322627347888,25.37087980059586,2023-01-01
oxr_full_2010_120m,oxr_delayed,KZT,242,242,0.19349462515734842,56,1.0196629213483146,16.66742409948106,2023-01-01
v3_120m,normal,all,1210,242,0.2001964982274563,282,1.2224078997341437,29.922888862399454,2023-01-01
v3_120m,normal,KZT,242,242,0.19904166666732276,58,1.265788454087563,17.36652998462376,2023-01-01
v3_180m,normal,all,1210,242,0.20096675424667848,283,1.1899988652267657,24.190821655314362,2023-01-01
v3_180m,normal,KZT,242,242,0.19807604912366947,56,1.1653290529695024,19.23004771545086,2023-01-01
fusion_2010_120m,bank_delayed,KZT,243,243,0.18654886778259874,46,1.5441471571906347,40.0594414238957,2024-01-01
fusion_2010_120m,both_delayed,KZT,243,243,0.18578337182488672,48,1.3240384615384615,29.54582076288172,2024-01-01
fusion_2010_120m,normal,KZT,243,243,0.19285620390651267,47,1.5908346972176752,34.743705157564506,2024-01-01
fusion_2010_120m,oxr_delayed,KZT,243,243,0.19069042453742144,46,1.6254180602006683,35.584531331569885,2024-01-01
fusion_2010_180m,bank_delayed,KZT,243,243,0.1867651156103881,41,1.550093808630394,35.76145117662706,2024-01-01
fusion_2010_180m,both_delayed,KZT,243,243,0.18855717881924985,43,1.5649373881932018,33.41624861131234,2024-01-01
fusion_2010_180m,normal,KZT,243,243,0.19176075377436777,41,1.7324577861163226,56.302121437996206,2024-01-01
fusion_2010_180m,oxr_delayed,KZT,243,243,0.1915104276525689,42,1.78021978021978,55.10069882549325,2024-01-01
fusion_2018_120m,bank_delayed,KZT,243,243,0.1892802972332943,47,1.3522094926350239,19.293416248474458,2024-01-01
fusion_2018_120m,both_delayed,KZT,243,243,0.18836952095239531,45,1.578461538461538,36.841197765642505,2024-01-01
fusion_2018_120m,normal,KZT,243,243,0.19587160957375646,47,1.5112929623567914,35.59865187871796,2024-01-01
fusion_2018_120m,oxr_delayed,KZT,243,243,0.19385558535727992,46,1.5441471571906347,36.45806385100927,2024-01-01
fusion_premium_2010_120m,bank_delayed,KZT,243,243,0.18924912894418122,47,1.4317512274959077,25.431631718707123,2024-01-01
fusion_premium_2010_120m,both_delayed,KZT,243,243,0.1918612802085213,49,1.0681318681318681,6.857244375018503,2024-01-01
fusion_premium_2010_120m,normal,KZT,243,243,0.19445647017591836,48,1.5576923076923077,39.577420227751155,2024-01-01
fusion_premium_2010_120m,oxr_delayed,KZT,243,243,0.19295026213554733,48,1.5576923076923077,34.940015385662164,2024-01-01
halyk_local_120m,bank_delayed,KZT,243,243,0.19526225707389,48,1.2461538461538462,8.125294564526527,2024-01-01
halyk_local_120m,normal,KZT,243,243,0.20021376427112034,50,1.3458461538461537,21.107193700986578,2024-01-01
halyk_shrink_120m,bank_delayed,KZT,243,243,0.18899041544379497,44,1.5293706293706288,29.886482371132352,2024-01-01
halyk_shrink_120m,normal,KZT,243,243,0.1937380523952357,44,1.5293706293706288,33.017897314090256,2024-01-01
kzt_local_120m,normal,KZT,243,243,0.1957165481243733,47,1.3522094926350239,20.72603674913774,2024-01-01
kzt_oxr_2010_120m,normal,KZT,243,243,0.19171561404635815,45,1.4953846153846149,36.25025658421206,2024-01-01
kzt_oxr_2010_120m,oxr_delayed,KZT,243,243,0.198522778065183,47,1.4317512274959077,34.82900700551719,2024-01-01
kzt_oxr_2018_120m,normal,KZT,243,243,0.187935652405745,45,1.3292307692307688,33.28989373366873,2024-01-01
kzt_oxr_2018_120m,oxr_delayed,KZT,243,243,0.1870418230192198,45,1.3292307692307688,33.28989373366873,2024-01-01
kzt_shrink_120m,normal,KZT,243,243,0.19134795106627636,44,1.2744755244755241,29.094638784996572,2024-01-01
oxr_basis_2010_120m,normal,all,1215,243,0.19196853825473958,241,1.3524125606331376,30.26433833860241,2024-01-01
oxr_basis_2010_120m,normal,KZT,243,243,0.18980858617330937,45,1.4953846153846149,36.25025658421206,2024-01-01
oxr_basis_2010_120m,oxr_delayed,all,1215,243,0.1905278685753674,254,1.2355932203389832,29.70342081860019,2024-01-01
oxr_basis_2010_120m,oxr_delayed,KZT,243,243,0.1958668037775534,47,1.4317512274959077,34.82900700551719,2024-01-01
oxr_basis_2010_180m,normal,all,1215,243,0.1920762612349763,250,1.2862231016571852,28.972988632810658,2024-01-01
oxr_basis_2010_180m,normal,KZT,243,243,0.18835618624853118,52,1.4378698224852067,13.679926220582262,2024-01-01
oxr_basis_2010_180m,oxr_delayed,all,1215,243,0.19242314256149176,252,1.3341176470588234,30.41214648675658,2024-01-01
oxr_basis_2010_180m,oxr_delayed,KZT,243,243,0.19101866173540538,51,1.5393665158371037,37.6175424649908,2024-01-01
oxr_basis_2018_120m,normal,all,1215,243,0.19122036316490604,243,1.2556231003039515,25.781255764263385,2024-01-01
oxr_basis_2018_120m,normal,KZT,243,243,0.18923932417743963,46,1.3003344481605346,17.07376732962642,2024-01-01
oxr_basis_2018_120m,oxr_delayed,all,1215,243,0.19083203450646807,241,1.2916943521594684,30.102088014260815,2024-01-01
oxr_basis_2018_120m,oxr_delayed,KZT,243,243,0.18901418002073397,46,1.3003344481605346,17.07376732962642,2024-01-01
oxr_basis_2018_180m,normal,all,1215,243,0.19288314960966496,233,1.2487947019867551,23.82902505769126,2024-01-01
oxr_basis_2018_180m,normal,KZT,243,243,0.1916853511039676,47,1.1931260229132563,8.884387870352171,2024-01-01
oxr_basis_2018_180m,oxr_delayed,all,1215,243,0.19209204327760523,230,1.3053988718775185,31.876996215993994,2024-01-01
oxr_basis_2018_180m,oxr_delayed,KZT,243,243,0.1905251500351486,47,1.27266775777414,11.938411007267009,2024-01-01
oxr_coverage_2010_120m,normal,all,1215,243,0.19326041527530494,244,1.2770085901970691,21.143549818411813,2024-01-01
oxr_coverage_2010_120m,normal,KZT,243,243,0.19238751225651196,47,1.27266775777414,14.794642858427329,2024-01-01
oxr_coverage_2010_120m,oxr_delayed,all,1215,243,0.19404412937129964,255,1.2223458282950423,21.816757204505134,2024-01-01
oxr_coverage_2010_120m,oxr_delayed,KZT,243,243,0.1965779561267589,49,1.1444270015698585,3.682068161832598,2024-01-01
oxr_full_2010_120m,normal,all,1215,243,0.19145557750373488,249,1.326880119136262,27.835388221060597,2024-01-01
oxr_full_2010_120m,normal,KZT,243,243,0.18908442616909452,51,1.5393665158371037,39.524815603653444,2024-01-01
oxr_full_2010_120m,oxr_delayed,all,1215,243,0.1899851864285742,254,1.4078383641674779,35.013825880915924,2024-01-01
oxr_full_2010_120m,oxr_delayed,KZT,243,243,0.19368621012172116,52,1.5816568047337274,38.45434454973381,2024-01-01
v3_120m,normal,all,1215,243,0.191653236953845,237,1.3295987493486192,24.49444811333371,2024-01-01
v3_120m,normal,KZT,243,243,0.1925626805159965,47,1.3522094926350239,20.72603674913774,2024-01-01
v3_180m,normal,all,1215,243,0.19293836444810097,225,1.257819383259912,26.94241773940013,2024-01-01
v3_180m,normal,KZT,243,243,0.1919202294303201,48,1.1682692307692308,7.770174705656285,2024-01-01
fusion_2010_120m,bank_delayed,KZT,242,242,0.15043964313252342,47,1.7163120567375894,52.939696039580596,2025-01-01
fusion_2010_120m,both_delayed,KZT,242,242,0.14973085745735287,48,1.4704861111111112,45.73745713599005,2025-01-01
fusion_2010_120m,normal,KZT,242,242,0.1455188551500332,48,1.4704861111111112,45.10894384575338,2025-01-01
fusion_2010_120m,oxr_delayed,KZT,242,242,0.14490329171481428,48,1.5755208333333333,47.13746431078732,2025-01-01
fusion_2010_180m,bank_delayed,KZT,242,242,0.1518436099294282,43,2.344961240310078,63.210979355914986,2025-01-01
fusion_2010_180m,both_delayed,KZT,242,242,0.1518528948664424,42,2.2807539682539684,61.13917285263957,2025-01-01
fusion_2010_180m,normal,KZT,242,242,0.14579686701290395,43,1.8759689922480625,49.959316841564934,2025-01-01
fusion_2010_180m,oxr_delayed,KZT,242,242,0.14581493988535374,43,1.9932170542635663,47.37053613710536,2025-01-01
fusion_2018_120m,bank_delayed,KZT,242,242,0.1506629839768628,46,1.86322463768116,53.494174813357816,2025-01-01
fusion_2018_120m,both_delayed,KZT,242,242,0.15035619294999436,47,1.823581560283689,48.294157160951514,2025-01-01
fusion_2018_120m,normal,KZT,242,242,0.14583763497715205,47,1.7163120567375894,48.23182922981595,2025-01-01
fusion_2018_120m,oxr_delayed,KZT,242,242,0.14561636876373138,47,1.823581560283689,49.36968644030655,2025-01-01
fusion_premium_2010_120m,bank_delayed,KZT,242,242,0.1498083189602565,44,2.177083333333334,56.940492881856535,2025-01-01
fusion_premium_2010_120m,both_delayed,KZT,242,242,0.14915129864603274,44,2.177083333333334,56.940492881856535,2025-01-01
fusion_premium_2010_120m,normal,KZT,242,242,0.14480981355708594,44,1.833333333333334,46.815543400181625,2025-01-01
fusion_premium_2010_120m,oxr_delayed,KZT,242,242,0.14497436322460605,45,1.7925925925925932,43.87810281905658,2025-01-01
halyk_local_120m,bank_delayed,KZT,242,242,0.15040359705020545,43,2.2277131782945743,57.600428862118086,2025-01-01
halyk_local_120m,normal,KZT,242,242,0.14746121788417615,40,2.142708333333333,60.66619510101289,2025-01-01
halyk_shrink_120m,bank_delayed,KZT,242,242,0.15035865454176947,46,1.86322463768116,53.494174813357816,2025-01-01
halyk_shrink_120m,normal,KZT,242,242,0.14539409450316326,47,1.823581560283689,49.36968644030655,2025-01-01
kzt_local_120m,normal,KZT,242,242,0.15083300134533928,44,2.177083333333334,56.462709323278204,2025-01-01
kzt_oxr_2010_120m,normal,KZT,242,242,0.15145480295853125,44,2.0625000000000004,58.53262594300748,2025-01-01
kzt_oxr_2010_120m,oxr_delayed,KZT,242,242,0.15013765973715365,43,1.9932170542635663,65.21258138273491,2025-01-01
kzt_oxr_2018_120m,normal,KZT,242,242,0.1525124115923508,52,1.5512820512820515,33.280181383729435,2025-01-01
kzt_oxr_2018_120m,oxr_delayed,KZT,242,242,0.15164144493026588,53,1.0463836477987425,31.138792590835774,2025-01-01
kzt_shrink_120m,normal,KZT,242,242,0.15124050764801658,44,2.0625000000000004,58.34480703497766,2025-01-01
oxr_basis_2010_120m,normal,all,1210,242,0.16286548573888898,233,1.661769402746726,51.65428735748846,2025-01-01
oxr_basis_2010_120m,normal,KZT,242,242,0.15800926039106125,43,1.9932170542635663,59.6523217004233,2025-01-01
oxr_basis_2010_120m,oxr_delayed,all,1210,242,0.16198914706482434,234,1.4983330687410696,51.69338716986434,2025-01-01
oxr_basis_2010_120m,oxr_delayed,KZT,242,242,0.15609919677433717,42,2.0406746031746033,66.48155752713664,2025-01-01
oxr_basis_2010_180m,normal,all,1210,242,0.16393030766444436,218,1.7560184394741334,63.97250569844289,2025-01-01
oxr_basis_2010_180m,normal,KZT,242,242,0.15752421046433457,44,1.833333333333334,57.821915307699335,2025-01-01
oxr_basis_2010_180m,oxr_delayed,all,1210,242,0.1641127843172488,218,1.7404109589041095,69.00960893160095,2025-01-01
oxr_basis_2010_180m,oxr_delayed,KZT,242,242,0.15874253601780958,44,1.9479166666666672,68.55679049404893,2025-01-01
oxr_basis_2018_120m,normal,all,1210,242,0.1625562317956484,230,1.7021346201030505,55.442807367400306,2025-01-01
oxr_basis_2018_120m,normal,KZT,242,242,0.1583560309772084,52,1.7451923076923082,37.182556169832615,2025-01-01
oxr_basis_2018_120m,oxr_delayed,all,1210,242,0.16306140844326952,234,1.60135571336346,59.00168919857209,2025-01-01
oxr_basis_2018_120m,oxr_delayed,KZT,242,242,0.15735496324152776,52,1.3573717948717952,36.66289379743511,2025-01-01
oxr_basis_2018_180m,normal,all,1210,242,0.1628893846303553,222,1.6289440471182157,60.124655462852,2025-01-01
oxr_basis_2018_180m,normal,KZT,242,242,0.1578829260663407,43,2.1104651162790704,61.383736932914466,2025-01-01
oxr_basis_2018_180m,oxr_delayed,all,1210,242,0.16348143974843848,220,1.6665533072606695,66.49599381741793,2025-01-01
oxr_basis_2018_180m,oxr_delayed,KZT,242,242,0.1579780775292578,42,2.0406746031746033,69.18291286409614,2025-01-01
oxr_coverage_2010_120m,normal,all,1210,242,0.16255366109854322,207,1.903444534852183,76.7691419150514,2025-01-01
oxr_coverage_2010_120m,normal,KZT,242,242,0.15633570063182356,44,2.177083333333334,59.52978200959164,2025-01-01
oxr_coverage_2010_120m,oxr_delayed,all,1210,242,0.1611601151368546,212,1.837055344690617,80.03418403128661,2025-01-01
oxr_coverage_2010_120m,oxr_delayed,KZT,242,242,0.15476819637003628,44,1.9479166666666672,62.911151349728705,2025-01-01
oxr_full_2010_120m,normal,all,1210,242,0.16286200116840904,216,1.8020607844835048,68.94983873385901,2025-01-01
oxr_full_2010_120m,normal,KZT,242,242,0.15829355074094997,41,1.967479674796748,62.593486731098004,2025-01-01
oxr_full_2010_120m,oxr_delayed,all,1210,242,0.16267957841320108,220,1.7537727001449397,72.04261278739216,2025-01-01
oxr_full_2010_120m,oxr_delayed,KZT,242,242,0.15721928098795357,42,2.0406746031746033,70.00817601548545,2025-01-01
v3_120m,normal,all,1210,242,0.16267335692220672,204,1.8036437246963561,72.22182708137318,2025-01-01
v3_120m,normal,KZT,242,242,0.15646926295095248,44,2.177083333333334,56.462709323278204,2025-01-01
v3_180m,normal,all,1210,242,0.16313681881267914,220,1.6900017032873442,63.153509917970986,2025-01-01
v3_180m,normal,KZT,242,242,0.15673007739736025,44,1.833333333333334,52.697895311829896,2025-01-01
fusion_2010_120m,bank_delayed,KZT,156,156,0.23721799469737617,36,1.1403508771929827,16.466614809738342,2026-01-01
fusion_2010_120m,both_delayed,KZT,156,156,0.23853272634055464,36,1.1403508771929827,13.079119415518399,2026-01-01
fusion_2010_120m,normal,KZT,156,156,0.22353014608575272,36,1.1403508771929827,27.325233041211458,2026-01-01
fusion_2010_120m,oxr_delayed,KZT,156,156,0.22342242580781665,36,1.1403508771929827,27.325233041211458,2026-01-01
fusion_2010_180m,bank_delayed,KZT,156,156,0.22881318234339076,36,1.216374269005848,22.07230806428742,2026-01-01
fusion_2010_180m,both_delayed,KZT,156,156,0.22660658225683541,36,1.216374269005848,22.07230806428742,2026-01-01
fusion_2010_180m,normal,KZT,156,156,0.21777107263305012,34,1.2074303405572757,48.67024917998282,2026-01-01
fusion_2010_180m,oxr_delayed,KZT,156,156,0.2161299599934595,34,1.2074303405572757,48.67024917998282,2026-01-01
fusion_2018_120m,bank_delayed,KZT,156,156,0.23688721425708892,35,1.0165413533834589,25.475241847228325,2026-01-01
fusion_2018_120m,both_delayed,KZT,156,156,0.2363699516744785,35,1.0165413533834589,27.10746514088768,2026-01-01
fusion_2018_120m,normal,KZT,156,156,0.22238287332094933,34,1.2074303405572757,46.9900193188629,2026-01-01
fusion_2018_120m,oxr_delayed,KZT,156,156,0.22218720054936597,34,1.2074303405572757,46.9900193188629,2026-01-01
fusion_premium_2010_120m,bank_delayed,KZT,156,156,0.2353511573428355,34,1.0464396284829722,37.61856930978756,2026-01-01
fusion_premium_2010_120m,both_delayed,KZT,156,156,0.23328697094045017,36,1.216374269005848,18.684812670067476,2026-01-01
fusion_premium_2010_120m,normal,KZT,156,156,0.22031511994666708,34,1.2074303405572757,49.71904837323142,2026-01-01
fusion_premium_2010_120m,oxr_delayed,KZT,156,156,0.21659499221197992,35,1.1729323308270678,44.189902945363,2026-01-01
halyk_local_120m,bank_delayed,KZT,156,156,0.23775828318406303,36,1.3684210526315792,36.34640260361142,2026-01-01
halyk_local_120m,normal,KZT,156,156,0.22820947592656432,36,1.3684210526315792,36.34640260361142,2026-01-01
halyk_shrink_120m,bank_delayed,KZT,156,156,0.23766603683397988,35,1.0165413533834589,25.475241847228325,2026-01-01
halyk_shrink_120m,normal,KZT,156,156,0.22333096397798377,34,1.2074303405572757,46.9900193188629,2026-01-01
kzt_local_120m,normal,KZT,156,156,0.24119193658648072,34,1.2074303405572757,31.604298956545374,2026-01-01
kzt_oxr_2010_120m,normal,KZT,156,156,0.24088944457866168,35,1.0947368421052632,16.57331720830146,2026-01-01
kzt_oxr_2010_120m,oxr_delayed,KZT,156,156,0.24331317741706096,34,1.2074303405572757,32.099923216846506,2026-01-01
kzt_oxr_2018_120m,normal,KZT,156,156,0.2433996346615452,34,1.126934984520124,29.33635081177408,2026-01-01
kzt_oxr_2018_120m,oxr_delayed,KZT,156,156,0.24060888395072397,34,1.126934984520124,29.33635081177408,2026-01-01
kzt_shrink_120m,normal,KZT,156,156,0.24119193658648072,34,1.2074303405572757,31.604298956545374,2026-01-01
oxr_basis_2010_120m,normal,all,780,156,0.20888089782055855,178,1.3147914032869785,23.567128608437017,2026-01-01
oxr_basis_2010_120m,normal,KZT,156,156,0.23393013985814895,36,1.216374269005848,16.969751072769384,2026-01-01
oxr_basis_2010_120m,oxr_delayed,all,780,156,0.21012346840387944,177,1.2708421498095641,22.375705421565023,2026-01-01
oxr_basis_2010_120m,oxr_delayed,KZT,156,156,0.23648183089225674,36,1.1403508771929827,16.352574520411732,2026-01-01
oxr_basis_2010_180m,normal,all,780,156,0.20850090895641132,174,1.411308562197092,31.3362612470077,2026-01-01
oxr_basis_2010_180m,normal,KZT,156,156,0.23635130197256243,35,1.0947368421052632,26.541493460639018,2026-01-01
oxr_basis_2010_180m,oxr_delayed,all,780,156,0.20764907612865338,173,1.3851651326475363,29.7607490788228,2026-01-01
oxr_basis_2010_180m,oxr_delayed,KZT,156,156,0.23603203457098076,35,1.0947368421052632,24.052929211837316,2026-01-01
oxr_basis_2018_120m,normal,all,780,156,0.20881648745804496,177,1.256198347107438,23.635025545137676,2026-01-01
oxr_basis_2018_120m,normal,KZT,156,156,0.2351189471107063,34,1.126934984520124,29.83197507207521,2026-01-01
oxr_basis_2018_120m,oxr_delayed,all,780,156,0.20695518174357388,175,1.3041800643086816,26.382203419493905,2026-01-01
oxr_basis_2018_120m,oxr_delayed,KZT,156,156,0.23247380360566394,34,1.2074303405572757,31.604298956545374,2026-01-01
oxr_basis_2018_180m,normal,all,780,156,0.20862833034332492,175,1.3541956917800877,28.883335896855815,2026-01-01
oxr_basis_2018_180m,normal,KZT,156,156,0.23677222437824497,35,1.0947368421052632,24.052929211837316,2026-01-01
oxr_basis_2018_180m,oxr_delayed,all,780,156,0.20782187125539014,175,1.3201928227102302,26.852038057383396,2026-01-01
oxr_basis_2018_180m,oxr_delayed,KZT,156,156,0.23550053366575469,35,1.0947368421052632,24.052929211837316,2026-01-01
oxr_coverage_2010_120m,normal,all,780,156,0.20952834551339153,175,1.3201928227102302,25.576147242350157,2026-01-01
oxr_coverage_2010_120m,normal,KZT,156,156,0.23627795536009727,35,1.1729323308270678,18.776466834650726,2026-01-01
oxr_coverage_2010_120m,oxr_delayed,all,780,156,0.2117312596442356,176,1.2469359479910476,20.729979441576464,2026-01-01
oxr_coverage_2010_120m,oxr_delayed,KZT,156,156,0.239730071987654,35,1.0165413533834589,10.211777832287837,2026-01-01
oxr_full_2010_120m,normal,all,780,156,0.20846991323748468,176,1.3792074989348104,27.413041700484158,2026-01-01
oxr_full_2010_120m,normal,KZT,156,156,0.2337738964711103,34,1.126934984520124,29.33635081177408,2026-01-01
oxr_full_2010_120m,oxr_delayed,all,780,156,0.20834831891996455,177,1.3044030482641829,23.406000679578554,2026-01-01
oxr_full_2010_120m,oxr_delayed,KZT,156,156,0.23344916968142237,34,1.2074303405572757,27.15765654203022,2026-01-01
v3_120m,normal,all,780,156,0.20840602466731797,173,1.3369494467346497,29.640444412858635,2026-01-01
v3_120m,normal,KZT,156,156,0.23498034791182826,34,1.2074303405572757,31.604298956545374,2026-01-01
v3_180m,normal,all,780,156,0.20834379836188915,172,1.4266739248775175,33.70333066113332,2026-01-01
v3_180m,normal,KZT,156,156,0.2369271971391627,35,1.0947368421052632,26.541493460639018,2026-01-01
fusion_2010_120m,bank_delayed,KZT,122,122,0.24191098343531284,28,1.2708333333333333,24.809495537168548,2026-03-01
fusion_2010_120m,both_delayed,KZT,122,122,0.240925731434576,28,1.2708333333333333,24.809495537168548,2026-03-01
fusion_2010_120m,normal,KZT,122,122,0.22993973133802176,27,1.1296296296296295,52.76705069281965,2026-03-01
fusion_2010_120m,oxr_delayed,KZT,122,122,0.22844496765369154,27,1.1296296296296295,53.80756104060509,2026-03-01
fusion_2010_180m,bank_delayed,KZT,122,122,0.23790509949988284,29,1.2270114942528734,18.720738787294348,2026-03-01
fusion_2010_180m,both_delayed,KZT,122,122,0.23439247113830855,29,1.2270114942528734,18.720738787294348,2026-03-01
fusion_2010_180m,normal,KZT,122,122,0.22682377403939727,29,1.314655172413793,13.176209808845607,2026-03-01
fusion_2010_180m,oxr_delayed,KZT,122,122,0.22382674308133574,29,1.2270114942528734,11.50585197533334,2026-03-01
fusion_2018_120m,bank_delayed,KZT,122,122,0.24372787312144614,29,1.2270114942528734,12.293952137837795,2026-03-01
fusion_2018_120m,both_delayed,KZT,122,122,0.24240037725101843,29,1.2270114942528734,12.293952137837795,2026-03-01
fusion_2018_120m,normal,KZT,122,122,0.23069027402742495,27,1.1296296296296295,52.76705069281965,2026-03-01
fusion_2018_120m,oxr_delayed,KZT,122,122,0.23035225434163878,28,1.0892857142857142,43.42536876372053,2026-03-01
fusion_premium_2010_120m,bank_delayed,KZT,122,122,0.23965102713155786,30,1.186111111111111,19.1178611607136,2026-03-01
fusion_premium_2010_120m,both_delayed,KZT,122,122,0.23522954905295226,29,1.2270114942528734,18.720738787294348,2026-03-01
fusion_premium_2010_120m,normal,KZT,122,122,0.2270795583976505,29,0.9640804597701148,10.373410667814372,2026-03-01
fusion_premium_2010_120m,oxr_delayed,KZT,122,122,0.2211398206405972,29,1.2270114942528734,21.5810854395949,2026-03-01
halyk_local_120m,bank_delayed,KZT,122,122,0.2427962867200577,29,1.0517241379310343,18.631505271644652,2026-03-01
halyk_local_120m,normal,KZT,122,122,0.23583725459205668,29,1.0517241379310343,18.631505271644652,2026-03-01
halyk_shrink_120m,bank_delayed,KZT,122,122,0.2419486767854843,29,1.2270114942528734,12.293952137837795,2026-03-01
halyk_shrink_120m,normal,KZT,122,122,0.22942512330263246,27,1.1296296296296295,52.76705069281965,2026-03-01
kzt_local_120m,normal,KZT,122,122,0.24688725504820716,27,1.1296296296296295,25.807007119384387,2026-03-01
kzt_oxr_2010_120m,normal,KZT,122,122,0.24676087488363824,27,1.1296296296296295,23.20520993946509,2026-03-01
kzt_oxr_2010_120m,oxr_delayed,KZT,122,122,0.24670510479247018,27,1.2237654320987652,23.063466187114358,2026-03-01
kzt_oxr_2018_120m,normal,KZT,122,122,0.24797189132523867,27,1.1296296296296295,22.58109050056737,2026-03-01
kzt_oxr_2018_120m,oxr_delayed,KZT,122,122,0.24562949057399347,27,1.1296296296296295,22.58109050056737,2026-03-01
kzt_shrink_120m,normal,KZT,122,122,0.24688725504820716,27,1.1296296296296295,25.807007119384387,2026-03-01
oxr_basis_2010_120m,normal,all,610,122,0.23239001550516125,142,1.0891208957482221,15.8711880364869,2026-03-01
oxr_basis_2010_120m,normal,KZT,122,122,0.24291713280440602,27,1.1296296296296295,23.20520993946509,2026-03-01
oxr_basis_2010_120m,oxr_delayed,all,610,122,0.23356548760204576,138,1.1394769613947697,21.79965258374248,2026-03-01
oxr_basis_2010_120m,oxr_delayed,KZT,122,122,0.24309438638775605,27,1.2237654320987652,23.063466187114358,2026-03-01
oxr_basis_2010_180m,normal,all,610,122,0.23365409711287458,138,1.25283958300918,28.083363610114635,2026-03-01
oxr_basis_2010_180m,normal,KZT,122,122,0.24580728511602026,28,1.0892857142857142,22.158369617989667,2026-03-01
oxr_basis_2010_180m,oxr_delayed,all,610,122,0.23203129192259778,138,1.2150638032990975,25.71049444818119,2026-03-01
oxr_basis_2010_180m,oxr_delayed,KZT,122,122,0.24427908012006913,28,1.0892857142857142,22.158369617989667,2026-03-01
oxr_basis_2018_120m,normal,all,610,122,0.23317870960471462,141,1.1163641909409792,16.48971505298991,2026-03-01
oxr_basis_2018_120m,normal,KZT,122,122,0.24400240713790317,27,1.1296296296296295,22.58109050056737,2026-03-01
oxr_basis_2018_120m,oxr_delayed,all,610,122,0.2312314749560095,140,1.123561013046815,17.506080593788948,2026-03-01
oxr_basis_2018_120m,oxr_delayed,KZT,122,122,0.24129933803251424,27,1.1296296296296295,22.58109050056737,2026-03-01
oxr_basis_2018_180m,normal,all,610,122,0.233806793005659,136,1.270632791541739,30.826590606325272,2026-03-01
oxr_basis_2018_180m,normal,KZT,122,122,0.2450774093392079,27,1.1296296296296295,22.413499718343022,2026-03-01
oxr_basis_2018_180m,oxr_delayed,all,610,122,0.23343444586661533,135,1.279923700524559,32.24853099144488,2026-03-01
oxr_basis_2018_180m,oxr_delayed,KZT,122,122,0.24451939681632034,27,1.1296296296296295,23.03761915724074,2026-03-01
oxr_coverage_2010_120m,normal,all,610,122,0.23276442630979371,143,1.0807807807807808,14.095574503499078,2026-03-01
oxr_coverage_2010_120m,normal,KZT,122,122,0.24276017144441864,29,1.1393678160919538,9.389778430153534,2026-03-01
oxr_coverage_2010_120m,oxr_delayed,all,610,122,0.23468317643159195,140,1.1230438784903347,22.127891320329198,2026-03-01
oxr_coverage_2010_120m,oxr_delayed,KZT,122,122,0.24411067347163218,28,1.0892857142857142,22.158369617989667,2026-03-01
oxr_full_2010_120m,normal,all,610,122,0.2328781395929913,143,1.0806185257468848,15.130116906690485,2026-03-01
oxr_full_2010_120m,normal,KZT,122,122,0.24279830467915114,27,1.1296296296296295,25.807007119384387,2026-03-01
oxr_full_2010_120m,oxr_delayed,all,610,122,0.23119309064807614,144,1.0547026382471307,14.38475074786302,2026-03-01
oxr_full_2010_120m,oxr_delayed,KZT,122,122,0.23883944969194748,28,1.0892857142857142,22.76019907692675,2026-03-01
v3_120m,normal,all,610,122,0.23235923898564068,141,1.1146642302421197,17.952508252989944,2026-03-01
v3_120m,normal,KZT,122,122,0.2422858871035243,27,1.1296296296296295,25.807007119384387,2026-03-01
v3_180m,normal,all,610,122,0.23284545749050753,136,1.2898848035347958,30.798450302549753,2026-03-01
v3_180m,normal,KZT,122,122,0.24436988197916165,27,1.2237654320987652,22.27175596599229,2026-03-01
