config_id,policy,evaluation_scope,year,rows,dates,brier,signals,lift,forward_delta_bps,hit_rate,hits,raw_brier,auc,log_loss,week_cells,weeks_with_1_2,week_coverage,min_year_corridor_coverage,signals_per_corridor_week,regret_bps
historical_baseline_reproduction,fixed_threshold_0.50,all5,2023,1210,242,0.21467285161412514,39,2.1903455842018644,159.9029491834276,0.8461538461538461,33,,0.7529936797692093,0.6149072381573274,250,37,0.148,0.14,0.156,8.066679587075297
historical_baseline_reproduction,fixed_threshold_0.50,all5,2024,1215,243,0.19607091554107628,184,1.66684599865501,62.066221789397815,0.5543478260869565,102,,0.7321048620637098,0.5737435093072529,255,178,0.6980392156862745,0.6470588235294118,0.7215686274509804,59.677129286839325
historical_baseline_reproduction,fixed_threshold_0.50,all5,2025,1210,242,0.16108344361679008,65,1.845241457215476,90.34016942369087,0.4153846153846154,27,,0.6955548689672657,0.49478175252620127,255,62,0.24313725490196078,0.17647058823529413,0.2549019607843137,49.45462959482905
historical_baseline_reproduction,fixed_threshold_0.50,KZT,2023,242,242,0.2110677978238446,7,1.942215088282504,96.23022896746959,0.7142857142857143,5,,0.7539472717926122,0.6078485442355643,50,7,0.14,0.14,0.14,36.265853656654976
historical_baseline_reproduction,fixed_threshold_0.50,KZT,2024,243,243,0.20091823161860897,38,1.4757085020242906,46.86501603298162,0.39473684210526316,15,,0.6942955920484011,0.5849427972291292,51,37,0.7254901960784313,0.7254901960784313,0.7450980392156863,88.74571424309573
historical_baseline_reproduction,fixed_threshold_0.50,KZT,2025,242,242,0.15581220930445144,13,1.551282051282051,45.37239904704253,0.3076923076923077,4,,0.6692439862542956,0.48528673252408205,51,12,0.23529411764705882,0.23529411764705882,0.2549019607843137,82.91610047639394
historical_baseline_reproduction,legacy,all5,2023,1210,242,0.21467285161412514,213,1.371620604905452,50.02936332210901,0.5305164319248826,113,,0.7529936797692093,0.6149072381573274,250,204,0.816,0.68,0.852,63.978372063355074
historical_baseline_reproduction,legacy,all5,2024,1215,243,0.19607091554107628,248,1.335164835164835,30.736378848236903,0.4435483870967742,110,,0.7321048620637098,0.5737435093072529,255,222,0.8705882352941177,0.803921568627451,0.9725490196078431,81.78946428976305
historical_baseline_reproduction,legacy,all5,2025,1210,242,0.16108344361679008,202,1.7397068434319858,66.02330181231912,0.3811881188118812,77,,0.6955548689672657,0.49478175252620127,255,194,0.7607843137254902,0.7058823529411765,0.792156862745098,95.77615817133827
historical_baseline_reproduction,legacy,KZT,2023,242,242,0.2110677978238446,35,1.7868378812199035,79.44698669953192,0.6571428571428571,23,,0.7539472717926122,0.6078485442355643,50,34,0.68,0.68,0.7,57.65634692310652
historical_baseline_reproduction,legacy,KZT,2024,243,243,0.20091823161860897,52,1.294082840236686,13.512383825601603,0.34615384615384615,18,,0.6942955920484011,0.5849427972291292,51,46,0.9019607843137255,0.9019607843137255,1.0196078431372548,108.24686950175041
historical_baseline_reproduction,legacy,KZT,2025,242,242,0.15581220930445144,46,1.7536231884057978,45.818758949890665,0.34782608695652173,16,,0.6692439862542956,0.48528673252408205,51,42,0.8235294117647058,0.8235294117647058,0.9019607843137255,114.40866804098587
historical_basis_train_120m,fixed_threshold_0.50,all5,2023,1210,242,0.2001964982274563,115,1.7492354740061167,109.92011909261643,0.6782608695652174,78,,0.7553425115496238,0.5829478812596172,250,111,0.444,0.28,0.46,29.829310246656267
historical_basis_train_120m,fixed_threshold_0.50,all5,2024,1215,243,0.191653236953845,174,1.6532955350815026,73.83156389787895,0.5517241379310345,96,,0.7389666209419296,0.566805236907313,255,174,0.6823529411764706,0.6666666666666666,0.6823529411764706,47.30730041494708
historical_basis_train_120m,fixed_threshold_0.50,all5,2025,1210,242,0.16267335692220672,62,2.46494907130018,128.6908728620756,0.5483870967741935,34,,0.689912301549577,0.495566765643095,255,56,0.2196078431372549,0.19607843137254902,0.24313725490196078,40.347131784310314
historical_basis_train_120m,fixed_threshold_0.50,KZT,2023,242,242,0.19904166666732276,14,2.3306581059390044,126.42621915492124,0.8571428571428571,12,,0.7455753837115371,0.5824965302086502,50,14,0.28,0.28,0.28,15.48294230351077
historical_basis_train_120m,fixed_threshold_0.50,KZT,2024,243,243,0.1925626805159965,34,1.8692307692307688,83.33196523186047,0.5,17,,0.6799481417458946,0.5712544196103473,51,34,0.6666666666666666,0.6666666666666666,0.6666666666666666,44.05675775124172
historical_basis_train_120m,fixed_threshold_0.50,KZT,2025,242,242,0.15646926295095248,12,2.100694444444444,86.95844129886531,0.4166666666666667,5,,0.6858354810996564,0.48143826396281686,51,11,0.21568627450980393,0.21568627450980393,0.23529411764705882,71.78213790505595
historical_basis_train_120m,legacy,all5,2023,1210,242,0.2001964982274563,282,1.2224078997341437,29.922888862399454,0.4716312056737589,133,,0.7553425115496238,0.5829478812596172,250,246,0.984,0.98,1.128,75.88985595270333
historical_basis_train_120m,legacy,all5,2024,1215,243,0.191653236953845,237,1.3295987493486192,24.49444811333371,0.4430379746835443,105,,0.7389666209419296,0.566805236907313,255,215,0.8431372549019608,0.8235294117647058,0.9294117647058824,82.47388660177646
historical_basis_train_120m,legacy,all5,2025,1210,242,0.16267335692220672,204,1.8036437246963561,72.22182708137318,0.39705882352941174,81,,0.689912301549577,0.495566765643095,255,193,0.7568627450980392,0.7058823529411765,0.8,86.2132368563174
historical_basis_train_120m,legacy,KZT,2023,242,242,0.19904166666732276,58,1.265788454087563,17.36652998462376,0.46551724137931033,27,,0.7455753837115371,0.5824965302086502,50,50,1.0,1.0,1.16,101.06711806347357
historical_basis_train_120m,legacy,KZT,2024,243,243,0.1925626805159965,47,1.3522094926350239,20.72603674913774,0.3617021276595745,17,,0.6799481417458946,0.5712544196103473,51,43,0.8431372549019608,0.8431372549019608,0.9215686274509803,102.91550967716942
historical_basis_train_120m,legacy,KZT,2025,242,242,0.15646926295095248,44,2.177083333333334,56.462709323278204,0.4318181818181818,19,,0.6858354810996564,0.48143826396281686,51,41,0.803921568627451,0.803921568627451,0.8627450980392157,106.80488656303332
kzt_hgb_base15,cadence85_cd2,KZT,2023,242,242,0.21709652161391302,77,0.9534510433386837,9.964731535271106,0.35064935064935066,27,0.21285053283126038,0.731622236909745,0.6207589986559073,50,50,1.0,1.0,1.54,109.64937753304449
kzt_hgb_base15,cadence85_cd2,KZT,2024,243,243,0.1822672726641737,54,1.3846153846153841,50.710917731361114,0.37037037037037035,20,0.18027269492006295,0.7066119273984444,0.543102029506999,51,42,0.8235294117647058,0.8235294117647058,1.0588235294117647,85.06851714981009
kzt_hgb_base15,cadence85_cd2,KZT,2025,242,242,0.1539826131663098,70,1.440476190476191,17.30114591399148,0.2857142857142857,20,0.15351463054310463,0.6845468213058419,0.4772156623207234,51,50,0.9803921568627451,0.9803921568627451,1.3725490196078431,140.21374716531906
kzt_hgb_base15,fixed_threshold_0.50,KZT,2023,242,242,0.21709652161391302,0,,,,0,0.21285053283126038,0.731622236909745,0.6207589986559073,50,0,0.0,0.0,0.0,
kzt_hgb_base15,fixed_threshold_0.50,KZT,2024,243,243,0.1822672726641737,24,1.7134615384615384,54.76017887064611,0.4583333333333333,11,0.18027269492006295,0.7066119273984444,0.543102029506999,51,24,0.47058823529411764,0.47058823529411764,0.47058823529411764,125.24397469543784
kzt_hgb_base15,fixed_threshold_0.50,KZT,2025,242,242,0.1539826131663098,7,1.4404761904761905,69.85991114963005,0.2857142857142857,2,0.15351463054310463,0.6845468213058419,0.4772156623207234,51,7,0.13725490196078433,0.13725490196078433,0.13725490196078433,75.44425793527259
kzt_hgb_base15,legacy,KZT,2023,242,242,0.21709652161391302,56,1.3595505617977528,32.883604928678835,0.5,28,0.21285053283126038,0.731622236909745,0.6207589986559073,50,49,0.98,0.98,1.12,92.41801357456856
kzt_hgb_base15,legacy,KZT,2024,243,243,0.1822672726641737,46,1.3003344481605346,24.581657695080395,0.34782608695652173,16,0.18027269492006295,0.7066119273984444,0.543102029506999,51,43,0.8431372549019608,0.8431372549019608,0.9019607843137255,106.55930537008601
kzt_hgb_base15,legacy,KZT,2025,242,242,0.1539826131663098,48,1.890625,46.46679943616812,0.375,18,0.15351463054310463,0.6845468213058419,0.4772156623207234,51,45,0.8823529411764706,0.8823529411764706,0.9411764705882353,115.47263774610387
kzt_hgb_full33,cadence85_cd2,KZT,2023,242,242,0.2190092054191532,60,1.2689138576779024,45.37824705816542,0.4666666666666667,28,0.2118309629264951,0.73261364470882,0.6242826783162185,50,47,0.94,0.94,1.2,90.06708770914118
kzt_hgb_full33,cadence85_cd2,KZT,2024,243,243,0.1755893683292377,34,2.199095022624434,99.79904840836132,0.5882352941176471,20,0.18952333412307332,0.7161624891961971,0.5317758543224681,51,30,0.5882352941176471,0.5882352941176471,0.6666666666666666,67.46786223456728
kzt_hgb_full33,cadence85_cd2,KZT,2025,242,242,0.1449527304168159,58,1.8254310344827587,56.240892542626796,0.3620689655172414,21,0.14358760925847813,0.7355562714776632,0.4518703520696903,51,44,0.8627450980392157,0.8627450980392157,1.1372549019607843,109.1144814274548
kzt_hgb_full33,fixed_threshold_0.50,KZT,2023,242,242,0.2190092054191532,0,,,,0,0.2118309629264951,0.73261364470882,0.6242826783162185,50,0,0.0,0.0,0.0,
kzt_hgb_full33,fixed_threshold_0.50,KZT,2024,243,243,0.1755893683292377,20,1.8692307692307693,57.35033412895943,0.5,10,0.18952333412307332,0.7161624891961971,0.5317758543224681,51,20,0.39215686274509803,0.39215686274509803,0.39215686274509803,126.43949413719102
kzt_hgb_full33,fixed_threshold_0.50,KZT,2025,242,242,0.1449527304168159,9,1.6805555555555556,78.85354585885295,0.3333333333333333,3,0.14358760925847813,0.7355562714776632,0.4518703520696903,51,9,0.17647058823529413,0.17647058823529413,0.17647058823529413,61.8497181713604
kzt_hgb_full33,legacy,KZT,2023,242,242,0.2190092054191532,53,1.1286834852660588,37.44829562974372,0.41509433962264153,22,0.2118309629264951,0.73261364470882,0.6242826783162185,50,48,0.96,0.96,1.06,82.73761655301115
kzt_hgb_full33,legacy,KZT,2024,243,243,0.1755893683292377,35,1.8158241758241753,56.87617517667354,0.4857142857142857,17,0.18952333412307332,0.7161624891961971,0.5317758543224681,51,34,0.6666666666666666,0.6666666666666666,0.6862745098039216,98.45871502688355
kzt_hgb_full33,legacy,KZT,2025,242,242,0.1449527304168159,47,2.252659574468086,64.21831027510014,0.44680851063829785,21,0.14358760925847813,0.7355562714776632,0.4518703520696903,51,41,0.803921568627451,0.803921568627451,0.9215686274509803,103.38237159117797
kzt_tabm_base15_s2,cadence85_cd2,KZT,2023,242,242,0.22767330183746604,72,0.9818976279650437,22.349810008546214,0.3611111111111111,26,0.22219714192996307,0.7151354923992069,0.6455880580906066,50,49,0.98,0.98,1.44,100.50825944971221
kzt_tabm_base15_s2,cadence85_cd2,KZT,2024,243,243,0.19120958607639932,47,1.6703764320785588,73.83450712389687,0.44680851063829785,21,0.17962868663405945,0.6960242005185826,0.5649655425225197,51,37,0.7254901960784313,0.7254901960784313,0.9215686274509803,75.9200038658552
kzt_tabm_base15_s2,cadence85_cd2,KZT,2025,242,242,0.1521864701692726,57,1.503654970760234,40.13201234078971,0.2982456140350877,17,0.16144141253037836,0.6783719931271478,0.47084442777129015,51,44,0.8627450980392157,0.8627450980392157,1.1176470588235294,113.25225514896543
kzt_tabm_base15_s2,fixed_threshold_0.50,KZT,2023,242,242,0.22767330183746604,0,,,,0,0.22219714192996307,0.7151354923992069,0.6455880580906066,50,0,0.0,0.0,0.0,
kzt_tabm_base15_s2,fixed_threshold_0.50,KZT,2024,243,243,0.19120958607639932,33,1.4727272727272727,35.175098041804986,0.3939393939393939,13,0.17962868663405945,0.6960242005185826,0.5649655425225197,51,32,0.6274509803921569,0.6274509803921569,0.6470588235294118,120.51129179511248
kzt_tabm_base15_s2,fixed_threshold_0.50,KZT,2025,242,242,0.1521864701692726,5,2.0166666666666666,79.19768801504378,0.4,2,0.16144141253037836,0.6783719931271478,0.47084442777129015,51,5,0.09803921568627451,0.09803921568627451,0.09803921568627451,66.55485941682215
kzt_tabm_base15_s2,legacy,KZT,2023,242,242,0.22767330183746604,52,1.3072601555747623,34.386763473205896,0.4807692307692308,25,0.22219714192996307,0.7151354923992069,0.6455880580906066,50,48,0.96,0.96,1.04,91.734933369344
kzt_tabm_base15_s2,legacy,KZT,2024,243,243,0.19120958607639932,48,1.2461538461538462,26.6320707206461,0.3333333333333333,16,0.17962868663405945,0.6960242005185826,0.5649655425225197,51,44,0.8627450980392157,0.8627450980392157,0.9411764705882353,102.19836826417277
kzt_tabm_base15_s2,legacy,KZT,2025,242,242,0.1521864701692726,47,1.7163120567375894,47.873768928427,0.3404255319148936,16,0.16144141253037836,0.6783719931271478,0.47084442777129015,51,42,0.8235294117647058,0.8235294117647058,0.9215686274509803,110.9442360493964
kzt_tabm_full33_ensemble3,cadence85_cd2,KZT,2023,242,242,0.2334614476601399,41,1.4590298711975884,55.86731521173115,0.5365853658536586,22,0.2554868508722433,0.7182198722185503,0.6596537781812978,50,34,0.68,0.68,0.82,72.46478625352916
kzt_tabm_full33_ensemble3,cadence85_cd2,KZT,2024,243,243,0.1795067749564341,42,1.8692307692307688,82.16990111064199,0.5,21,0.1938042657419874,0.7131374243733795,0.5309011574298946,51,35,0.6862745098039216,0.6862745098039216,0.8235294117647058,70.98909048063476
kzt_tabm_full33_ensemble3,cadence85_cd2,KZT,2025,242,242,0.14497379290057938,64,1.5755208333333333,33.57873101218451,0.3125,20,0.14704194633048623,0.7253006872852233,0.4549802831316659,51,45,0.8823529411764706,0.8823529411764706,1.2549019607843137,122.68491473442376
kzt_tabm_full33_ensemble3,fixed_threshold_0.50,KZT,2023,242,242,0.2334614476601399,0,,,,0,0.2554868508722433,0.7182198722185503,0.6596537781812978,50,0,0.0,0.0,0.0,
kzt_tabm_full33_ensemble3,fixed_threshold_0.50,KZT,2024,243,243,0.1795067749564341,24,1.7134615384615384,87.16063856139378,0.4583333333333333,11,0.1938042657419874,0.7131374243733795,0.5309011574298946,51,23,0.45098039215686275,0.45098039215686275,0.47058823529411764,59.48858169023805
kzt_tabm_full33_ensemble3,fixed_threshold_0.50,KZT,2025,242,242,0.14497379290057938,8,2.5208333333333335,113.63114167993254,0.5,4,0.14704194633048623,0.7253006872852233,0.4549802831316659,51,8,0.1568627450980392,0.1568627450980392,0.1568627450980392,63.63924750763833
kzt_tabm_full33_ensemble3,legacy,KZT,2023,242,242,0.2334614476601399,40,1.3595505617977528,52.58594130331805,0.5,20,0.2554868508722433,0.7182198722185503,0.6596537781812978,50,37,0.74,0.74,0.8,68.47020945550398
kzt_tabm_full33_ensemble3,legacy,KZT,2024,243,243,0.1795067749564341,45,1.4953846153846149,35.625064987736394,0.4,18,0.1938042657419874,0.7131374243733795,0.5309011574298946,51,42,0.8235294117647058,0.8235294117647058,0.8823529411764706,99.69973870556977
kzt_tabm_full33_ensemble3,legacy,KZT,2025,242,242,0.14497379290057938,48,1.6805555555555556,46.43168566614214,0.3333333333333333,16,0.14704194633048623,0.7253006872852233,0.4549802831316659,51,42,0.8235294117647058,0.8235294117647058,0.9411764705882353,119.51890454729427
kzt_tabm_full33_s0,cadence85_cd2,KZT,2023,242,242,0.23438355565400423,27,1.7120266333749479,54.29588993453883,0.6296296296296297,17,0.24071496215762367,0.7214511272673864,0.6613563874429906,50,24,0.48,0.48,0.54,68.62579000870538
kzt_tabm_full33_s0,cadence85_cd2,KZT,2024,243,243,0.17879302461971394,34,1.8692307692307688,77.42698928694942,0.5,17,0.1821917945861937,0.7180639585133968,0.5284935176795326,51,29,0.5686274509803921,0.5686274509803921,0.6666666666666666,73.84494492781263
kzt_tabm_full33_s0,cadence85_cd2,KZT,2025,242,242,0.14392059343384891,65,1.5512820512820513,26.0528055746051,0.3076923076923077,20,0.14500980821074194,0.7278780068728523,0.45291907692178096,51,46,0.9019607843137255,0.9019607843137255,1.2745098039215685,126.89262380843608
kzt_tabm_full33_s0,fixed_threshold_0.50,KZT,2023,242,242,0.23438355565400423,0,,,,0,0.24071496215762367,0.7214511272673864,0.6613563874429906,50,0,0.0,0.0,0.0,
kzt_tabm_full33_s0,fixed_threshold_0.50,KZT,2024,243,243,0.17879302461971394,23,1.7879598662207357,70.17095279601627,0.4782608695652174,11,0.1821917945861937,0.7180639585133968,0.5284935176795326,51,22,0.43137254901960786,0.43137254901960786,0.45098039215686275,100.24144310254214
kzt_tabm_full33_s0,fixed_threshold_0.50,KZT,2025,242,242,0.14392059343384891,8,2.5208333333333335,124.69229648723672,0.5,4,0.14500980821074194,0.7278780068728523,0.45291907692178096,51,8,0.1568627450980392,0.1568627450980392,0.1568627450980392,63.63924750763833
kzt_tabm_full33_s0,legacy,KZT,2023,242,242,0.23438355565400423,41,1.3263907919978075,56.66365608462086,0.4878048780487805,20,0.24071496215762367,0.7214511272673864,0.6613563874429906,50,38,0.76,0.76,0.82,61.07906629444877
kzt_tabm_full33_s0,legacy,KZT,2024,243,243,0.17879302461971394,44,1.5293706293706288,38.25606353241846,0.4090909090909091,18,0.1821917945861937,0.7180639585133968,0.5284935176795326,51,42,0.8235294117647058,0.8235294117647058,0.8627450980392157,99.41749270791571
kzt_tabm_full33_s0,legacy,KZT,2025,242,242,0.14392059343384891,50,1.5125000000000002,42.31990232061379,0.3,15,0.14500980821074194,0.7278780068728523,0.45291907692178096,51,44,0.8627450980392157,0.8627450980392157,0.9803921568627451,124.11712024835067
kzt_tabm_full33_s1,cadence85_cd2,KZT,2023,242,242,0.23678326270832778,48,1.1329588014981273,41.68442889710551,0.4166666666666667,20,0.2980393396289542,0.6832635675993244,0.667524399701157,50,40,0.8,0.8,0.96,72.57833301426375
kzt_tabm_full33_s1,cadence85_cd2,KZT,2024,243,243,0.17974678239368042,41,1.823639774859287,74.80344578871332,0.4878048780487805,20,0.1972952070940215,0.7073465859982714,0.5329600614004386,51,34,0.6666666666666666,0.6666666666666666,0.803921568627451,75.51754392422795
kzt_tabm_full33_s1,cadence85_cd2,KZT,2025,242,242,0.1492678379992933,67,1.5049751243781095,25.64426736237524,0.29850746268656714,20,0.15480121363525226,0.7032860824742269,0.46852106430869384,51,49,0.9607843137254902,0.9607843137254902,1.3137254901960784,128.41015531095698
kzt_tabm_full33_s1,fixed_threshold_0.50,KZT,2023,242,242,0.23678326270832778,0,,,,0,0.2980393396289542,0.6832635675993244,0.667524399701157,50,0,0.0,0.0,0.0,
kzt_tabm_full33_s1,fixed_threshold_0.50,KZT,2024,243,243,0.17974678239368042,25,1.644923076923077,85.13063167346466,0.44,11,0.1972952070940215,0.7073465859982714,0.5329600614004386,51,24,0.47058823529411764,0.47058823529411764,0.49019607843137253,58.77911258962634
kzt_tabm_full33_s1,fixed_threshold_0.50,KZT,2025,242,242,0.1492678379992933,3,1.6805555555555556,40.61889771796155,0.3333333333333333,1,0.15480121363525226,0.7032860824742269,0.46852106430869384,51,3,0.058823529411764705,0.058823529411764705,0.058823529411764705,78.01366219133706
kzt_tabm_full33_s1,legacy,KZT,2023,242,242,0.23678326270832778,46,1.3595505617977526,48.037813493041284,0.5,23,0.2980393396289542,0.6832635675993244,0.667524399701157,50,42,0.84,0.84,0.92,69.18795131157862
kzt_tabm_full33_s1,legacy,KZT,2024,243,243,0.17974678239368042,43,1.4779964221824684,42.75518276038941,0.3953488372093023,17,0.1972952070940215,0.7073465859982714,0.5329600614004386,51,41,0.803921568627451,0.803921568627451,0.8431372549019608,92.72756317453666
kzt_tabm_full33_s1,legacy,KZT,2025,242,242,0.1492678379992933,56,1.2604166666666667,25.416609322360078,0.25,14,0.15480121363525226,0.7032860824742269,0.46852106430869384,51,47,0.9215686274509803,0.9215686274509803,1.0980392156862746,131.45670763479052
kzt_tabm_full33_s2,cadence85_cd2,KZT,2023,242,242,0.22750767980114203,44,1.544943820224719,61.29094386787008,0.5681818181818182,25,0.2399719125866014,0.7271058236028494,0.6471283114955847,50,38,0.76,0.76,0.88,89.26110495057775
kzt_tabm_full33_s2,cadence85_cd2,KZT,2024,243,243,0.18126859834911419,39,1.7254437869822474,85.91274285856944,0.46153846153846156,18,0.20662331427535297,0.7094209161624891,0.5353783163902561,51,34,0.6666666666666666,0.6666666666666666,0.7647058823529411,70.44761422068147
kzt_tabm_full33_s2,cadence85_cd2,KZT,2025,242,242,0.1440268166623897,60,1.5125000000000004,44.95737221465642,0.3,18,0.1485838639355856,0.7226159793814433,0.4515849405870903,51,45,0.8823529411764706,0.8823529411764706,1.1764705882352942,117.59359631898461
kzt_tabm_full33_s2,fixed_threshold_0.50,KZT,2023,242,242,0.22750767980114203,1,2.7191011235955056,109.44566923305158,1.0,1,0.2399719125866014,0.7271058236028494,0.6471283114955847,50,1,0.02,0.02,0.02,0.0
kzt_tabm_full33_s2,fixed_threshold_0.50,KZT,2024,243,243,0.18126859834911419,25,1.644923076923077,74.29132526519085,0.44,11,0.20662331427535297,0.7094209161624891,0.5353783163902561,51,24,0.47058823529411764,0.47058823529411764,0.49019607843137253,89.99027598629982
kzt_tabm_full33_s2,fixed_threshold_0.50,KZT,2025,242,242,0.1440268166623897,9,2.800925925925926,107.8227229125911,0.5555555555555556,5,0.1485838639355856,0.7226159793814433,0.4515849405870903,51,8,0.1568627450980392,0.1568627450980392,0.17647058823529413,66.91909458672744
kzt_tabm_full33_s2,legacy,KZT,2023,242,242,0.22750767980114203,45,1.3897627965043693,46.66294390615375,0.5111111111111111,23,0.2399719125866014,0.7271058236028494,0.6471283114955847,50,43,0.86,0.86,0.9,81.42912610461887
kzt_tabm_full33_s2,legacy,KZT,2024,243,243,0.18126859834911419,47,1.4317512274959077,30.917111300506065,0.3829787234042553,18,0.20662331427535297,0.7094209161624891,0.5353783163902561,51,44,0.8627450980392157,0.8627450980392157,0.9215686274509803,100.1731405466324
kzt_tabm_full33_s2,legacy,KZT,2025,242,242,0.1440268166623897,41,1.967479674796748,70.40006299997518,0.3902439024390244,16,0.1485838639355856,0.7226159793814433,0.4515849405870903,51,39,0.7647058823529411,0.7647058823529411,0.803921568627451,100.10604381964035
pooled_hgb_base15,cadence85_cd2,all5,2023,1210,242,0.2009819129742227,363,1.0922768304914745,16.056838352015788,0.4214876033057851,153,0.2086953727020357,0.7534259800968929,0.5851627712423375,250,239,0.956,0.86,1.452,87.46939634736951
pooled_hgb_base15,cadence85_cd2,all5,2024,1215,243,0.1925737236107805,273,1.4717288135593218,53.898326872070754,0.4908424908424908,134,0.1966737723515478,0.7356195701874713,0.5696447139356187,255,205,0.803921568627451,0.7647058823529411,1.0705882352941176,59.96181955168533
pooled_hgb_base15,cadence85_cd2,all5,2025,1210,242,0.16252916217280172,274,1.6389382952524285,56.24376667811342,0.3613138686131387,99,0.16052661370010182,0.6942021579998099,0.4946821724870184,255,215,0.8431372549019608,0.7843137254901961,1.0745098039215686,96.13486016626878
pooled_hgb_base15,cadence85_cd2,KZT,2023,242,242,0.19469084306073467,73,1.1174388179159611,17.518183801963154,0.410958904109589,30,0.20880271305757112,0.7455753837115371,0.574245660399138,50,49,0.98,0.98,1.46,98.38702987035266
pooled_hgb_base15,cadence85_cd2,KZT,2024,243,243,0.1957165481243733,53,1.4812772133526846,57.75835435496431,0.39622641509433965,21,0.18199908182746652,0.6799481417458946,0.5798804208327081,51,41,0.803921568627451,0.803921568627451,1.0392156862745099,73.93285336897272
pooled_hgb_base15,cadence85_cd2,KZT,2025,242,242,0.15083300134533928,61,1.6530054644808747,43.48144127167366,0.32786885245901637,20,0.15267347802843348,0.6858354810996564,0.4692651684676393,51,47,0.9215686274509803,0.9215686274509803,1.196078431372549,117.03827056478914
pooled_hgb_base15,fixed_threshold_0.50,all5,2023,1210,242,0.2009819129742227,101,1.794491525423729,112.50468007118663,0.693069306930693,70,0.2086953727020357,0.7534259800968929,0.5851627712423375,250,98,0.392,0.22,0.404,30.640939877283657
pooled_hgb_base15,fixed_threshold_0.50,all5,2024,1215,243,0.1925737236107805,176,1.622847100175747,70.2558163319397,0.5397727272727273,95,0.1966737723515478,0.7356195701874713,0.5696447139356187,255,176,0.6901960784313725,0.6470588235294118,0.6901960784313725,54.129728874873855
pooled_hgb_base15,fixed_threshold_0.50,all5,2025,1210,242,0.16252916217280172,65,2.411731207289294,127.63422785810172,0.5384615384615384,35,0.16052661370010182,0.6942021579998099,0.4946821724870184,255,59,0.23137254901960785,0.1568627450980392,0.2549019607843137,39.07633488914119
pooled_hgb_base15,fixed_threshold_0.50,KZT,2023,242,242,0.19469084306073467,17,2.239259748843357,135.8165306029693,0.8235294117647058,14,0.20880271305757112,0.7455753837115371,0.574245660399138,50,17,0.34,0.34,0.34,17.985275960994414
pooled_hgb_base15,fixed_threshold_0.50,KZT,2024,243,243,0.1957165481243733,37,1.717671517671517,72.3363726987888,0.4594594594594595,17,0.18199908182746652,0.6799481417458946,0.5798804208327081,51,37,0.7254901960784313,0.7254901960784313,0.7254901960784313,58.605551219789554
pooled_hgb_base15,fixed_threshold_0.50,KZT,2025,242,242,0.15083300134533928,9,2.2407407407407405,83.70102376433523,0.4444444444444444,4,0.15267347802843348,0.6858354810996564,0.4692651684676393,51,8,0.1568627450980392,0.1568627450980392,0.17647058823529413,65.17170246560782
pooled_hgb_base15,legacy,all5,2023,1210,242,0.2009819129742227,282,1.2224078997341437,29.922888862399454,0.4716312056737589,133,0.2086953727020357,0.7534259800968929,0.5851627712423375,250,246,0.984,0.98,1.128,75.88985595270333
pooled_hgb_base15,legacy,all5,2024,1215,243,0.1925737236107805,237,1.3295987493486192,24.49444811333371,0.4430379746835443,105,0.1966737723515478,0.7356195701874713,0.5696447139356187,255,215,0.8431372549019608,0.8235294117647058,0.9294117647058824,82.47388660177646
pooled_hgb_base15,legacy,all5,2025,1210,242,0.16252916217280172,204,1.8036437246963561,72.22182708137318,0.39705882352941174,81,0.16052661370010182,0.6942021579998099,0.4946821724870184,255,193,0.7568627450980392,0.7058823529411765,0.8,86.2132368563174
pooled_hgb_base15,legacy,KZT,2023,242,242,0.19469084306073467,58,1.265788454087563,17.36652998462376,0.46551724137931033,27,0.20880271305757112,0.7455753837115371,0.574245660399138,50,50,1.0,1.0,1.16,101.06711806347357
pooled_hgb_base15,legacy,KZT,2024,243,243,0.1957165481243733,47,1.3522094926350239,20.72603674913774,0.3617021276595745,17,0.18199908182746652,0.6799481417458946,0.5798804208327081,51,43,0.8431372549019608,0.8431372549019608,0.9215686274509803,102.91550967716942
pooled_hgb_base15,legacy,KZT,2025,242,242,0.15083300134533928,44,2.177083333333334,56.462709323278204,0.4318181818181818,19,0.15267347802843348,0.6858354810996564,0.4692651684676393,51,41,0.803921568627451,0.803921568627451,0.8627450980392157,106.80488656303332
pooled_hgb_full33,cadence85_cd2,all5,2023,1210,242,0.21205441029253905,315,1.290162654079935,37.36313051586855,0.4984126984126984,157,0.2065645145131933,0.7471850043662334,0.6081949275096481,250,224,0.896,0.88,1.26,70.52486626781614
pooled_hgb_full33,cadence85_cd2,all5,2024,1215,243,0.19680331036620874,202,1.6571605703657781,77.46333658195307,0.5445544554455446,110,0.22607571713443583,0.7123639689071788,0.5818634324468612,255,169,0.6627450980392157,0.5686274509803921,0.792156862745098,52.52764896699865
pooled_hgb_full33,cadence85_cd2,all5,2025,1210,242,0.16128044972286176,296,1.6168925307280178,52.712878709335556,0.3581081081081081,106,0.15856559773473197,0.7043365972684348,0.49225176906760415,255,232,0.9098039215686274,0.8627450980392157,1.1607843137254903,102.4729626674811
pooled_hgb_full33,cadence85_cd2,KZT,2023,242,242,0.2001747452111206,57,1.4311058545239503,61.90467258307134,0.5263157894736842,30,0.19397516521672442,0.7755012117206432,0.5833782484113818,50,44,0.88,0.88,1.14,70.39308059141648
pooled_hgb_full33,cadence85_cd2,KZT,2024,243,243,0.1928685522328587,48,1.4798076923076924,67.15714922694474,0.3958333333333333,19,0.19360320506540274,0.6721261884183232,0.571506216906881,51,38,0.7450980392156863,0.7450980392156863,0.9411764705882353,79.81485438322231
pooled_hgb_full33,cadence85_cd2,KZT,2025,242,242,0.1465912281363054,58,2.086206896551724,50.303909762004366,0.41379310344827586,24,0.1472025544136892,0.7178908934707904,0.45776805261021436,51,44,0.8627450980392157,0.8627450980392157,1.1372549019607843,108.42294953969693
pooled_hgb_full33,fixed_threshold_0.50,all5,2023,1210,242,0.21205441029253905,34,1.987993680884676,127.81985187827893,0.7647058823529411,26,0.2065645145131933,0.7471850043662334,0.6081949275096481,250,34,0.136,0.0,0.136,21.005802104094144
pooled_hgb_full33,fixed_threshold_0.50,all5,2024,1215,243,0.19680331036620874,141,1.820383275261324,73.51594550164401,0.6099290780141844,86,0.22607571713443583,0.7123639689071788,0.5818634324468612,255,135,0.5294117647058824,0.45098039215686275,0.5529411764705883,69.7702451439518
pooled_hgb_full33,fixed_threshold_0.50,all5,2025,1210,242,0.16128044972286176,87,2.1052408232548268,111.4133073201114,0.47126436781609193,41,0.15856559773473197,0.7043365972684348,0.49225176906760415,255,79,0.30980392156862746,0.13725490196078433,0.3411764705882353,42.67349693848011
pooled_hgb_full33,fixed_threshold_0.50,KZT,2023,242,242,0.2001747452111206,7,2.330658105939005,168.9195666723082,0.8571428571428571,6,0.19397516521672442,0.7755012117206432,0.5833782484113818,50,7,0.14,0.14,0.14,5.1497341989966845
pooled_hgb_full33,fixed_threshold_0.50,KZT,2024,243,243,0.1928685522328587,24,2.025,95.36080444192434,0.5416666666666666,13,0.19360320506540274,0.6721261884183232,0.571506216906881,51,23,0.45098039215686275,0.45098039215686275,0.47058823529411764,72.72526694641141
pooled_hgb_full33,fixed_threshold_0.50,KZT,2025,242,242,0.1465912281363054,7,2.880952380952381,162.3820648428772,0.5714285714285714,4,0.1472025544136892,0.7178908934707904,0.45776805261021436,51,7,0.13725490196078433,0.13725490196078433,0.13725490196078433,13.664405380489073
pooled_hgb_full33,legacy,all5,2023,1210,242,0.21205441029253905,257,1.329614984391259,37.48450642201915,0.5136186770428015,132,0.2065645145131933,0.7471850043662334,0.6081949275096481,250,224,0.896,0.84,1.028,70.15664985217533
pooled_hgb_full33,legacy,all5,2024,1215,243,0.19680331036620874,223,1.6038269550748756,47.60770086854279,0.5336322869955157,119,0.22607571713443583,0.7123639689071788,0.5818634324468612,255,207,0.8117647058823529,0.7843137254901961,0.8745098039215686,65.47918134409298
pooled_hgb_full33,legacy,all5,2025,1210,242,0.16128044972286176,232,1.6237671786580434,60.17758327169574,0.3577586206896552,83,0.15856559773473197,0.7043365972684348,0.49225176906760415,255,211,0.8274509803921568,0.7843137254901961,0.9098039215686274,96.50789304368654
pooled_hgb_full33,legacy,KZT,2023,242,242,0.2001747452111206,48,1.4728464419475655,61.49855455891073,0.5416666666666666,26,0.19397516521672442,0.7755012117206432,0.5833782484113818,50,43,0.86,0.86,0.96,62.96690086188023
pooled_hgb_full33,legacy,KZT,2024,243,243,0.1928685522328587,46,1.7066889632107016,51.05662718441575,0.45652173913043476,21,0.19360320506540274,0.6721261884183232,0.571506216906881,51,43,0.8431372549019608,0.8431372549019608,0.9019607843137255,75.96266084558911
pooled_hgb_full33,legacy,KZT,2025,242,242,0.1465912281363054,45,1.6805555555555562,54.72964544425059,0.3333333333333333,15,0.1472025544136892,0.7178908934707904,0.45776805261021436,51,40,0.7843137254901961,0.7843137254901961,0.8823529411764706,105.7499423678739
pooled_tabm_base15_s2,cadence85_cd2,all5,2023,1210,242,0.20737873985808483,327,1.2462361006330567,36.578587945608376,0.4801223241590214,157,0.20905845577405285,0.75561197875388,0.6006339749803924,250,239,0.956,0.9,1.308,75.86878239971729
pooled_tabm_base15_s2,cadence85_cd2,all5,2024,1215,243,0.19556970478751484,236,1.475039246467818,61.30517798113605,0.4915254237288136,116,0.2011853930179491,0.7424020728547478,0.5742762494042601,255,191,0.7490196078431373,0.7254901960784313,0.9254901960784314,57.96808877066952
pooled_tabm_base15_s2,cadence85_cd2,all5,2025,1210,242,0.16410765897312093,255,1.6244006786162128,54.03653946867206,0.3568627450980392,91,0.16623340122901106,0.6740184428177585,0.5000089819036772,255,207,0.8117647058823529,0.7647058823529411,1.0,94.79584887920794
pooled_tabm_base15_s2,cadence85_cd2,KZT,2023,242,242,0.20675370478870708,75,1.0876404494382022,13.83762962341757,0.4,30,0.21152420264182628,0.746640229125358,0.6024172267458549,50,50,1.0,1.0,1.5,102.63335911785272
pooled_tabm_base15_s2,cadence85_cd2,KZT,2024,243,243,0.19655441128232817,47,1.5112929623567914,65.74869637137944,0.40425531914893614,19,0.18085676780711932,0.7096802074330164,0.5768341266775433,51,37,0.7254901960784313,0.7254901960784313,0.9215686274509803,74.56821282169521
pooled_tabm_base15_s2,cadence85_cd2,KZT,2025,242,242,0.15392824275715225,51,1.8782679738562094,56.46848930948573,0.37254901960784315,19,0.1613362425634097,0.6727878006872853,0.47584958337275657,51,42,0.8235294117647058,0.8235294117647058,1.0,92.29390280534071
pooled_tabm_base15_s2,fixed_threshold_0.50,all5,2023,1210,242,0.20737873985808483,62,2.174904942965779,154.45040091603005,0.8387096774193549,52,0.20905845577405285,0.75561197875388,0.6006339749803924,250,62,0.248,0.06,0.248,20.43855677920687
pooled_tabm_base15_s2,fixed_threshold_0.50,all5,2024,1215,243,0.19556970478751484,187,1.4887351778656128,45.09896932951212,0.49732620320855614,93,0.2011853930179491,0.7424020728547478,0.5742762494042601,255,182,0.7137254901960784,0.6862745098039216,0.7333333333333333,75.09563721844971
pooled_tabm_base15_s2,fixed_threshold_0.50,all5,2025,1210,242,0.16410765897312093,73,2.2668354430379742,119.66069303901992,0.5068493150684932,37,0.16623340122901106,0.6740184428177585,0.5000089819036772,255,70,0.27450980392156865,0.1568627450980392,0.28627450980392155,45.49648064971014
pooled_tabm_base15_s2,fixed_threshold_0.50,KZT,2023,242,242,0.20675370478870708,11,2.471910112359551,150.94086408876154,0.9090909090909091,10,0.21152420264182628,0.746640229125358,0.6024172267458549,50,11,0.22,0.22,0.22,14.988406955348228
pooled_tabm_base15_s2,fixed_threshold_0.50,KZT,2024,243,243,0.19655441128232817,36,1.4538461538461533,37.77701787325998,0.3888888888888889,14,0.18085676780711932,0.7096802074330164,0.5768341266775433,51,35,0.6862745098039216,0.6862745098039216,0.7058823529411765,100.56536664162994
pooled_tabm_base15_s2,fixed_threshold_0.50,KZT,2025,242,242,0.15392824275715225,8,1.890625,39.16909177439143,0.375,3,0.1613362425634097,0.6727878006872853,0.47584958337275657,51,8,0.1568627450980392,0.1568627450980392,0.1568627450980392,127.74617427846664
pooled_tabm_base15_s2,legacy,all5,2023,1210,242,0.20737873985808483,274,1.1243948149305014,19.374804065382822,0.4343065693430657,119,0.20905845577405285,0.75561197875388,0.6006339749803924,250,243,0.972,0.96,1.096,89.2903721990276
pooled_tabm_base15_s2,legacy,all5,2024,1215,243,0.19556970478751484,234,1.2871589085072233,23.83686460742865,0.4230769230769231,99,0.2011853930179491,0.7424020728547478,0.5742762494042601,255,215,0.8431372549019608,0.803921568627451,0.9176470588235294,93.49622567202631
pooled_tabm_base15_s2,legacy,all5,2025,1210,242,0.16410765897312093,192,1.7690058479532162,76.64615689018181,0.390625,75,0.16623340122901106,0.6740184428177585,0.5000089819036772,255,177,0.6941176470588235,0.6274509803921569,0.7529411764705882,76.21455463685828
pooled_tabm_base15_s2,legacy,KZT,2023,242,242,0.20675370478870708,52,1.0458081244598099,19.556669936956407,0.38461538461538464,20,0.21152420264182628,0.746640229125358,0.6024172267458549,50,49,0.98,0.98,1.04,105.92403900212813
pooled_tabm_base15_s2,legacy,KZT,2024,243,243,0.19655441128232817,60,1.1215384615384614,1.3297431807749482,0.3,18,0.18085676780711932,0.7096802074330164,0.5768341266775433,51,49,0.9607843137254902,0.9607843137254902,1.1764705882352942,118.58948126765975
pooled_tabm_base15_s2,legacy,KZT,2025,242,242,0.15392824275715225,39,2.197649572649572,80.81768235559751,0.4358974358974359,17,0.1613362425634097,0.6727878006872853,0.47584958337275657,51,37,0.7254901960784313,0.7254901960784313,0.7647058823529411,80.60786660718074
pooled_tabm_full33_s2,cadence85_cd2,all5,2023,1210,242,0.24205738545170644,297,1.175814288285046,30.85719708544983,0.45454545454545453,135,0.26429196043141956,0.6683824186338733,0.679763754682626,250,211,0.844,0.74,1.188,73.39287497336385
pooled_tabm_full33_s2,cadence85_cd2,all5,2024,1215,243,0.1997474366404745,216,1.5879621668099742,69.96343422956517,0.5277777777777778,114,0.21612010209861948,0.7079682975156226,0.5857259234219224,255,176,0.6901960784313725,0.6470588235294118,0.8470588235294118,49.23585358603497
pooled_tabm_full33_s2,cadence85_cd2,all5,2025,1210,242,0.16323520095684824,315,1.4665795258748735,41.52427379682153,0.3238095238095238,102,0.16202595042788023,0.6725488798047977,0.5035379409700858,255,239,0.9372549019607843,0.8823529411764706,1.2352941176470589,109.88969435252028
pooled_tabm_full33_s2,cadence85_cd2,KZT,2023,242,242,0.24274431074576283,47,1.4463303848912261,51.501771939330375,0.5319148936170213,25,0.26156483055566043,0.6808401263126974,0.690793949022565,50,37,0.74,0.74,0.94,91.68404198607575
pooled_tabm_full33_s2,cadence85_cd2,KZT,2024,243,243,0.2009356540725241,46,1.5441471571906347,70.03291201757042,0.41304347826086957,19,0.18620033636455408,0.6808124459809852,0.5908382343373882,51,37,0.7254901960784313,0.7254901960784313,0.9019607843137255,69.72020635930873
pooled_tabm_full33_s2,cadence85_cd2,KZT,2025,242,242,0.1518251926718201,69,1.2421497584541066,33.4293510742652,0.2463768115942029,17,0.15528951348957368,0.6619415807560137,0.4760393203573532,51,51,1.0,1.0,1.3529411764705883,122.76920507111205
pooled_tabm_full33_s2,fixed_threshold_0.50,all5,2023,1210,242,0.24205738545170644,0,,,,0,0.26429196043141956,0.6683824186338733,0.679763754682626,250,0,0.0,0.0,0.0,
pooled_tabm_full33_s2,fixed_threshold_0.50,all5,2024,1215,243,0.1997474366404745,157,1.4635119280406723,43.85239985491836,0.49044585987261147,77,0.21612010209861948,0.7079682975156226,0.5857259234219224,255,152,0.596078431372549,0.5490196078431373,0.615686274509804,80.91716761191765
pooled_tabm_full33_s2,fixed_threshold_0.50,all5,2025,1210,242,0.16323520095684824,59,2.650187734668336,145.11221214396872,0.5932203389830508,35,0.16202595042788023,0.6725488798047977,0.5035379409700858,255,59,0.23137254901960785,0.058823529411764705,0.23137254901960785,27.939973162843366
pooled_tabm_full33_s2,fixed_threshold_0.50,KZT,2023,242,242,0.24274431074576283,0,,,,0,0.26156483055566043,0.6808401263126974,0.690793949022565,50,0,0.0,0.0,0.0,
pooled_tabm_full33_s2,fixed_threshold_0.50,KZT,2024,243,243,0.2009356540725241,29,1.2891246684350133,34.507372655419466,0.3448275862068966,10,0.18620033636455408,0.6808124459809852,0.5908382343373882,51,28,0.5490196078431373,0.5490196078431373,0.5686274509803921,121.94989894329485
pooled_tabm_full33_s2,fixed_threshold_0.50,KZT,2025,242,242,0.1518251926718201,3,1.6805555555555556,40.61889771796155,0.3333333333333333,1,0.15528951348957368,0.6619415807560137,0.4760393203573532,51,3,0.058823529411764705,0.058823529411764705,0.058823529411764705,78.01366219133706
pooled_tabm_full33_s2,legacy,all5,2023,1210,242,0.24205738545170644,194,1.3215290418666228,39.965977302875544,0.5103092783505154,99,0.26429196043141956,0.6683824186338733,0.679763754682626,250,182,0.728,0.7,0.776,73.60493257855906
pooled_tabm_full33_s2,legacy,all5,2024,1215,243,0.1997474366404745,216,1.4710451170759566,41.980601820543626,0.49074074074074076,106,0.21612010209861948,0.7079682975156226,0.5857259234219224,255,208,0.8156862745098039,0.7843137254901961,0.8470588235294118,69.9487915417318
pooled_tabm_full33_s2,legacy,all5,2025,1210,242,0.16323520095684824,225,1.3975560763307664,45.84748628543412,0.30666666666666664,69,0.16202595042788023,0.6725488798047977,0.5035379409700858,255,199,0.7803921568627451,0.6470588235294118,0.8823529411764706,111.19414020541338
pooled_tabm_full33_s2,legacy,KZT,2023,242,242,0.24274431074576283,37,1.5432736106893408,52.483936266777526,0.5675675675675675,21,0.26156483055566043,0.6808401263126974,0.690793949022565,50,35,0.7,0.7,0.74,95.84984045755152
pooled_tabm_full33_s2,legacy,KZT,2024,243,243,0.2009356540725241,42,1.78021978021978,57.87011999356213,0.47619047619047616,20,0.18620033636455408,0.6808124459809852,0.5908382343373882,51,41,0.803921568627451,0.803921568627451,0.8235294117647058,67.15297099388037
pooled_tabm_full33_s2,legacy,KZT,2025,242,242,0.1518251926718201,46,1.5344202898550732,44.37220184476296,0.30434782608695654,14,0.15528951348957368,0.6619415807560137,0.4760393203573532,51,40,0.7843137254901961,0.7843137254901961,0.9019607843137255,111.74725327276302
