config_id,train_horizon,evaluation_horizon,policy,evaluation_scope,cohort,period,rows,dates,signals,hits,base_hit,hit_rate,lift,forward_delta_bps,forward_signal_bps,regret_bps,brier,raw_brier,auc,log_loss,week_cells,weeks_with_1_2,week_coverage,mean_cell_week_coverage,signals_per_corridor_week,silent_weeks,max_week_signals,max_silent_week_run,min_year_corridor_coverage
tabm_kzt,3,3,cadence80,KZT,native_matured,2024-2026,647,647,124,70,0.32921174652241114,0.5645161290322581,1.6768087070366442,70.52830348936438,71.52118155622918,46.12981576310252,0.17842597897169818,0.18773549068192313,0.7706670128296662,0.5321612811872031,135,100,0.7407407407407407,0.7605466428995841,0.9185185185185185,35,2,8,0.6274509803921569
tabm_kzt,3,3,cadence85,KZT,native_matured,2024-2026,647,647,136,68,0.32921174652241114,0.5,1.483191424652922,53.46849781876237,54.600921492062476,57.499858712703464,0.17842597897169818,0.18773549068192313,0.7706670128296662,0.5321612811872031,135,108,0.8,0.823529411764706,1.0074074074074073,27,2,4,0.6666666666666666
tabm_kzt,3,3,cadence90,KZT,native_matured,2024-2026,647,647,152,74,0.32921174652241114,0.4868421052631579,1.4596987078650077,51.921595442846204,52.04326026194743,54.45965079347216,0.17842597897169818,0.18773549068192313,0.7706670128296662,0.5321612811872031,135,118,0.8740740740740741,0.8888888888888888,1.125925925925926,17,2,4,0.7843137254901961
tabm_kzt,3,3,rank80,KZT,native_matured,2024-2026,647,647,158,76,0.32921174652241114,0.4810126582278481,1.4534136377247564,48.10921427202935,47.49012713249657,56.724191534212245,0.17842597897169818,0.18773549068192313,0.7706670128296662,0.5321612811872031,135,123,0.9111111111111111,0.9180035650623886,1.1703703703703703,12,2,3,0.8627450980392157
tabm_kzt,3,3,rank90,KZT,native_matured,2024-2026,647,647,175,75,0.32921174652241114,0.42857142857142855,1.316553966005988,33.862280244778,31.801780091006087,66.52441717360023,0.17842597897169818,0.18773549068192313,0.7706670128296662,0.5321612811872031,135,126,0.9333333333333333,0.9376114081996435,1.2962962962962963,9,2,3,0.8627450980392157
tabm_kzt,3,3,rank90_shared,KZT,native_matured,2024-2026,647,647,175,75,0.32921174652241114,0.42857142857142855,1.316553966005988,33.862280244778,31.801780091006087,66.52441717360023,0.17842597897169818,0.18773549068192313,0.7706670128296662,0.5321612811872031,135,126,0.9333333333333333,0.9376114081996435,1.2962962962962963,9,2,3,0.8627450980392157
tabm_kzt,3,3,strict05,KZT,native_matured,2024-2026,647,647,83,52,0.32921174652241114,0.6265060240963856,1.8484852102434597,86.18089572901225,87.67120441530464,41.63327545910606,0.17842597897169818,0.18773549068192313,0.7706670128296662,0.5321612811872031,135,79,0.5851851851851851,0.5983363042186572,0.6148148148148148,56,2,8,0.47058823529411764
tabm_kzt,5,5,cadence80,KZT,native_matured,2024-2026,641,641,134,53,0.26521060842433697,0.39552238805970147,1.4883099738022574,60.934496017523756,59.0847992338347,93.3997862839706,0.17136951642488152,0.1832913591778014,0.7321968277756962,0.5147258062047264,135,104,0.7703703703703704,0.7831253713606655,0.9925925925925926,31,2,5,0.5882352941176471
tabm_kzt,5,5,cadence85,KZT,native_matured,2024-2026,641,641,139,58,0.26521060842433697,0.4172661870503597,1.5697605728493453,62.565783839340256,60.74065878991434,91.77698330901744,0.17136951642488152,0.1832913591778014,0.7321968277756962,0.5147258062047264,135,108,0.8,0.8092691622103386,1.0296296296296297,27,2,5,0.6666666666666666
tabm_kzt,5,5,cadence90,KZT,native_matured,2024-2026,641,641,153,62,0.26521060842433697,0.40522875816993464,1.5370955157606683,43.70170160448977,41.02196284191973,106.58087047057285,0.17136951642488152,0.1832913591778014,0.7321968277756962,0.5147258062047264,135,115,0.8518518518518519,0.8621509209744503,1.1333333333333333,20,2,4,0.7058823529411765
tabm_kzt,5,5,rank80,KZT,native_matured,2024-2026,641,641,138,59,0.26521060842433697,0.427536231884058,1.6147988433603981,61.98762421920427,59.75006485666258,90.72559427179355,0.17136951642488152,0.1832913591778014,0.7321968277756962,0.5147258062047264,135,108,0.8,0.8057040998217468,1.0222222222222221,27,2,3,0.7450980392156863
tabm_kzt,5,5,rank90,KZT,native_matured,2024-2026,641,641,173,65,0.26521060842433697,0.37572254335260113,1.4274518737308257,33.67842891123581,30.83410402133043,105.80937944810411,0.17136951642488152,0.1832913591778014,0.7321968277756962,0.5147258062047264,135,122,0.9037037037037037,0.9079025549613785,1.2814814814814814,13,2,3,0.8235294117647058
tabm_kzt,5,5,rank90_shared,KZT,native_matured,2024-2026,641,641,173,65,0.26521060842433697,0.37572254335260113,1.4274518737308257,33.67842891123581,30.83410402133043,105.80937944810411,0.17136951642488152,0.1832913591778014,0.7321968277756962,0.5147258062047264,135,122,0.9037037037037037,0.9079025549613785,1.2814814814814814,13,2,3,0.8235294117647058
tabm_kzt,5,5,strict05,KZT,native_matured,2024-2026,641,641,49,27,0.26521060842433697,0.5510204081632653,1.9350488669797137,93.01756377596772,98.61117377815087,75.50857895011293,0.17136951642488152,0.1832913591778014,0.7321968277756962,0.5147258062047264,135,46,0.34074074074074073,0.35056446821152704,0.362962962962963,89,2,13,0.1568627450980392
tabm_pooled,3,3,cadence80,all5,native_matured,2024-2026,3235,647,689,375,0.3517774343122102,0.5442670537010159,1.546825036609981,53.96396218260733,55.10705922424525,46.37314603412198,0.187255265238081,0.19355123171274372,0.7521951603805922,0.5560088459958911,675,552,0.8177777777777778,0.8356506238859178,1.0207407407407407,123,2,4,0.6274509803921569
tabm_pooled,3,3,cadence80,KZT,native_matured,2024-2026,647,647,149,77,0.32921174652241114,0.5167785234899329,1.544397390183058,51.84489494374796,52.19352664784837,55.30446758432343,0.19039855357996424,0.1897561256395929,0.7325458125094654,0.5665138166097,135,117,0.8666666666666667,0.8787878787878788,1.1037037037037036,18,2,4,0.8235294117647058
tabm_pooled,3,3,cadence85,all5,native_matured,2024-2026,3235,647,760,396,0.3517774343122102,0.5210526315789473,1.486722148732219,46.96331708701716,47.68004606057603,50.5376229161092,0.187255265238081,0.19355123171274372,0.7521951603805922,0.5560088459958911,675,590,0.8740740740740741,0.885323826500297,1.125925925925926,85,2,4,0.7450980392156863
tabm_pooled,3,3,cadence85,KZT,native_matured,2024-2026,647,647,152,78,0.32921174652241114,0.5131578947368421,1.5401469101136984,53.71630721208081,53.689938454243354,55.39381493700757,0.19039855357996424,0.1897561256395929,0.7325458125094654,0.5665138166097,135,117,0.8666666666666667,0.8787878787878788,1.125925925925926,18,2,4,0.8235294117647058
tabm_pooled,3,3,cadence90,all5,native_matured,2024-2026,3235,647,820,414,0.3517774343122102,0.5048780487804878,1.4392037933456934,43.64770430825592,44.368915695188214,52.0555950762178,0.187255265238081,0.19355123171274372,0.7521951603805922,0.5560088459958911,675,609,0.9022222222222223,0.9080213903743315,1.2148148148148148,66,2,4,0.8235294117647058
tabm_pooled,3,3,cadence90,KZT,native_matured,2024-2026,647,647,164,80,0.32921174652241114,0.4878048780487805,1.482749619834306,47.12392500530421,46.00122307236008,56.80082811083515,0.19039855357996424,0.1897561256395929,0.7325458125094654,0.5665138166097,135,123,0.9111111111111111,0.9144385026737968,1.2148148148148148,12,2,4,0.8235294117647058
tabm_pooled,3,3,rank80,all5,native_matured,2024-2026,3235,647,792,400,0.3517774343122102,0.5050505050505051,1.441909911107589,45.20673670149895,45.67591172299235,50.28261057660935,0.187255265238081,0.19355123171274372,0.7521951603805922,0.5560088459958911,675,590,0.8740740740740741,0.877480689245395,1.1733333333333333,85,2,3,0.803921568627451
tabm_pooled,3,3,rank80,KZT,native_matured,2024-2026,647,647,160,79,0.32921174652241114,0.49375,1.507564224012482,46.586657922403475,45.03589028558806,57.23826870698254,0.19039855357996424,0.1897561256395929,0.7325458125094654,0.5665138166097,135,121,0.8962962962962963,0.8978015448603683,1.1851851851851851,14,2,3,0.8431372549019608
tabm_pooled,3,3,rank90,all5,native_matured,2024-2026,3235,647,864,416,0.3517774343122102,0.48148148148148145,1.3777573594815893,41.469348762312315,41.72637437738112,52.53971290129936,0.187255265238081,0.19355123171274372,0.7521951603805922,0.5560088459958911,675,633,0.9377777777777778,0.9365418894830658,1.28,42,2,3,0.8823529411764706
tabm_pooled,3,3,rank90,KZT,native_matured,2024-2026,647,647,172,80,0.32921174652241114,0.46511627906976744,1.4285381980500442,44.46282189880132,42.3940116993622,58.384177667059426,0.19039855357996424,0.1897561256395929,0.7325458125094654,0.5665138166097,135,126,0.9333333333333333,0.93048128342246,1.2740740740740741,9,2,3,0.8823529411764706
tabm_pooled,3,3,rank90_shared,all5,native_matured,2024-2026,3235,647,864,418,0.3517774343122102,0.4837962962962963,1.3866172341554752,41.39415220282975,41.55002267604904,52.89887998233365,0.187255265238081,0.19355123171274372,0.7521951603805922,0.5560088459958911,675,634,0.9392592592592592,0.938562091503268,1.28,41,2,3,0.8823529411764706
tabm_pooled,3,3,rank90_shared,KZT,native_matured,2024-2026,647,647,173,80,0.32921174652241114,0.4624277456647399,1.4178023764450962,43.60355378501837,41.691501117926975,58.93160258823477,0.19039855357996424,0.1897561256395929,0.7325458125094654,0.5665138166097,135,126,0.9333333333333333,0.93048128342246,1.2814814814814814,9,2,3,0.8823529411764706
tabm_pooled,3,3,strict05,all5,native_matured,2024-2026,3235,647,476,295,0.3517774343122102,0.6197478991596639,1.7323925436478989,71.32434453366876,73.40301537318147,32.19863764689469,0.187255265238081,0.19355123171274372,0.7521951603805922,0.5560088459958911,675,447,0.6622222222222223,0.6606060606060605,0.7051851851851851,228,2,11,0.37254901960784315
tabm_pooled,3,3,strict05,KZT,native_matured,2024-2026,647,647,77,47,0.32921174652241114,0.6103896103896104,1.8238177533246285,77.67862011440597,77.84349450186534,34.06874693186236,0.19039855357996424,0.1897561256395929,0.7325458125094654,0.5665138166097,135,73,0.5407407407407407,0.5341651812240048,0.5703703703703704,62,2,11,0.37254901960784315
tabm_pooled,5,5,cadence80,all5,native_matured,2024-2026,3205,641,644,295,0.29329173166926675,0.4580745341614907,1.5559533894557938,58.69725713740546,61.13179923350111,71.66379335843843,0.18458108161919043,0.18935672190614894,0.6992701141327321,0.550940891750814,675,509,0.7540740740740741,0.7723113487819369,0.9540740740740741,166,2,5,0.6078431372549019
tabm_pooled,5,5,cadence80,KZT,native_matured,2024-2026,641,641,142,55,0.26521060842433697,0.3873239436619718,1.4300825131783694,53.67611852448033,53.81893208014398,86.56019770665976,0.1856266295952443,0.1795572819400847,0.6758461346321969,0.5547510998474622,135,111,0.8222222222222222,0.8324420677361855,1.0518518518518518,24,2,4,0.7254901960784313
tabm_pooled,5,5,cadence85,all5,native_matured,2024-2026,3205,641,746,315,0.29329173166926675,0.4222520107238606,1.4655534633486933,46.52873402457648,46.27795701659588,86.3031652372864,0.18458108161919043,0.18935672190614894,0.6992701141327321,0.550940891750814,675,565,0.837037037037037,0.8455139631610217,1.1051851851851853,110,2,5,0.6470588235294118
tabm_pooled,5,5,cadence85,KZT,native_matured,2024-2026,641,641,158,55,0.26521060842433697,0.34810126582278483,1.318881094291741,45.1218095195828,42.56116672855283,100.21704653507364,0.1856266295952443,0.1795572819400847,0.6758461346321969,0.5547510998474622,135,118,0.8740740740740741,0.8781937017231135,1.1703703703703703,17,2,4,0.7254901960784313
tabm_pooled,5,5,cadence90,all5,native_matured,2024-2026,3205,641,798,332,0.29329173166926675,0.41604010025062654,1.4446567990274062,42.19896506836438,41.70895308019155,90.67096149042875,0.18458108161919043,0.18935672190614894,0.6992701141327321,0.550940891750814,675,592,0.8770370370370371,0.8850861556743909,1.1822222222222223,83,2,4,0.7254901960784313
tabm_pooled,5,5,cadence90,KZT,native_matured,2024-2026,641,641,158,54,0.26521060842433697,0.34177215189873417,1.294901438031891,44.48926998426229,41.92862719323231,101.11690320849388,0.1856266295952443,0.1795572819400847,0.6758461346321969,0.5547510998474622,135,118,0.8740740740740741,0.8781937017231135,1.1703703703703703,17,2,4,0.7254901960784313
tabm_pooled,5,5,rank80,all5,native_matured,2024-2026,3205,641,769,332,0.29329173166926675,0.4317295188556567,1.4824572936450888,48.35210124912489,48.769494558378035,84.8868309474888,0.18458108161919043,0.18935672190614894,0.6992701141327321,0.550940891750814,675,593,0.8785185185185185,0.8835412953060012,1.1392592592592592,82,2,3,0.7843137254901961
tabm_pooled,5,5,rank80,KZT,native_matured,2024-2026,641,641,155,59,0.26521060842433697,0.38064516129032255,1.4300639056945814,50.27427885595398,48.58972053038865,91.47715064887052,0.1856266295952443,0.1795572819400847,0.6758461346321969,0.5547510998474622,135,119,0.8814814814814815,0.8847296494355318,1.1481481481481481,16,2,3,0.7843137254901961
tabm_pooled,5,5,rank90,all5,native_matured,2024-2026,3205,641,874,335,0.29329173166926675,0.38329519450800914,1.323740552410711,33.712604176649826,33.332832922961636,95.52061997231222,0.18458108161919043,0.18935672190614894,0.6992701141327321,0.550940891750814,675,626,0.9274074074074075,0.9266785502079617,1.2948148148148149,49,2,3,0.8431372549019608
tabm_pooled,5,5,rank90,KZT,native_matured,2024-2026,641,641,169,54,0.26521060842433697,0.31952662721893493,1.216778838209075,39.92875557765024,36.84499082434861,101.32546804260785,0.1856266295952443,0.1795572819400847,0.6758461346321969,0.5547510998474622,135,125,0.9259259259259259,0.9239453357100417,1.2518518518518518,10,2,3,0.8627450980392157
tabm_pooled,5,5,rank90_shared,all5,native_matured,2024-2026,3205,641,885,344,0.29329173166926675,0.3887005649717514,1.346271507874878,31.53131718429073,30.944355134541855,97.25124776335863,0.18458108161919043,0.18935672190614894,0.6992701141327321,0.550940891750814,675,625,0.9259259259259259,0.9253713606654781,1.3111111111111111,50,2,3,0.8431372549019608
tabm_pooled,5,5,rank90_shared,KZT,native_matured,2024-2026,641,641,177,61,0.26521060842433697,0.3446327683615819,1.321099097578743,30.69889981455821,26.936823286535066,109.29378645382631,0.1856266295952443,0.1795572819400847,0.6758461346321969,0.5547510998474622,135,124,0.9185185185185185,0.9174093879976234,1.3111111111111111,11,2,3,0.8627450980392157
tabm_pooled,5,5,strict05,all5,native_matured,2024-2026,3205,641,280,161,0.29329173166926675,0.575,1.8397458420169268,83.25774825681059,90.12982305878171,58.364383212874145,0.18458108161919043,0.18935672190614894,0.6992701141327321,0.550940891750814,675,270,0.4,0.3950089126559714,0.4148148148148148,405,2,21,0.058823529411764705
tabm_pooled,5,5,strict05,KZT,native_matured,2024-2026,641,641,40,18,0.26521060842433697,0.45,1.5964070352983049,60.04290776390155,64.51156374156575,96.57599963166929,0.1856266295952443,0.1795572819400847,0.6758461346321969,0.5547510998474622,135,38,0.2814814814814815,0.27332144979203804,0.2962962962962963,97,2,21,0.058823529411764705
v3,3,3,cadence80,all5,native_matured,2024-2026,3235,647,721,380,0.3517774343122102,0.5270457697642164,1.5000941431333707,51.735797198953215,52.616393664940084,46.74792276019507,0.190531317810561,0.19096891967550875,0.7414364231100921,0.5638182549383659,675,560,0.8296296296296296,0.8425430778371953,1.068148148148148,115,2,4,0.7058823529411765
v3,3,3,cadence80,KZT,native_matured,2024-2026,647,647,147,72,0.32921174652241114,0.4897959183673469,1.494946078978999,52.9107304932817,51.415747959791965,57.076374668542556,0.20098151477578616,0.19659624996773367,0.6912171956470002,0.5921182560974682,135,115,0.8518518518518519,0.8621509209744503,1.0888888888888888,20,2,4,0.7450980392156863
v3,3,3,cadence85,all5,native_matured,2024-2026,3235,647,753,392,0.3517774343122102,0.5205843293492696,1.4903577494428333,49.72610044819678,50.1582985239135,48.40494956143648,0.190531317810561,0.19096891967550875,0.7414364231100921,0.5638182549383659,675,577,0.8548148148148148,0.865478312537136,1.1155555555555556,98,2,4,0.7058823529411765
v3,3,3,cadence85,KZT,native_matured,2024-2026,647,647,152,74,0.32921174652241114,0.4868421052631579,1.4769335354408384,49.519196617818096,48.56055700969247,59.781933597596904,0.20098151477578616,0.19659624996773367,0.6912171956470002,0.5921182560974682,135,117,0.8666666666666667,0.8752228163992871,1.125925925925926,18,2,2,0.7843137254901961
v3,3,3,cadence90,all5,native_matured,2024-2026,3235,647,787,400,0.3517774343122102,0.5082592121982211,1.4533923150034065,47.53353085963667,47.998354994423224,49.24493732072734,0.190531317810561,0.19096891967550875,0.7414364231100921,0.5638182549383659,675,598,0.8859259259259259,0.895068330362448,1.165925925925926,77,2,4,0.7450980392156863
v3,3,3,cadence90,KZT,native_matured,2024-2026,647,647,160,74,0.32921174652241114,0.4625,1.4175655231124176,44.81281490967134,42.96953769691443,60.208982831092456,0.20098151477578616,0.19659624996773367,0.6912171956470002,0.5921182560974682,135,122,0.9037037037037037,0.9079025549613785,1.1851851851851851,13,2,2,0.7843137254901961
v3,3,3,rank80,all5,native_matured,2024-2026,3235,647,797,390,0.3517774343122102,0.4893350062735257,1.403806244406721,44.07955093086549,44.1820303230922,51.6149823273862,0.190531317810561,0.19096891967550875,0.7414364231100921,0.5638182549383659,675,597,0.8844444444444445,0.8859180035650623,1.1807407407407406,78,2,4,0.7254901960784313
v3,3,3,rank80,KZT,native_matured,2024-2026,647,647,168,75,0.32921174652241114,0.44642857142857145,1.380654611226545,36.78679371153315,34.11693681872259,66.0547659131268,0.20098151477578616,0.19659624996773367,0.6912171956470002,0.5921182560974682,135,123,0.9111111111111111,0.9073083778966132,1.2444444444444445,12,2,1,0.8431372549019608
v3,3,3,rank90,all5,native_matured,2024-2026,3235,647,852,405,0.3517774343122102,0.4753521126760563,1.3689426087771257,36.20965134011401,35.99836637530426,57.64208487599781,0.190531317810561,0.19096891967550875,0.7414364231100921,0.5638182549383659,675,615,0.9111111111111111,0.9108734402852048,1.2622222222222221,60,2,2,0.8235294117647058
v3,3,3,rank90,KZT,native_matured,2024-2026,647,647,171,76,0.32921174652241114,0.4444444444444444,1.367048834918995,35.51185806725011,33.32831871460672,67.1939352393512,0.20098151477578616,0.19659624996773367,0.6912171956470002,0.5921182560974682,135,124,0.9185185185185185,0.9174093879976234,1.2666666666666666,11,2,1,0.8431372549019608
v3,3,3,rank90_shared,all5,native_matured,2024-2026,3235,647,861,407,0.3517774343122102,0.4727061556329849,1.3584342018581195,36.76579095888095,36.73408721665536,56.611858644322375,0.190531317810561,0.19096891967550875,0.7414364231100921,0.5638182549383659,675,619,0.917037037037037,0.9168152109328578,1.2755555555555556,56,2,2,0.8431372549019608
v3,3,3,rank90_shared,KZT,native_matured,2024-2026,647,647,174,77,0.32921174652241114,0.4425287356321839,1.3540518056312099,35.52279196605978,33.808800583232966,67.54996265180618,0.20098151477578616,0.19659624996773367,0.6912171956470002,0.5921182560974682,135,125,0.9259259259259259,0.9275103980986334,1.288888888888889,10,2,1,0.8431372549019608
v3,3,3,strict05,all5,native_matured,2024-2026,3235,647,434,249,0.3517774343122102,0.5737327188940092,1.5787242548079286,60.16847307065821,63.71900805935754,38.14964653932632,0.190531317810561,0.19096891967550875,0.7414364231100921,0.5638182549383659,675,404,0.5985185185185186,0.5979797979797981,0.642962962962963,271,2,6,0.39215686274509803
v3,3,3,strict05,KZT,native_matured,2024-2026,647,647,81,41,0.32921174652241114,0.5061728395061729,1.5025135369636835,47.16805975107032,47.92971773780547,64.01972633851987,0.20098151477578616,0.19659624996773367,0.6912171956470002,0.5921182560974682,135,76,0.562962962962963,0.5573380867498514,0.6,59,2,5,0.39215686274509803
v3,5,5,cadence80,all5,native_matured,2024-2026,3205,641,715,314,0.29329173166926675,0.43916083916083914,1.4944072741547008,51.93813652636867,53.67610762525217,80.8702224251354,0.18478943651023397,0.1851308656314922,0.7133326288102956,0.5500213803605045,675,547,0.8103703703703704,0.8198455139631607,1.0592592592592593,128,2,4,0.6862745098039216
v3,5,5,cadence80,KZT,native_matured,2024-2026,641,641,154,59,0.26521060842433697,0.38311688311688313,1.4428421893304753,42.961953514320584,41.02512808085079,102.18520921393667,0.1892593249200669,0.18275190895848695,0.6561321343824154,0.5643907836496052,135,118,0.8740740740740741,0.8781937017231135,1.1407407407407408,17,2,2,0.803921568627451
v3,5,5,cadence85,all5,native_matured,2024-2026,3205,641,753,330,0.29329173166926675,0.43824701195219123,1.4859768615815085,49.170192496366816,50.9952949958914,82.35913788330475,0.18478943651023397,0.1851308656314922,0.7133326288102956,0.5500213803605045,675,571,0.845925925925926,0.854070112893642,1.1155555555555556,104,2,4,0.7647058823529411
v3,5,5,cadence85,KZT,native_matured,2024-2026,641,641,155,58,0.26521060842433697,0.3741935483870968,1.4058255344116224,40.32238344021316,38.63782511464782,103.0283545118961,0.1892593249200669,0.18275190895848695,0.6561321343824154,0.5643907836496052,135,118,0.8740740740740741,0.8781937017231135,1.1481481481481481,17,2,2,0.803921568627451
v3,5,5,cadence90,all5,native_matured,2024-2026,3205,641,788,332,0.29329173166926675,0.4213197969543147,1.433990675848756,44.673380209152825,45.842530723189164,88.54160273296614,0.18478943651023397,0.1851308656314922,0.7133326288102956,0.5500213803605045,675,587,0.8696296296296296,0.8742721330956623,1.1674074074074074,88,2,4,0.7647058823529411
v3,5,5,cadence90,KZT,native_matured,2024-2026,641,641,158,57,0.26521060842433697,0.36075949367088606,1.3458298319820854,39.9035214686754,38.95660493964078,103.86631359035401,0.1892593249200669,0.18275190895848695,0.6561321343824154,0.5643907836496052,135,118,0.8740740740740741,0.8781937017231135,1.1703703703703703,17,2,2,0.803921568627451
v3,5,5,rank80,all5,native_matured,2024-2026,3205,641,811,344,0.29329173166926675,0.4241676942046856,1.4524344729061656,42.724236124274036,43.19514571893076,90.6324932908602,0.18478943651023397,0.1851308656314922,0.7133326288102956,0.5500213803605045,675,597,0.8844444444444445,0.8859180035650623,1.2014814814814814,78,2,4,0.7254901960784313
v3,5,5,rank80,KZT,native_matured,2024-2026,641,641,161,59,0.26521060842433697,0.36645962732919257,1.408897184607842,37.28676734455914,33.22529743372801,109.00667794425887,0.1892593249200669,0.18275190895848695,0.6561321343824154,0.5643907836496052,135,119,0.8814814814814815,0.88116458704694,1.1925925925925926,16,2,2,0.7843137254901961
v3,5,5,rank90,all5,native_matured,2024-2026,3205,641,861,356,0.29329173166926675,0.413472706155633,1.4216015394912298,38.72000247529794,38.80024956950988,93.05076917947846,0.18478943651023397,0.1851308656314922,0.7133326288102956,0.5500213803605045,675,616,0.9125925925925926,0.9114676173499701,1.2755555555555556,59,2,2,0.8235294117647058
v3,5,5,rank90,KZT,native_matured,2024-2026,641,641,171,59,0.26521060842433697,0.34502923976608185,1.31276806460336,31.39132772887345,28.395784068616283,111.82938915499562,0.1892593249200669,0.18275190895848695,0.6561321343824154,0.5643907836496052,135,122,0.9037037037037037,0.9043374925727866,1.2666666666666666,13,2,2,0.8235294117647058
v3,5,5,rank90_shared,all5,native_matured,2024-2026,3205,641,849,349,0.29329173166926675,0.4110718492343934,1.418865464307192,38.846103667969004,38.65645943264639,93.65104691488735,0.18478943651023397,0.1851308656314922,0.7133326288102956,0.5500213803605045,675,605,0.8962962962962963,0.8970885323826499,1.2577777777777779,70,2,2,0.8235294117647058
v3,5,5,rank90_shared,KZT,native_matured,2024-2026,641,641,171,59,0.26521060842433697,0.34502923976608185,1.31276806460336,31.39132772887345,28.395784068616283,111.82938915499562,0.1892593249200669,0.18275190895848695,0.6561321343824154,0.5643907836496052,135,122,0.9037037037037037,0.9043374925727866,1.2666666666666666,13,2,2,0.8235294117647058
v3,5,5,strict05,all5,native_matured,2024-2026,3205,641,290,164,0.29329173166926675,0.5655172413793104,1.8179440715331072,89.04291136988144,95.24216806890988,44.17471093135369,0.18478943651023397,0.1851308656314922,0.7133326288102956,0.5500213803605045,675,279,0.41333333333333333,0.3996434937611407,0.42962962962962964,396,2,23,0.12121212121212122
v3,5,5,strict05,KZT,native_matured,2024-2026,641,641,51,25,0.26521060842433697,0.49019607843137253,1.879453566523729,89.11234315903268,85.33200604895548,49.60369363050179,0.1892593249200669,0.18275190895848695,0.6561321343824154,0.5643907836496052,135,49,0.362962962962963,0.33452168746286387,0.37777777777777777,86,2,23,0.12121212121212122
