scenario,horizon_moex_rows,delta_bps,eligible_moex_rows,signals,hits,hit_rate,hit_rate_wilson_95,random_hit_rate,lift,lift_block_bootstrap_95,absolute_delta_pp,absolute_delta_pp_block_bootstrap_95,fisher_exact_greater_p,symmetric_bps_mean,symmetric_bps_median,symmetric_bps_block_bootstrap_95,forward_bps_mean,forward_bps_median,forward_bps_block_bootstrap_95,circular_shift_p_hit_rate,circular_shift_p_symmetric_bps,circular_shift_p_forward_bps
favorable_now,1,10.0,443,7,4,0.57142857,"[0.25045836, 0.84178014]",0.55756208,1.02486987,"[null, null]",1.38664947,"[null, null]",0.62509048,31.15275124,4.3547213,"[null, null]",17.6868445,9.87936772,"[null, null]",0.6275395,0.05191874,0.32054176
favorable_now,1,25.0,443,7,4,0.57142857,"[0.25045836, 0.84178014]",0.64785553,0.88203086,"[null, null]",-7.6426959,"[null, null]",0.79828637,31.15275124,4.3547213,"[null, null]",17.6868445,9.87936772,"[null, null]",0.80361174,0.05191874,0.32054176
favorable_now,1,35.0,443,7,4,0.57142857,"[0.25045836, 0.84178014]",0.69525959,0.82189239,"[null, null]",-12.38310223,"[null, null]",0.86951161,31.15275124,4.3547213,"[null, null]",17.6868445,9.87936772,"[null, null]",0.88487585,0.05191874,0.32054176
favorable_now,1,50.0,443,7,5,0.71428571,"[0.35893445, 0.91778108]",0.74266366,0.96178897,"[null, null]",-2.83779426,"[null, null]",0.74213455,31.15275124,4.3547213,"[null, null]",17.6868445,9.87936772,"[null, null]",0.74266366,0.05191874,0.32054176
favorable_now,1,75.0,443,7,5,0.71428571,"[0.35893445, 0.91778108]",0.79458239,0.89894481,"[null, null]",-8.02966785,"[null, null]",0.84407213,31.15275124,4.3547213,"[null, null]",17.6868445,9.87936772,"[null, null]",0.86004515,0.05191874,0.32054176
favorable_now,1,100.0,443,7,6,0.85714286,"[0.48687217, 0.97432038]",0.8510158,1.0071997,"[null, null]",0.61270558,"[null, null]",0.7197663,31.15275124,4.3547213,"[null, null]",17.6868445,9.87936772,"[null, null]",0.72234763,0.05191874,0.32054176
window_closing,1,0.0,443,10,9,0.9,"[0.59584997, 0.98212379]",0.48758465,1.84583333,"[null, null]",41.24153499,"[null, null]",0.00814809,5.59658445,6.06153267,"[null, null]",68.28999612,67.00156871,"[null, null]",0.01580135,0.3724605,0.02031603
window_closing,1,10.0,443,10,9,0.9,"[0.59584997, 0.98212379]",0.43792325,2.05515464,"[null, null]",46.20767494,"[null, null]",0.00328203,5.59658445,6.06153267,"[null, null]",68.28999612,67.00156871,"[null, null]",0.00451467,0.3724605,0.02031603
window_closing,1,25.0,443,10,8,0.8,"[0.49016247, 0.94331785]",0.37923251,2.10952381,"[null, null]",42.07674944,"[null, null]",0.00786223,5.59658445,6.06153267,"[null, null]",68.28999612,67.00156871,"[null, null]",0.00902935,0.3724605,0.02031603
window_closing,1,50.0,443,10,6,0.6,"[0.31267377, 0.83181967]",0.28216704,2.1264,"[null, null]",31.78329571,"[null, null]",0.03381521,5.59658445,6.06153267,"[null, null]",68.28999612,67.00156871,"[null, null]",0.0496614,0.3724605,0.02031603
window_closing,1,75.0,443,10,4,0.4,"[0.16818033, 0.68732623]",0.19187359,2.08470588,"[null, null]",20.81264108,"[null, null]",0.10459026,5.59658445,6.06153267,"[null, null]",68.28999612,67.00156871,"[null, null]",0.11060948,0.3724605,0.02031603
window_closing,1,100.0,443,10,2,0.2,"[0.05668215, 0.50983753]",0.14446953,1.384375,"[null, null]",5.5530474,"[null, null]",0.43648261,5.59658445,6.06153267,"[null, null]",68.28999612,67.00156871,"[null, null]",0.43792325,0.3724605,0.02031603
favorable_now,3,10.0,443,7,4,0.57142857,"[0.25045836, 0.84178014]",0.36117381,1.58214286,"[null, null]",21.02547565,"[null, null]",0.21703178,54.53966065,49.118285,"[null, null]",-4.99790043,42.46394897,"[null, null]",0.23250564,0.04514673,0.53724605
favorable_now,3,25.0,443,7,4,0.57142857,"[0.25045836, 0.84178014]",0.42663657,1.3393802,"[null, null]",14.47920026,"[null, null]",0.34189795,54.53966065,49.118285,"[null, null]",-4.99790043,42.46394897,"[null, null]",0.32731377,0.04514673,0.53724605
favorable_now,3,35.0,443,7,4,0.57142857,"[0.25045836, 0.84178014]",0.46501129,1.22884882,"[null, null]",10.64172847,"[null, null]",0.42331896,54.53966065,49.118285,"[null, null]",-4.99790043,42.46394897,"[null, null]",0.41083521,0.04514673,0.53724605
favorable_now,3,50.0,443,7,4,0.57142857,"[0.25045836, 0.84178014]",0.496614,1.15064935,"[null, null]",7.48145759,"[null, null]",0.49254269,54.53966065,49.118285,"[null, null]",-4.99790043,42.46394897,"[null, null]",0.48081264,0.04514673,0.53724605
favorable_now,3,75.0,443,7,4,0.57142857,"[0.25045836, 0.84178014]",0.57110609,1.00056465,"[null, null]",0.03224766,"[null, null]",0.65343925,54.53966065,49.118285,"[null, null]",-4.99790043,42.46394897,"[null, null]",0.64334086,0.04514673,0.53724605
favorable_now,3,100.0,443,7,5,0.71428571,"[0.35893445, 0.91778108]",0.65688488,1.08738341,"[null, null]",5.74008384,"[null, null]",0.54795959,54.53966065,49.118285,"[null, null]",-4.99790043,42.46394897,"[null, null]",0.54401806,0.04514673,0.53724605
window_closing,3,0.0,443,10,9,0.9,"[0.59584997, 0.98212379]",0.65011287,1.384375,"[null, null]",24.98871332,"[null, null]",0.08362082,17.21591988,16.8231323,"[null, null]",110.46647356,157.53079258,"[null, null]",0.08126411,0.26636569,0.01128668
window_closing,3,10.0,443,10,9,0.9,"[0.59584997, 0.98212379]",0.62528217,1.43935018,"[null, null]",27.4717833,"[null, null]",0.06177222,17.21591988,16.8231323,"[null, null]",110.46647356,157.53079258,"[null, null]",0.06546275,0.26636569,0.01128668
window_closing,3,25.0,443,10,9,0.9,"[0.59584997, 0.98212379]",0.5778781,1.55742188,"[null, null]",32.21218962,"[null, null]",0.03300029,17.21591988,16.8231323,"[null, null]",110.46647356,157.53079258,"[null, null]",0.03837472,0.26636569,0.01128668
window_closing,3,50.0,443,10,9,0.9,"[0.59584997, 0.98212379]",0.47629797,1.88957346,"[null, null]",42.37020316,"[null, null]",0.00669224,17.21591988,16.8231323,"[null, null]",110.46647356,157.53079258,"[null, null]",0.01128668,0.26636569,0.01128668
window_closing,3,75.0,443,10,8,0.8,"[0.49016247, 0.94331785]",0.41309255,1.93661202,"[null, null]",38.69074492,"[null, null]",0.01440946,17.21591988,16.8231323,"[null, null]",110.46647356,157.53079258,"[null, null]",0.02257336,0.26636569,0.01128668
window_closing,3,100.0,443,10,8,0.8,"[0.49016247, 0.94331785]",0.33860045,2.36266667,"[null, null]",46.13995485,"[null, null]",0.00345729,17.21591988,16.8231323,"[null, null]",110.46647356,157.53079258,"[null, null]",0.01354402,0.26636569,0.01128668
favorable_now,5,10.0,443,7,4,0.57142857,"[0.25045836, 0.84178014]",0.28442438,2.00907029,"[null, null]",28.70041922,"[null, null]",0.10500747,81.95697918,85.94813568,"[null, null]",-0.36246265,89.42127704,"[null, null]",0.11963883,0.02934537,0.51015801
favorable_now,5,25.0,443,7,4,0.57142857,"[0.25045836, 0.84178014]",0.33408578,1.71042471,"[null, null]",23.73427926,"[null, null]",0.1727052,81.95697918,85.94813568,"[null, null]",-0.36246265,89.42127704,"[null, null]",0.17832957,0.02934537,0.51015801
favorable_now,5,35.0,443,7,4,0.57142857,"[0.25045836, 0.84178014]",0.3724605,1.53419913,"[null, null]",19.89680748,"[null, null]",0.23690136,81.95697918,85.94813568,"[null, null]",-0.36246265,89.42127704,"[null, null]",0.22799097,0.02934537,0.51015801
favorable_now,5,50.0,443,7,4,0.57142857,"[0.25045836, 0.84178014]",0.40632054,1.40634921,"[null, null]",16.51080297,"[null, null]",0.30085835,81.95697918,85.94813568,"[null, null]",-0.36246265,89.42127704,"[null, null]",0.30474041,0.02934537,0.51015801
favorable_now,5,75.0,443,7,4,0.57142857,"[0.25045836, 0.84178014]",0.46501129,1.22884882,"[null, null]",10.64172847,"[null, null]",0.42331896,81.95697918,85.94813568,"[null, null]",-0.36246265,89.42127704,"[null, null]",0.41534989,0.02934537,0.51015801
favorable_now,5,100.0,443,7,4,0.57142857,"[0.25045836, 0.84178014]",0.53273138,1.07263923,"[null, null]",3.86971945,"[null, null]",0.57177831,81.95697918,85.94813568,"[null, null]",-0.36246265,89.42127704,"[null, null]",0.58690745,0.02934537,0.51015801
window_closing,5,0.0,443,10,9,0.9,"[0.59584997, 0.98212379]",0.72460497,1.24205607,"[null, null]",17.53950339,"[null, null]",0.18839079,19.56770675,32.6141438,"[null, null]",144.49399737,203.18084165,"[null, null]",0.18058691,0.29119639,0.01128668
window_closing,5,10.0,443,10,9,0.9,"[0.59584997, 0.98212379]",0.70654628,1.27380192,"[null, null]",19.34537246,"[null, null]",0.15670809,19.56770675,32.6141438,"[null, null]",144.49399737,203.18084165,"[null, null]",0.1489842,0.29119639,0.01128668
window_closing,5,25.0,443,10,9,0.9,"[0.59584997, 0.98212379]",0.66591422,1.35152542,"[null, null]",23.40857788,"[null, null]",0.10052427,19.56770675,32.6141438,"[null, null]",144.49399737,203.18084165,"[null, null]",0.0993228,0.29119639,0.01128668
window_closing,5,50.0,443,10,9,0.9,"[0.59584997, 0.98212379]",0.58239278,1.54534884,"[null, null]",31.76072235,"[null, null]",0.03513267,19.56770675,32.6141438,"[null, null]",144.49399737,203.18084165,"[null, null]",0.04288939,0.29119639,0.01128668
window_closing,5,75.0,443,10,8,0.8,"[0.49016247, 0.94331785]",0.50564334,1.58214286,"[null, null]",29.43566591,"[null, null]",0.05670783,19.56770675,32.6141438,"[null, null]",144.49399737,203.18084165,"[null, null]",0.0744921,0.29119639,0.01128668
window_closing,5,100.0,443,10,8,0.8,"[0.49016247, 0.94331785]",0.43340858,1.84583333,"[null, null]",36.65914221,"[null, null]",0.02012208,19.56770675,32.6141438,"[null, null]",144.49399737,203.18084165,"[null, null]",0.04288939,0.29119639,0.01128668
favorable_now,10,10.0,443,7,4,0.57142857,"[0.25045836, 0.84178014]",0.22121896,2.58309038,"[null, null]",35.02096098,"[null, null]",0.04564661,110.56762333,186.17594188,"[null, null]",23.55325787,235.45969797,"[null, null]",0.0496614,0.03837472,0.35665914
favorable_now,10,25.0,443,7,4,0.57142857,"[0.25045836, 0.84178014]",0.248307,2.3012987,"[null, null]",32.31215737,"[null, null]",0.06744313,110.56762333,186.17594188,"[null, null]",23.55325787,235.45969797,"[null, null]",0.06772009,0.03837472,0.35665914
favorable_now,10,35.0,443,7,4,0.57142857,"[0.25045836, 0.84178014]",0.26410835,2.16361416,"[null, null]",30.73202193,"[null, null]",0.08266136,110.56762333,186.17594188,"[null, null]",23.55325787,235.45969797,"[null, null]",0.08126411,0.03837472,0.35665914
favorable_now,10,50.0,443,7,4,0.57142857,"[0.25045836, 0.84178014]",0.27765237,2.05807201,"[null, null]",29.37762012,"[null, null]",0.09720968,110.56762333,186.17594188,"[null, null]",23.55325787,235.45969797,"[null, null]",0.09255079,0.03837472,0.35665914
favorable_now,10,75.0,443,7,4,0.57142857,"[0.25045836, 0.84178014]",0.33182844,1.72206025,"[null, null]",23.9600129,"[null, null]",0.16923731,110.56762333,186.17594188,"[null, null]",23.55325787,235.45969797,"[null, null]",0.18510158,0.03837472,0.35665914
favorable_now,10,100.0,443,7,4,0.57142857,"[0.25045836, 0.84178014]",0.39277652,1.45484401,"[null, null]",17.86520477,"[null, null]",0.27454585,110.56762333,186.17594188,"[null, null]",23.55325787,235.45969797,"[null, null]",0.27765237,0.03837472,0.35665914
window_closing,10,0.0,443,10,9,0.9,"[0.59584997, 0.98212379]",0.79232506,1.13589744,"[null, null]",10.76749436,"[null, null]",0.35019796,96.44847294,123.43433147,"[null, null]",268.15276838,409.97326482,"[null, null]",0.33408578,0.02934537,0.00451467
window_closing,10,10.0,443,10,9,0.9,"[0.59584997, 0.98212379]",0.7765237,1.15901163,"[null, null]",12.3476298,"[null, null]",0.30606285,96.44847294,123.43433147,"[null, null]",268.15276838,409.97326482,"[null, null]",0.29345372,0.02934537,0.00451467
window_closing,10,25.0,443,10,9,0.9,"[0.59584997, 0.98212379]",0.75395034,1.19371257,"[null, null]",14.60496614,"[null, null]",0.24983855,96.44847294,123.43433147,"[null, null]",268.15276838,409.97326482,"[null, null]",0.23927765,0.02934537,0.00451467
window_closing,10,50.0,443,10,9,0.9,"[0.59584997, 0.98212379]",0.68171558,1.32019868,"[null, null]",21.82844244,"[null, null]",0.12006364,96.44847294,123.43433147,"[null, null]",268.15276838,409.97326482,"[null, null]",0.13769752,0.02934537,0.00451467
window_closing,10,75.0,443,10,8,0.8,"[0.49016247, 0.94331785]",0.62302483,1.28405797,"[null, null]",17.69751693,"[null, null]",0.20433658,96.44847294,123.43433147,"[null, null]",268.15276838,409.97326482,"[null, null]",0.20541761,0.02934537,0.00451467
window_closing,10,100.0,443,10,8,0.8,"[0.49016247, 0.94331785]",0.54401806,1.47053942,"[null, null]",25.59819413,"[null, null]",0.09056198,96.44847294,123.43433147,"[null, null]",268.15276838,409.97326482,"[null, null]",0.11738149,0.02934537,0.00451467
favorable_now,20,10.0,441,7,3,0.42857143,"[0.15821986, 0.74954164]",0.14512472,2.953125,"[null, null]",28.3446712,"[null, null]",0.06635271,169.58145671,337.21110142,"[null, null]",120.62682625,205.85606147,"[null, null]",0.09977324,0.00680272,0.14512472
favorable_now,20,25.0,441,7,3,0.42857143,"[0.15821986, 0.74954164]",0.16099773,2.66197183,"[null, null]",26.75736961,"[null, null]",0.08636756,169.58145671,337.21110142,"[null, null]",120.62682625,205.85606147,"[null, null]",0.11791383,0.00680272,0.14512472
favorable_now,20,35.0,441,7,3,0.42857143,"[0.15821986, 0.74954164]",0.16780045,2.55405405,"[null, null]",26.07709751,"[null, null]",0.09576226,169.58145671,337.21110142,"[null, null]",120.62682625,205.85606147,"[null, null]",0.12471655,0.00680272,0.14512472
favorable_now,20,50.0,441,7,3,0.42857143,"[0.15821986, 0.74954164]",0.17913832,2.39240506,"[null, null]",24.94331066,"[null, null]",0.11246967,169.58145671,337.21110142,"[null, null]",120.62682625,205.85606147,"[null, null]",0.14512472,0.00680272,0.14512472
favorable_now,20,75.0,441,7,3,0.42857143,"[0.15821986, 0.74954164]",0.20861678,2.05434783,"[null, null]",21.99546485,"[null, null]",0.16162926,169.58145671,337.21110142,"[null, null]",120.62682625,205.85606147,"[null, null]",0.21088435,0.00680272,0.14512472
favorable_now,20,100.0,441,7,4,0.57142857,"[0.25045836, 0.84178014]",0.25170068,2.27027027,"[null, null]",31.97278912,"[null, null]",0.07054622,169.58145671,337.21110142,"[null, null]",120.62682625,205.85606147,"[null, null]",0.10430839,0.00680272,0.14512472
window_closing,20,0.0,441,9,9,1.0,"[0.70085495, 1.0]",0.83446712,1.19836957,"[null, null]",16.55328798,"[null, null]",0.19299649,192.46469682,193.25783984,"[null, null]",335.79220865,555.38447065,"[null, null]",0.2244898,0.01587302,0.00907029
window_closing,20,10.0,441,9,9,1.0,"[0.70085495, 1.0]",0.81632653,1.225,"[null, null]",18.36734694,"[null, null]",0.15800923,192.46469682,193.25783984,"[null, null]",335.79220865,555.38447065,"[null, null]",0.18367347,0.01587302,0.00907029
window_closing,20,25.0,441,9,9,1.0,"[0.70085495, 1.0]",0.79365079,1.26,"[null, null]",20.63492063,"[null, null]",0.12226759,192.46469682,193.25783984,"[null, null]",335.79220865,555.38447065,"[null, null]",0.14512472,0.01587302,0.00907029
window_closing,20,50.0,441,9,9,1.0,"[0.70085495, 1.0]",0.72789116,1.37383178,"[null, null]",27.21088435,"[null, null]",0.05560822,192.46469682,193.25783984,"[null, null]",335.79220865,555.38447065,"[null, null]",0.07709751,0.01587302,0.00907029
window_closing,20,75.0,441,9,8,0.88888889,"[0.56500029, 0.98010911]",0.69387755,1.28104575,"[null, null]",19.50113379,"[null, null]",0.18250618,192.46469682,193.25783984,"[null, null]",335.79220865,555.38447065,"[null, null]",0.24716553,0.01587302,0.00907029
window_closing,20,100.0,441,9,8,0.88888889,"[0.56500029, 0.98010911]",0.62131519,1.43065693,"[null, null]",26.75736961,"[null, null]",0.08723216,192.46469682,193.25783984,"[null, null]",335.79220865,555.38447065,"[null, null]",0.16099773,0.01587302,0.00907029
