stage,scope,config_id,benchmark,delta_brier,delta_brier_ci95_low,delta_brier_ci95_high,repetitions,lift_delta,lift_delta_ci95_low,lift_delta_ci95_high,forward_delta_bps_delta,forward_delta_bps_delta_ci95_low,forward_delta_bps_delta_ci95_high,symmetric_delta_bps_delta,symmetric_delta_bps_delta_ci95_low,symmetric_delta_bps_delta_ci95_high,regret_bps_delta,regret_bps_delta_ci95_low,regret_bps_delta_ci95_high,signals_delta,signals_delta_ci95_low,signals_delta_ci95_high
development_2023_2025,all,baseline_reproduction,basis_train_120m,0.005766182113287813,-0.0001757447089265228,0.011998895411311836,10000,0.06422047750239357,-0.06688472641786437,0.19418627531307445,7.607234415372076,-2.50824593375798,18.074299843284305,0.3908396262634888,-5.812145446262096,7.057815183655272,-0.6321731646043958,-12.603902127529683,11.285972208853774,-60.0,-94.0,-24.975000000000364
development_2023_2025,all,basis_train_120m,baseline_reproduction,-0.005766182113287813,-0.011998895411311838,0.00017574470892652133,10000,-0.06422047750239357,-0.19418627531307445,0.06688472641786436,-7.607234415372076,-18.074299843284305,2.508245933757979,-0.3908396262634888,-7.057815183655273,5.812145446262092,0.6321731646043958,-11.285972208853785,12.603902127529677,60.0,24.975000000000023,94.0
development_2023_2025,all,chronos2_small_ft,baseline_reproduction,0.025516323837371523,0.013981320073952017,0.03685896030678998,10000,-0.438634553205446,-0.573786590797071,-0.3090180948139533,-42.22181961497307,-58.5903082742316,-27.1644656278019,-21.28361394435437,-32.37156636866918,-11.20217943698309,27.40379592839335,12.23689073218214,42.98465282042472,146.0,95.0,195.0
development_2023_2025,all,chronos2_small_ft,basis_train_120m,0.03128250595065934,0.020224308442517585,0.042335144979358884,10000,-0.3744140757030524,-0.5354466762260726,-0.23079679411784967,-34.614585199600995,-50.03331708415911,-21.147184517017532,-20.892774318090883,-31.285727684456656,-11.45841203693797,26.771622763788955,16.194247397425205,38.1021270667823,86.0,47.0,126.0
development_2023_2025,all,chronos2_small_ft,chronos2_small_zs,-0.00028226574593905463,-0.0030491624680912014,0.002463319510955975,10000,-0.04267401352769895,-0.13069684723088304,0.05079492317566413,-1.537091147245917,-8.342124136524829,6.099859841656629,5.899688654027698,0.9836256002450214,11.548261446609557,5.576024442950697,-4.2864044659812945,15.387576532452506,39.0,-9.0,91.0
development_2023_2025,all,chronos2_small_ft_hgb_aug,baseline_reproduction,-0.0026262371566761616,-0.007472922007847131,0.0018057094165434457,10000,-0.14391513022526548,-0.27333434022999115,-0.018722351281509165,-12.723490026923379,-23.206764851912247,-1.9356158111753932,-1.5449294633620774,-7.333996238250929,5.122465044019145,7.833925584050064,-6.720501482760627,22.255682428574254,95.0,69.0,122.0
development_2023_2025,all,chronos2_small_ft_hgb_aug,basis_train_120m,0.0031399449566116514,-0.0014878118586085733,0.008111426981562194,10000,-0.0796946527228719,-0.19982016631145993,0.02718323271410679,-5.116255611551303,-16.704704252917065,6.948196802642136,-1.1540898370985886,-8.655832782862612,7.26718900274316,7.201752419445668,-7.184328968845401,20.81569696265632,35.0,7.0,63.0
development_2023_2025,all,chronos2_small_ft_hgb_aug,chronos2_small_zs_hgb_aug,-0.0037800009248155847,-0.008710901408097467,0.0009276103391780682,10000,-0.046632886012564434,-0.13353077367845848,0.038368349915802256,-6.256903769316253,-12.364114304592427,-0.17683917739313756,-1.9941822558796467,-5.0862980982004,1.337055719321105,3.6469527730636457,-5.686489153529657,13.380630455246797,37.0,13.0,60.0
development_2023_2025,all,chronos2_small_zs,baseline_reproduction,0.025798589583310584,0.014833391842985976,0.03687862808635177,10000,-0.395960539677747,-0.5263722136735727,-0.270240553936213,-40.684728467727155,-57.3091376358735,-25.836260522873097,-27.183302598382067,-40.12335770566132,-15.126295764915852,21.827771485442653,4.571545914053809,39.14716912689056,107.0,40.0,169.0
development_2023_2025,all,chronos2_small_zs,basis_train_120m,0.03156477169659839,0.020698009757573355,0.042577702966888675,10000,-0.33174006217535346,-0.4970791351261088,-0.18774038644941385,-33.07749405235508,-49.88783823786938,-18.10969763485975,-26.792462972118578,-40.20227824297101,-14.533009712486626,21.195598320838258,6.866527036978931,36.40873177240008,47.0,-11.0,99.0
development_2023_2025,all,chronos2_small_zs_hgb_aug,baseline_reproduction,0.0011537637681394229,-0.0007347228504145157,0.0031309968674484963,10000,-0.09728224421270104,-0.1822380357681411,-0.015632593042517406,-6.466586257607126,-13.132813529647777,0.31820015987969896,0.44925279251756933,-3.558935165747163,4.873566392686445,4.186972810986418,-2.3924308279628788,10.79440693401132,58.0,37.0,80.0
development_2023_2025,all,chronos2_small_zs_hgb_aug,basis_train_120m,0.006919945881427235,0.0003907160340822056,0.013762255950509472,10000,-0.03306176671030747,-0.13547792771825445,0.06183750779147143,1.14064815776495,-7.479270151688369,9.731516432428121,0.8400924187810581,-5.487515020855404,7.709859395584082,3.5547996463820226,-7.204052518579546,14.479318645604746,-2.0,-35.0,34.0
development_2023_2025,all,chronos2_synth_ft,baseline_reproduction,0.0249239991380871,0.013074177760175868,0.036487331188871694,10000,-0.4542828429813568,-0.6027110046335961,-0.3152450042092168,-42.009984824647354,-58.693115628850286,-26.487853084699367,-20.750605127250214,-31.337747207592628,-10.455011795941433,30.367938572740798,13.676541188458327,47.36854488508765,128.0,78.0,178.0
development_2023_2025,all,chronos2_synth_ft,basis_train_120m,0.030690181251374907,0.019893265196329776,0.04154516615637672,10000,-0.3900623654789632,-0.5790611150683624,-0.22377416764981953,-34.40275040927528,-50.527559801548,-19.865192046471357,-20.359765500986725,-30.51074503402623,-10.556953289620079,29.735765408136402,15.453497836888893,44.90174475391916,68.0,26.0,110.0
development_2023_2025,all,chronos2_synth_ft,chronos2_synth_zs,-0.0028695738975250957,-0.005614860073374686,-0.00024465765505265157,10000,-0.015896282095310243,-0.10978602458002425,0.07113668279001126,8.30000082161274,1.520436705867897,15.122335045716413,12.437695006956309,6.566837594684063,18.988093521050228,-4.10423591163773,-11.870753184436474,4.1963832490913635,94.0,40.0,148.0
development_2023_2025,all,chronos2_synth_ft_hgb_aug,baseline_reproduction,0.0011726424713792913,-0.0041409913152666575,0.006389415002339573,10000,-0.09457263337026411,-0.20299547956640357,0.010705565728141804,-13.10877160194611,-23.721114688846658,-2.956698759555522,-3.861883147503079,-10.381758666255864,2.3843397594378035,11.79342857543729,-0.7111678542019727,25.596823954624423,89.0,59.0,119.0
development_2023_2025,all,chronos2_synth_ft_hgb_aug,basis_train_120m,0.006938824584667105,0.0026712607541250536,0.011595779975562952,10000,-0.030352155867870545,-0.1334738747776615,0.06658839416307169,-5.5015371865740335,-15.315786362882788,3.977691320124837,-3.47104352123959,-10.159133456731785,3.135615963065804,11.161255410832894,0.6897752770538866,22.37994342323411,29.0,0.0,59.0
development_2023_2025,all,chronos2_synth_ft_hgb_aug,chronos2_synth_zs_hgb_aug,0.0012703505855157294,-0.0036760393958009006,0.006071701909516596,10000,-0.09569451016438801,-0.19497429525587623,0.007320666080686794,-15.736610904600909,-26.081296588849877,-6.091796535664475,-6.052710145995473,-12.220029185451265,-0.10886724241003912,13.420985844815903,1.6653091597859004,26.580053257988823,102.0,72.0,131.0
development_2023_2025,all,chronos2_synth_zs,baseline_reproduction,0.027793573035612192,0.015925965850519922,0.039825932834019175,10000,-0.43838656088604655,-0.5853382210068803,-0.29374439768587385,-50.309985646260095,-69.12183925088482,-33.39541852239559,-33.18830013420652,-46.202288657384244,-21.322708317355108,34.47217448437853,14.868058245216911,54.194665691335835,34.0,-38.0,103.0
development_2023_2025,all,chronos2_synth_zs,basis_train_120m,0.0335597551489,0.021689763604650036,0.04540059487391723,10000,-0.374166083383653,-0.5315697693857345,-0.23113820429639398,-42.70275123088802,-60.46480618900917,-27.140134513751683,-32.797460507943036,-45.10552427032228,-21.724485355582942,33.84000131977413,19.829769800934294,48.773798612972605,-26.0,-90.0,35.0
development_2023_2025,all,chronos2_synth_zs_hgb_aug,baseline_reproduction,-9.770811413643797e-05,-0.0014212373702767525,0.0012987743204061406,10000,0.0011218767941238994,-0.06072603017954831,0.06441803073048946,2.627839302654799,-2.5790287783011308,7.912567136041892,2.190826998492394,-0.9825622724665853,5.816369543762544,-1.6275572693786131,-5.6267854324146,3.3644005840122087,-13.0,-31.0,5.0
development_2023_2025,all,chronos2_synth_zs_hgb_aug,basis_train_120m,0.005668473999151373,-9.24557544739268e-05,0.011796840886082002,10000,0.06534235429651747,-0.05486544626334312,0.18065681894366614,10.235073718026875,1.985785559001644,18.42807214616102,2.581666624755883,-4.283339954466017,9.403743209406809,-2.259730433983009,-12.579006022056237,7.5804200052008825,-73.0,-106.0,-38.0
development_2023_2025,all,historical_path,baseline_reproduction,0.026924406117594814,0.01387419484128378,0.04048652033123762,10000,-0.41918907458559085,-0.5565474092617827,-0.28203689738340654,-54.74295420137113,-73.30518787803321,-36.128678971062186,-26.784967693649392,-37.570609901616436,-16.402083977338,39.89724106238636,21.757690793254607,59.5153998466794,0.0,-85.0,85.0
development_2023_2025,all,historical_path,basis_train_120m,0.03269058823088262,0.021264937042307263,0.04421308687965774,10000,-0.3549685970831973,-0.5135391360204145,-0.20143082323274034,-47.13571978599905,-64.70847880235071,-30.02512111394306,-26.394128067385903,-36.650645345157656,-17.008532612636905,39.26506789778196,22.199142452979803,57.59825797848869,-60.0,-139.0,22.0
development_2023_2025,KZT,baseline_reproduction,basis_train_120m,0.0065773255507013215,0.0003781089473593712,0.012979850249211423,10000,0.10967081649418131,-0.12050152620408483,0.32240108992244615,12.06580796191648,-2.9208607036866336,27.16687582298359,2.1029224310355055,-7.590397728170575,11.05202204153556,-6.279819904325208,-23.251067135952724,9.743981510092318,-16.0,-25.0,-6.0
development_2023_2025,KZT,basis_train_120m,baseline_reproduction,-0.0065773255507013215,-0.012979850249211425,-0.00037810894735937237,10000,-0.10967081649418131,-0.3224010899224462,0.12050152620408475,-12.06580796191648,-27.16687582298359,2.9208607036866265,-2.1029224310355055,-11.052022041535563,7.590397728170569,6.279819904325208,-9.743981510092327,23.251067135952724,16.0,6.0,25.0
development_2023_2025,KZT,chronos2_small_ft,baseline_reproduction,0.019825473083731334,0.009831664243653287,0.03016923806191816,10000,-0.6426672684698824,-0.9652843420632574,-0.3414697949061188,-38.242148746344064,-60.8190373671466,-15.751311136379178,-15.052195166789598,-31.182162777892177,1.682149897320159,24.220026372806117,4.005992070942868,45.677293797714015,36.0,23.0,49.0
development_2023_2025,KZT,chronos2_small_ft,basis_train_120m,0.02640279863443266,0.01684694697381751,0.03648843430941538,10000,-0.5329964519757011,-0.8349318358596622,-0.2587434098921428,-26.176340784427587,-43.788031970861084,-9.729353973935455,-12.949272735754093,-25.618026839660853,0.32359094012779827,17.94020646848091,3.2427252851034356,33.01382941492697,20.0,10.0,30.0
development_2023_2025,KZT,chronos2_small_ft,chronos2_small_zs,0.0007277745476169812,-0.003198156331537823,0.004720588784673186,10000,0.09881127392777922,-0.1974575448510852,0.40042331215700727,3.3398133736198727,-11.529071027080299,18.241366958394117,10.377386244729731,-0.6553477837844331,22.17472565575338,0.36785572772880926,-13.613206564684335,13.88336845985069,4.0,-11.0,21.0
development_2023_2025,KZT,chronos2_small_ft_hgb_aug,baseline_reproduction,-0.0011193401678856907,-0.007026115149043022,0.004736244083772212,10000,-0.3819971153963022,-0.6104711508310551,-0.16979331330487793,-16.490631547859223,-33.85493275648558,0.32758752577573014,-1.70229267530544,-10.672238037334592,7.497091090587683,16.527144207810522,-3.7208288325625927,37.70806937447964,27.0,17.0,38.0
development_2023_2025,KZT,chronos2_small_ft_hgb_aug,basis_train_120m,0.005457985382815634,-0.0001781181585774639,0.011156711937277741,10000,-0.2723262989021209,-0.5045265203320607,-0.0609758311579788,-4.424823585942743,-21.41680460625441,13.025482895293486,0.40062975573006554,-11.377278699093916,12.569563248508935,10.247324303485314,-8.422943167257346,31.91358046967582,11.0,3.0,19.0
development_2023_2025,KZT,chronos2_small_ft_hgb_aug,chronos2_small_zs_hgb_aug,-0.004429745959914743,-0.011068168467190595,0.001870563799101109,10000,-0.38437841716429055,-0.6133499940171597,-0.1724128452756706,-25.202177354494403,-40.92781346726086,-9.35274195819443,-8.534131484676617,-17.974221179063786,0.9663779202718409,25.404718494642523,8.613045930312948,43.45287893163435,26.0,16.0,37.0
development_2023_2025,KZT,chronos2_small_zs,baseline_reproduction,0.019097698536114354,0.009328993594152301,0.029289422039023325,10000,-0.7414785423976616,-1.0282690506919296,-0.4465439482199446,-41.58196211996394,-60.88626890138505,-24.421942929298922,-25.42958141151933,-39.90882221946364,-11.199964772215461,23.852170645077308,3.8457777539841116,44.21872615124464,32.0,13.0,49.0
development_2023_2025,KZT,chronos2_small_zs,basis_train_120m,0.02567502408681568,0.015658371423733046,0.036177329885535,10000,-0.6318077259034803,-0.9675731924271299,-0.31127892941493013,-29.51615415804746,-49.21299007860689,-12.099406168061476,-23.326658980483824,-38.991659616768644,-7.916388357856149,17.5723507407521,-0.5411760892258429,37.19515649179918,16.0,0.0,31.0
development_2023_2025,KZT,chronos2_small_zs_hgb_aug,baseline_reproduction,0.0033104057920290524,0.0011136089491434638,0.005654703708922014,10000,0.002381301767988342,-0.10969622683312164,0.12173565501034722,8.71154580663518,-5.427338175844715,24.93112850288112,6.8318388093711775,-3.662972234304023,18.61195670486986,-8.877574286832001,-24.296541550893483,4.910675696331685,1.0,-5.0,7.0
development_2023_2025,KZT,chronos2_small_zs_hgb_aug,basis_train_120m,0.009887731342730374,0.0030859563983091673,0.01683833289124651,10000,0.11205211826216965,-0.0897283094526027,0.29457021485417867,20.77735376855166,4.475119281086234,38.853182142891484,8.934761240406683,-1.7653295974298435,21.223096488305053,-15.15739419115721,-35.132038572150776,2.5902300628546797,-15.0,-25.0,-5.0
development_2023_2025,KZT,chronos2_synth_ft,baseline_reproduction,0.017018327537942583,0.00710042737230529,0.026974739990879612,10000,-0.6485380698808529,-0.974485345005575,-0.3300448782933963,-39.819104967648755,-61.194120383322634,-18.05958842883989,-15.84075744734451,-31.673692744033314,1.2496817283615247,28.070457679018887,7.971314057259017,48.5240364510998,28.0,14.0,42.0
development_2023_2025,KZT,chronos2_synth_ft,basis_train_120m,0.023595653088643906,0.014726576938413238,0.03277933784215876,10000,-0.5388672533866716,-0.8741647645163145,-0.22177845189042952,-27.753297005732275,-45.132027646991325,-10.828981998012631,-13.737835016309004,-27.050281638259598,-0.40289147877390014,21.79063777469368,7.002093024332208,37.123706046864605,12.0,-1.0,25.0
development_2023_2025,KZT,chronos2_synth_ft,chronos2_synth_zs,-0.0013243193292121432,-0.0050419854030170205,0.0023183097747384645,10000,0.04789345717229854,-0.21745456786416012,0.30844722972556204,1.3486465860585524,-13.659012306337301,18.288492215668224,5.681236818882154,-7.977331268543278,20.01787697373677,-2.587202412476458,-20.28480071525823,14.327552306634951,11.0,-5.0,27.0
development_2023_2025,KZT,chronos2_synth_ft_hgb_aug,baseline_reproduction,0.0006892160868067401,-0.005250869853740348,0.006794900504205464,10000,-0.31654159999312204,-0.5891210762415282,-0.05258410110628879,-17.857674487701683,-40.05221073704545,4.219105554588522,-4.365832892254733,-18.509168957352625,10.6441352687212,16.817712261445877,-4.178869953115188,39.05662718470011,24.0,14.0,35.0
development_2023_2025,KZT,chronos2_synth_ft_hgb_aug,basis_train_120m,0.0072665416375080625,0.0016542325304850644,0.012966602474331143,10000,-0.20687078349894072,-0.4470450184137204,0.02058376873356261,-5.791866525785203,-23.950839396765055,11.833761866996243,-2.262910461219228,-13.27084812770545,8.927536613404904,10.537892357120668,-9.17154303727535,34.0867265019067,8.0,0.0,16.0
development_2023_2025,KZT,chronos2_synth_ft_hgb_aug,chronos2_synth_zs_hgb_aug,0.0018214981906552615,-0.003881959529401621,0.007956625892400787,10000,-0.318745466312609,-0.5462066951883328,-0.07003006536660157,-25.834858940279116,-45.28094326680654,-5.221092328565922,-11.17598265948159,-22.67966130873757,1.7348047546750776,17.407275874195705,-4.517759080362454,39.40466306955532,30.0,19.0,41.0
development_2023_2025,KZT,chronos2_synth_ft_kzt,baseline_reproduction,0.015013720519605384,0.004494939536947663,0.02569677427758424,10000,-0.47791426805039783,-0.7753722044428873,-0.16327579498937111,-30.36116765927914,-51.19849160543994,-9.329726283995099,-7.921386856424341,-23.24544042693565,7.838256291895335,22.456230541958334,2.101938664829384,42.94316122078548,25.0,12.0,38.0
development_2023_2025,KZT,chronos2_synth_ft_kzt,basis_train_120m,0.021591046070306704,0.012232222259993202,0.03138812877804181,10000,-0.3682434515562165,-0.7029486261859127,-0.029845446221564924,-18.295359697362656,-39.29954822898251,2.189099034252272,-5.818464425388836,-21.135287468130738,10.042332153247827,16.176410637633126,-4.882762738619431,38.8876398290723,9.0,-1.0,19.0
development_2023_2025,KZT,chronos2_synth_ft_kzt,chronos2_synth_ft,-0.002004607018337197,-0.004549607074935557,0.0006887174682120682,10000,0.1706238018304551,-0.0938166205912187,0.4560253197436358,9.457937308369615,-4.596024603653764,23.351712105352906,7.919370590920169,-3.1987256958611647,19.047401264379502,-5.614227137060553,-20.627008592883474,9.262975216755612,-3.0,-13.0,7.0
development_2023_2025,KZT,chronos2_synth_ft_kzt_hgb_aug,baseline_reproduction,-0.00431907065850181,-0.011884672134546723,0.0036937830872138203,10000,-0.2481754513095613,-0.5681192157124683,0.08565953686464277,-11.795138072067775,-31.53693423573866,7.469150537524956,0.033436997873710794,-14.077034064027394,15.792000964307274,7.591198444602696,-8.932192754924085,23.81349177530421,17.0,6.0,29.0
development_2023_2025,KZT,chronos2_synth_ft_kzt_hgb_aug,basis_train_120m,0.0022582548921995125,-0.003574534634457001,0.008339093602481619,10000,-0.13850463481538,-0.395424122461511,0.10121693156938275,0.27066988984870477,-16.75128505912825,17.886856755245788,2.1363594289092163,-9.785294362774211,15.258136565327659,1.311378540277488,-15.073591790502322,16.455072531056924,1.0,-7.0,10.0
development_2023_2025,KZT,chronos2_synth_ft_kzt_hgb_aug,chronos2_synth_ft_hgb_aug,-0.00500828674530855,-0.009717751529179445,-0.00015215917360644732,10000,0.06836614868356072,-0.2222676190190241,0.3406827458572902,6.062536415633907,-14.280897224236378,25.401852368064876,4.399269890128444,-10.909352757945596,20.284493764314387,-9.22651381684318,-32.30226074939611,12.227083418143224,-7.0,-14.0,0.0
development_2023_2025,KZT,chronos2_synth_zs,baseline_reproduction,0.018342646867154724,0.008228910613175353,0.02907901680948373,10000,-0.6964315270531515,-1.024252084374579,-0.35956591312699404,-41.167751553707305,-63.742386991362146,-19.301729755795915,-21.521994266226663,-35.59956105366172,-6.928869608938428,30.657660091495345,2.6746920129805534,56.32891923849308,17.0,3.0,31.0
development_2023_2025,KZT,chronos2_synth_zs,basis_train_120m,0.024919972417856043,0.01483173874000149,0.035590024726384374,10000,-0.5867607105589702,-0.934656090968344,-0.25118223530292505,-29.101943591790825,-51.98944261815564,-7.841696127271632,-19.419071835191158,-34.95665102590516,-3.7368832948972064,24.377840187170136,0.10798331701627412,50.47387435745377,1.0,-12.0,13.0
development_2023_2025,KZT,chronos2_synth_zs_hgb_aug,baseline_reproduction,-0.0011322821038485214,-0.0031056791947958887,0.0006612225443694939,10000,0.002203866319486991,-0.17578901936763214,0.16074668135246503,7.977184452577433,-1.6766448978225241,19.42023201263355,6.810149767226857,-1.6966948176100667,18.341941070445035,-0.5895636127498278,-8.481703158119382,6.827316988487699,-6.0,-13.0,1.0
development_2023_2025,KZT,chronos2_synth_zs_hgb_aug,basis_train_120m,0.0054450434468528005,-0.0004224412414197803,0.011509538639957009,10000,0.1118746828136683,-0.13087159308238028,0.32004171986909996,20.042992414493913,4.51013888736908,34.40964049216757,8.913072198262363,0.24823719455577134,17.036219848834087,-6.869383517075036,-22.992031805913015,9.015323654586842,-22.0,-33.0,-10.0
development_2023_2025,KZT,historical_path,baseline_reproduction,0.01255964857789544,0.0009675983671507169,0.024991049279988815,10000,-0.6174025269949495,-0.9688912533244668,-0.2819865375634607,-50.0940731915096,-69.88054468714928,-29.117759484048655,-19.66283213733731,-33.07431510826791,-6.67436140699693,32.07671959210283,0.7607561741897313,63.66802237955017,-31.0,-55.0,-6.0
development_2023_2025,KZT,historical_path,basis_train_120m,0.01913697412859676,0.008859474755702463,0.03017036960598321,10000,-0.5077317105007682,-0.8684385921521949,-0.16785377426890868,-38.02826522959312,-58.36019171339239,-17.10479555695668,-17.559909706301806,-31.778636816133908,-4.5213563703750275,25.796899687777625,-3.5620199858753554,56.80508515936378,-47.0,-70.0,-23.0
inspected_diagnostic_2026,all,baseline_reproduction,basis_train_120m,-0.0017791586425529725,-0.01373071791806623,0.010755810387393235,10000,0.03834348932159393,-0.13395720995173635,0.3058553752122477,8.129978714271111,-1.2331058477037402,19.832766735098136,2.120009125139706,-6.4530269609893605,12.076617176108556,-6.011487682963676,-15.457901222889264,1.6832696952703756,-5.0,-13.0,3.0
inspected_diagnostic_2026,all,basis_train_120m,baseline_reproduction,0.0017791586425529725,-0.01075581038739324,0.013730717918066227,10000,-0.03834348932159393,-0.3058553752122477,0.1339572099517362,-8.129978714271111,-19.832766735098136,1.2331058477037402,-2.120009125139706,-12.076617176108556,6.453026960989355,6.011487682963676,-1.6832696952703756,15.45790122288926,5.0,-3.0,13.0
inspected_diagnostic_2026,all,chronos2_small_ft,baseline_reproduction,0.037280086553738996,0.017151634500280993,0.055666641394607266,10000,-0.24869265156122222,-0.6595296450822277,-0.025593103433879317,-26.41082054259111,-45.11777572017593,-10.9811168594624,-17.450014588070236,-29.07132921147241,-8.04501553377278,25.307300559674587,13.680851272114523,36.85223443516943,3.0,-17.0,22.0
inspected_diagnostic_2026,all,chronos2_small_ft,basis_train_120m,0.035500927911186024,0.016001491776673413,0.05644854281885276,10000,-0.2103491622396283,-0.6418694568384563,0.06256296650810073,-18.28084182832,-37.544409852869386,-0.17179137813218048,-15.33000546293053,-26.138267019838707,-6.0496969977856185,19.29581287671091,2.6265118069879207,33.2634443822954,-2.0,-25.0,18.0
inspected_diagnostic_2026,all,chronos2_small_ft,chronos2_small_zs,0.00491948387581196,-0.0016066926944744082,0.012537449788369874,10000,0.13792495981969677,-0.1247152956939644,0.5384168805427032,11.444586279074608,0.6830360489761839,22.55185962387706,9.718633459581879,1.380236639461522,17.720779683980034,-4.629695159973394,-16.789337601375244,5.606148437819686,-10.0,-30.0,10.0
inspected_diagnostic_2026,all,chronos2_small_ft_hgb_aug,baseline_reproduction,0.0028110720478801365,-0.0030127882026916588,0.009374242095271677,10000,-0.039647547522592363,-0.0989051085103203,0.009097308715734179,-6.071423448384742,-11.70928427061344,-0.05912966507315787,-3.009114419942211,-7.282652203765984,0.3251563567593493,4.030183676029111,-2.653582352755791,10.246091840819242,5.0,0.0,10.0
inspected_diagnostic_2026,all,chronos2_small_ft_hgb_aug,basis_train_120m,0.001031913405327163,-0.010600786368591152,0.014434056634590688,10000,-0.001304058200998437,-0.18979471205269194,0.2396318308298122,2.058555265886369,-5.991525768160141,9.751400380256815,-0.8891052948025049,-6.884203193652134,5.281596002215521,-1.9813040069345647,-9.65608027235332,5.004456164313705,0.0,-4.0,4.0
inspected_diagnostic_2026,all,chronos2_small_ft_hgb_aug,chronos2_small_zs_hgb_aug,0.003674147154855784,-0.002016146035399157,0.01027166231287515,10000,-0.04779325463229478,-0.10827207598660893,-0.01105312745512177,-4.632965528037346,-10.657667259698478,1.0139197870243315,-1.46850724835992,-6.4636806511977385,2.9254944267106104,4.658366423654385,-1.9756047411097768,10.289079833905134,4.0,0.0,10.0
inspected_diagnostic_2026,all,chronos2_small_zs,baseline_reproduction,0.032360602677927036,0.01588833255203382,0.04650177270191135,10000,-0.386617611380919,-1.067729118784064,-0.005198023614170877,-37.855406821665724,-49.10197698758634,-24.304721138554736,-27.168648047652116,-35.867786244608716,-18.90747265187851,29.93699571964798,19.02986282757775,38.37374888719262,13.0,1.0,26.0
inspected_diagnostic_2026,all,chronos2_small_zs,basis_train_120m,0.03058144403537406,0.012878285797241323,0.0501873017609625,10000,-0.34827412205932506,-0.9837720857039793,0.013334537997778284,-29.72542810739461,-42.60249897556153,-18.0022301649982,-25.04863892251241,-36.423303619161075,-16.61259941130127,23.925508036684306,16.738210268039765,31.05017946271509,8.0,-2.0,18.0
inspected_diagnostic_2026,all,chronos2_small_zs_hgb_aug,baseline_reproduction,-0.0008630751069756469,-0.00165803725989509,-9.204039567515156e-05,10000,0.008145707109702416,-0.03754967634498141,0.07469047362285774,-1.4384579203473962,-3.5327391474979017,0.20473569592584806,-1.540607171582291,-5.0115918992077955,1.3666020117938888,-0.6281827476252744,-3.8687515539630795,3.0009103063113685,1.0,-2.0,4.0
inspected_diagnostic_2026,all,chronos2_small_zs_hgb_aug,basis_train_120m,-0.0026422337495286183,-0.013991004479928218,0.009565922712524816,10000,0.04648919643129634,-0.11998820760962992,0.31235095834498017,6.691520793923715,-3.7467359211551248,19.431286125198373,0.5794019535574151,-9.683055635641988,11.508665969105486,-6.63967043058895,-17.43977597800007,1.9068826840991164,-4.0,-12.0,3.0
inspected_diagnostic_2026,all,chronos2_synth_ft,baseline_reproduction,0.03454137295093313,0.012661284916555477,0.05276231471298179,10000,-0.4572531329319123,-0.8967630917324172,-0.17934955640987738,-35.62304018667398,-52.813399930352944,-20.594792076255374,-20.420511434390768,-33.60242268353425,-7.738233611509101,30.569845976713054,21.27651342890333,38.2398947146483,7.0,-9.0,22.0
inspected_diagnostic_2026,all,chronos2_synth_ft,basis_train_120m,0.03276221430838016,0.013504678280062972,0.05189123842597976,10000,-0.41890964361031835,-0.7982973696917459,-0.1563042388104412,-27.49306147240287,-45.158524753877956,-10.990534882913177,-18.300502309251062,-32.04717262430474,-5.4575620702921395,24.55835829374938,11.289715390287897,36.128150908023564,2.0,-16.0,18.0
inspected_diagnostic_2026,all,chronos2_synth_ft,chronos2_synth_zs,0.014449048024578108,-0.01243801340062516,0.04428739417581351,10000,-0.17439717166558455,-0.3972482444684193,0.05234929627765683,-6.967944736250599,-13.888939122081183,0.3066494336557257,-1.0691287038241377,-11.965760268638142,11.048712887857059,8.039364833163603,-1.1557888018633093,16.33873146136328,-13.0,-25.0,-4.0
inspected_diagnostic_2026,all,chronos2_synth_ft_hgb_aug,baseline_reproduction,0.00504110561776918,0.00037845204030306307,0.010298190815892734,10000,-0.03165336008451214,-0.0947247966905791,0.029752108961503383,-5.068442868070598,-11.521962251137566,0.18313631793527918,-0.765908512230542,-7.120758309979194,5.750222045940745,2.177806884333947,-2.0016164748894947,6.084930208552649,2.0,-4.0,8.0
inspected_diagnostic_2026,all,chronos2_synth_ft_hgb_aug,basis_train_120m,0.003261946975216208,-0.008633537244437644,0.017480939396135337,10000,0.006690129237081788,-0.164768525720195,0.24022458538395514,3.0615358462005133,-1.8336117246236092,8.690513333309644,1.3541006129091642,-3.919993907582139,6.546899391937312,-3.8336807986297288,-10.014107780348809,1.3076491514396835,-3.0,-6.0,-1.0
inspected_diagnostic_2026,all,chronos2_synth_ft_hgb_aug,chronos2_synth_zs_hgb_aug,0.005069115615598792,0.00013043943133997352,0.010682631438143535,10000,-0.008714204342105791,-0.1021898997787325,0.10421159516360667,-2.218397671496362,-6.948793408463792,2.589949200757132,-0.7534829468727864,-5.033021158306841,3.3289914931500917,-1.9833593059350108,-5.609563381372939,1.6139411180180472,-1.0,-8.0,5.0
inspected_diagnostic_2026,all,chronos2_synth_zs,baseline_reproduction,0.02009232492635502,0.0018175553478438995,0.03917188183322444,10000,-0.2828559612663277,-0.7357574292949363,0.010678401844971264,-28.65509545042338,-41.92600485607644,-17.368222441237883,-19.35138273056663,-28.83027852276812,-11.331683653118347,22.53048114354945,13.809266289833742,30.65987001913119,20.0,9.0,32.0
inspected_diagnostic_2026,all,chronos2_synth_zs,basis_train_120m,0.018313166283802047,-0.0002173675632069417,0.03828291494444169,10000,-0.2445124719447338,-0.6781279441229849,0.059355827337472855,-20.52511673615227,-33.319519814081005,-7.334566795565323,-17.231373605426924,-24.86678225497301,-8.981906120485203,16.518993460585776,1.496961397693005,27.516911545329393,15.0,4.0,26.0
inspected_diagnostic_2026,all,chronos2_synth_zs_hgb_aug,baseline_reproduction,-2.800999782961202e-05,-0.0011163658638961413,0.0008974309583786112,10000,-0.022939155742406347,-0.13752749710412396,0.061216315117497366,-2.8500451965742357,-7.3483905620955685,2.022064636673513,-0.01242556535775563,-3.5495454941373623,3.384086571166915,4.161166190268958,-1.249509607449987,9.448899922819919,3.0,-2.0,10.0
inspected_diagnostic_2026,all,chronos2_synth_zs_hgb_aug,basis_train_120m,-0.0018071686403825851,-0.012954283669123231,0.009748830172623997,10000,0.015404333579187579,-0.13238249938773677,0.21168865173954732,5.279933517696875,-2.9376509285975843,14.040143398797536,2.1075835597819506,-4.215582174531752,9.197321140840682,-1.850321492694718,-9.006400247363985,4.638981985640811,-2.0,-9.0,5.0
inspected_diagnostic_2026,all,historical_path,baseline_reproduction,0.022620431230182966,0.009704563821205237,0.03401632377967278,10000,-0.03774780970245306,-0.7307260967894693,0.2719944210854639,-11.784773065537294,-44.225925437302436,8.808851695459749,-33.502231831669604,-49.73274003413499,-22.84485307511682,23.19404486582478,9.114881257334297,64.20964663991724,-87.0,-120.0,-50.0
inspected_diagnostic_2026,all,historical_path,basis_train_120m,0.02084127258762999,0.010863861472726884,0.03208718367798613,10000,0.0005956796191408653,-0.7658990938914148,0.44752478658047273,-3.654794351266183,-42.01369710908722,21.544853036084785,-31.382222706529895,-49.753452830805266,-18.58719818263617,17.182557182861103,0.7292107740666695,54.12689583221166,-92.0,-128.0,-51.0
inspected_diagnostic_2026,KZT,baseline_reproduction,basis_train_120m,0.002007798566170547,-0.009097701162191836,0.01603889914721776,10000,-0.21221502955249094,-0.9359894832642328,0.10275689223057649,-0.09536473852427818,-4.695155464509714,4.850712885670878,-6.761923550352556,-12.421194906676961,-1.1895781817819575,-1.7537532090537695,-11.184205327933853,8.957268949996076,-1.0,-4.0,2.0
inspected_diagnostic_2026,KZT,basis_train_120m,baseline_reproduction,-0.002007798566170547,-0.01603889914721776,0.009097701162191836,10000,0.21221502955249094,-0.10275689223057649,0.9359894832642328,0.09536473852427818,-4.8507128856708785,4.695155464509713,6.761923550352556,1.1895781817819533,12.421194906676957,1.7537532090537695,-8.957268949996099,11.184205327933853,1.0,-2.0,4.0
inspected_diagnostic_2026,KZT,chronos2_small_ft,baseline_reproduction,0.023723369697913978,-0.003511066523009735,0.04851085637324058,10000,0.09952153110047846,-0.23259566561169412,0.48922151295032645,-5.256998828253938,-35.93701069975969,13.993456219114876,-0.4744941645733931,-26.25545282588272,18.549298867513123,13.23193024645883,-6.006572867799235,37.78216715819018,2.0,-2.0,7.0
inspected_diagnostic_2026,KZT,chronos2_small_ft,basis_train_120m,0.025731168264084527,-0.0018522381851204886,0.05415872224575624,10000,-0.11269349845201249,-0.8675721561969439,0.32526148922810016,-5.352363566778216,-35.645736669324464,13.593645583109847,-7.236417714925949,-32.27647643202256,11.293625945940827,11.478177037405061,-8.836124208508382,36.29124147401856,1.0,-4.0,6.0
inspected_diagnostic_2026,KZT,chronos2_small_ft,chronos2_small_zs,0.006210910934191681,-0.001963020635495117,0.015811296043286065,10000,0.15099818511796725,-0.2670250896057349,0.5387992239957724,33.922707367956924,-0.3995974008659156,55.58919428963068,25.521883792479578,-9.43362498100832,51.36510960762958,-27.642709562595172,-43.731813801108,-2.5906969342499857,6.0,0.0,13.0
inspected_diagnostic_2026,KZT,chronos2_small_ft_hgb_aug,baseline_reproduction,0.004321354757199391,-0.0037138694076202794,0.012670983635608429,10000,0.02132604237867386,-0.14659090909090922,0.28514282660138196,-9.895954724145131,-22.59229923231135,0.3084644854725903,-2.0200627074503323,-10.310593576362718,4.840155464673815,7.727531289478918,-6.76585160921455,22.890819035578374,2.0,-2.0,5.0
inspected_diagnostic_2026,KZT,chronos2_small_ft_hgb_aug,basis_train_120m,0.006329153323369936,-0.008347416149201299,0.025802511949171828,10000,-0.19088898717381708,-0.6794594376212023,0.0,-9.99131946266941,-24.802292664882785,0.0,-8.781986257802888,-20.988346556415173,0.0,5.973778080425149,0.0,13.946471537051163,1.0,0.0,3.0
inspected_diagnostic_2026,KZT,chronos2_small_ft_hgb_aug,chronos2_small_zs_hgb_aug,0.004467571617172816,-0.002793094137036634,0.0114639565797999,10000,0.02132604237867386,-0.14659090909090922,0.28514282660138196,-12.535341048631768,-24.872455027434434,-1.6208191022797749,-5.398642875274632,-14.070231761275494,2.0564902853473708,13.60739875227965,0.5946403903791667,25.82117664631224,2.0,-2.0,5.0
inspected_diagnostic_2026,KZT,chronos2_small_zs,baseline_reproduction,0.017512458763722292,-0.0036469812616155154,0.03616664262250852,10000,-0.0514766540174888,-0.22732703377864671,0.1607142857142856,-39.17970619621086,-58.549512921527224,-13.523344202767765,-25.99637795705297,-42.43858056994111,-7.571861037245055,40.874639809054,16.044144020985073,65.98746455602827,-4.0,-7.0,0.0
inspected_diagnostic_2026,KZT,chronos2_small_zs,basis_train_120m,0.019520257329892845,-0.002711396902873668,0.04191907478740514,10000,-0.26369168356997974,-1.0345037239702082,0.15091492171288423,-39.27507093473514,-56.958661565577245,-15.625352522913794,-32.75830150740553,-49.67859535035237,-15.419873314660958,39.12088660000023,12.271218697731918,64.78507176764744,-5.0,-7.0,-2.0
inspected_diagnostic_2026,KZT,chronos2_small_zs_hgb_aug,baseline_reproduction,-0.00014621685997342535,-0.0019032618622958873,0.001899513775477799,10000,0.0,0.0,0.0,2.6393863244866367,0.0,6.437585053560575,3.3785801678242997,0.0,8.067976525648543,-5.879867462800732,-14.479466142232312,0.0,0.0,0.0,0.0
inspected_diagnostic_2026,KZT,chronos2_small_zs_hgb_aug,basis_train_120m,0.001861581706197119,-0.009544888993186543,0.01735462406054878,10000,-0.21221502955249094,-0.9359894832642328,0.10275689223057649,2.5440215859623585,-3.796768551679451,9.951591015765423,-3.383343382528256,-10.94152468173411,5.0668986587079194,-7.633620671854501,-16.117800037307802,2.4476950617720803,-1.0,-4.0,2.0
inspected_diagnostic_2026,KZT,chronos2_synth_ft,baseline_reproduction,0.024435608722516818,0.0007852517377917759,0.04679669334325875,10000,-0.05892722236212544,-0.3278488290662795,0.19188066503123274,-33.95535505270241,-68.53315698540794,-5.664828932330149,-18.954410820784446,-46.05268369443411,2.277811139559949,33.94732191513867,10.586013959966493,63.701139124805195,5.0,2.0,7.0
inspected_diagnostic_2026,KZT,chronos2_synth_ft,basis_train_120m,0.026443407288687364,0.0024703479225700277,0.05009482475768396,10000,-0.2711422519146164,-0.8588526020432493,6.59195781139554e-05,-34.05071979122668,-68.3014792334446,-7.327917416876877,-25.716334371137002,-50.92284085428098,-5.266490376183661,32.1935687060849,12.950169926376269,59.69201783229715,4.0,1.0,7.0
inspected_diagnostic_2026,KZT,chronos2_synth_ft,chronos2_synth_zs,0.024699084971943695,-0.0009758263996837194,0.052988038003877795,10000,-0.21606648199445988,-0.8694304403606729,0.09196609678354083,-27.21957971272618,-70.45064787966763,8.587857714960752,-24.190217743949873,-59.478248013595596,5.4835179369282026,26.008553655367024,-9.690884643393701,67.41068265544402,0.0,0.0,0.0
inspected_diagnostic_2026,KZT,chronos2_synth_ft_hgb_aug,baseline_reproduction,0.005662597412813412,-0.002612236085884039,0.01468858911195201,10000,-0.054425837320574155,-0.24286822024593754,0.28844944429384634,-0.39820944907085476,-21.184694446240186,21.217019307108547,6.46960158215763,-10.28621420652253,26.61784052569624,-7.4440040014229965,-26.14424605226249,9.325101491760734,-1.0,-3.0,0.0
inspected_diagnostic_2026,KZT,chronos2_synth_ft_hgb_aug,basis_train_120m,0.007670395978983959,-0.009550338461284514,0.029131140649044252,10000,-0.2666408668730651,-0.6768358756355757,-0.03578785991735222,-0.49357418759513294,-23.87607609043082,19.486520973527526,-0.2923219681949263,-19.470675775577668,19.135430372173463,-9.197757210476766,-31.17814438051981,6.642042989422866,-2.0,-4.0,0.0
inspected_diagnostic_2026,KZT,chronos2_synth_ft_hgb_aug,chronos2_synth_zs_hgb_aug,0.005772531927865926,-0.002455472299193141,0.014825750087567757,10000,-0.054425837320574155,-0.24286822024593754,0.28844944429384634,-4.905861421985826,-25.478832455655194,14.18521212041712,-0.5533205994421415,-17.13886948925673,16.05841223203742,-0.14440842712194524,-17.44474914582102,16.520392079045195,-1.0,-3.0,0.0
inspected_diagnostic_2026,KZT,chronos2_synth_ft_kzt,baseline_reproduction,0.027780302559777044,-0.0039165813873766496,0.05653315318527217,10000,0.1275917065390748,-0.18023093995020362,0.8606921418822191,-11.130041545757937,-39.11010070487441,17.399672396254907,2.3181011260170763,-18.089538803836994,26.078148586200186,10.08829635707879,-9.59800352197891,29.56767191823952,6.0,4.0,8.0
inspected_diagnostic_2026,KZT,chronos2_synth_ft_kzt,basis_train_120m,0.029788101125947597,-0.000872964248046848,0.058586399058121796,10000,-0.08462332301341613,-0.2900684172570472,0.15839598997493742,-11.225406284282215,-37.80192687377407,15.864491158490832,-4.44382242433548,-23.659831616364844,17.588807053167578,8.33454314802502,-18.796023209748626,33.141195062629606,5.0,2.0,7.0
inspected_diagnostic_2026,KZT,chronos2_synth_ft_kzt,chronos2_synth_ft,0.0033446938372602383,-0.00565482185850038,0.011210064779623947,10000,0.18651892890120025,-0.10126582278481011,0.79476502082094,22.825313506944468,-10.702374711429442,62.93610597250161,21.272511946801522,-6.291864043704547,53.58922451661593,-23.859025558059884,-63.18484765844455,10.410856551494184,1.0,0.0,3.0
inspected_diagnostic_2026,KZT,chronos2_synth_ft_kzt_hgb_aug,baseline_reproduction,0.0020379868683835798,-0.002729717502925849,0.007315208840357137,10000,0.08293460925039864,-0.10470267166695744,0.3827749086286347,7.730393855944023,-5.111762143159602,26.073149252600444,12.390422539430215,0.8708370375411114,30.132643306413932,-10.062028927459608,-28.30952901950127,5.1104557570578635,0.0,-3.0,3.0
inspected_diagnostic_2026,KZT,chronos2_synth_ft_kzt_hgb_aug,basis_train_120m,0.004045785434554128,-0.00681070102678483,0.018368522803785252,10000,-0.1292804203020923,-0.5638385997642508,0.0,7.635029117419744,-3.355796377530737,23.845058974444026,5.628498989077659,-5.051621039476384,21.089872393867626,-11.815782136513377,-33.54241793856501,0.0,-1.0,-3.0,0.0
inspected_diagnostic_2026,KZT,chronos2_synth_ft_kzt_hgb_aug,chronos2_synth_ft_hgb_aug,-0.003624610544429832,-0.012192394447013793,0.004064417554306198,10000,0.1373604465709728,0.0,0.26724137931034475,8.128603305014877,0.0,22.599031240084702,5.920820957272586,0.0,15.87832525753223,-2.618024926036611,-8.0711407671198,1.2067372299435262,1.0,0.0,3.0
inspected_diagnostic_2026,KZT,chronos2_synth_zs,baseline_reproduction,-0.0002634762494268791,-0.01821746652884044,0.01571764265827488,10000,0.15713925963233444,-0.1421596278208092,0.8896765629293887,-6.735775339976225,-31.65148889161155,19.97077381818498,5.235806923165427,-13.662963437477142,28.35681774605136,7.938768259771649,-11.13603148961441,27.273714938349464,5.0,2.0,7.0
inspected_diagnostic_2026,KZT,chronos2_synth_zs,basis_train_120m,0.0017443223167436684,-0.014386644670296544,0.013832114675447527,10000,-0.0550757699201565,-0.2507658341539922,0.18966670132471675,-6.831140078500503,-30.019637372530937,18.37862429622327,-1.526116627187129,-19.64410193640741,19.873344259384282,6.18501505071788,-20.26453181410438,30.27564420944995,4.0,1.0,7.0
inspected_diagnostic_2026,KZT,chronos2_synth_zs_hgb_aug,baseline_reproduction,-0.00010993451505251044,-0.0018654514688367224,0.0017077585589128463,10000,0.0,0.0,0.0,4.507651972914971,1.0025249193729309,8.816225763912124,7.022922181599771,1.6443829180733636,13.484203853463125,-7.299595574301051,-15.59898731179942,-1.3014174355419637,0.0,0.0,0.0
inspected_diagnostic_2026,KZT,chronos2_synth_zs_hgb_aug,basis_train_120m,0.0018978640511180362,-0.009672803759893966,0.016154741225898658,10000,-0.21221502955249094,-0.9359894832642328,0.10275689223057649,4.412287234390693,-2.7634169949502834,11.089155684648883,0.26099863124721523,-6.426654249379863,7.680149659034171,-9.05334878335482,-18.713303715435444,2.4476950617720803,-1.0,-4.0,2.0
inspected_diagnostic_2026,KZT,historical_path,baseline_reproduction,0.004360891937752823,-0.014925661925797983,0.02171643260204113,10000,0.1317196735153392,-0.2738869701612768,0.5009615509938087,-32.16046881181639,-56.85179655728933,-3.763102294773978,-23.32472660250326,-49.3532326745253,0.9807230809733181,33.73545499892995,10.459532715225784,58.92566116971653,1.0,-8.0,9.0
inspected_diagnostic_2026,KZT,historical_path,basis_train_120m,0.00636869050392337,-0.006555840592706906,0.016730527939729956,10000,-0.08049535603715174,-0.99581298374613,0.40539471562759893,-32.255833550340675,-56.16237270257194,-6.154010326300369,-30.086650152855817,-53.815348619388125,-6.051892931578289,31.981701789876183,9.241079893616623,55.78079650419025,0.0,-8.0,7.0
