config_id,cutoff,mode,baseline,block,delta_brier,ci_low,ci_high,blocks,improved_years,lift_delta,lift_ci_low,lift_ci_high,forward_delta_bps_delta,forward_delta_bps_ci_low,forward_delta_bps_ci_high
catboost_treasury_halyk_120m_stable_matched,2025-01-01,bank_delayed,catboost_treasury_halyk_120m_full,month,0.003506774987569292,-0.0007043940262443108,0.007666568067312119,12,0,0.028037580047185706,-0.2813333378748085,0.28740455140134386,12.005146051089291,-6.236750982648869,28.958326018661392
catboost_treasury_halyk_120m_stable_matched,2025-01-01,bank_delayed,catboost_treasury_halyk_120m_full,20,0.003506774987569292,-0.0015423269662316495,0.008171837964751082,13,0,,,,,,
catboost_treasury_halyk_120m_stable_matched,2025-01-01,normal,catboost_treasury_halyk_120m_full,month,0.0069078918090302015,0.00344979906025299,0.010371795030701523,12,0,0.09379844961240291,-0.35846123688766796,0.642302530042607,14.031343804532696,-4.3576927447019935,32.80020629181386
catboost_treasury_halyk_120m_stable_matched,2025-01-01,normal,catboost_treasury_halyk_120m_full,20,0.0069078918090302015,0.0032135706055042594,0.01060884862090529,13,0,,,,,,
catboost_treasury_halyk_120m_stable_matched,2026-01-01,bank_delayed,catboost_treasury_halyk_120m_full,month,0.003139367128642181,-0.011445556594292791,0.01976942155023561,8,0,0.008943928448572391,-0.3715814822843311,0.5642362704764122,11.794088613889667,-3.0354283324987623,25.069975701934
catboost_treasury_halyk_120m_stable_matched,2026-01-01,bank_delayed,catboost_treasury_halyk_120m_full,20,0.003139367128642181,-0.01129559923891561,0.017536813094975044,8,0,,,,,,
catboost_treasury_halyk_120m_stable_matched,2026-01-01,normal,catboost_treasury_halyk_120m_full,month,0.003247890599176445,-0.015279070859717518,0.023589762792660205,8,0,-0.07582592845750735,-0.4247082830688243,0.34454230737433844,6.752069913895738,-25.832615304691245,29.788002230076533
catboost_treasury_halyk_120m_stable_matched,2026-01-01,normal,catboost_treasury_halyk_120m_full,20,0.003247890599176445,-0.01453729826883444,0.01864292820444664,8,0,,,,,,
catboost_treasury_halyk_24m_stable_matched,2025-01-01,bank_delayed,catboost_treasury_halyk_24m_full,month,-0.00013869354017015517,-0.003507970651035222,0.003521804056344462,12,1,0.11480539405684831,-0.5200356494861135,0.6543025448815882,13.85755440177973,-2.4700246942491675,29.169553053297086
catboost_treasury_halyk_24m_stable_matched,2025-01-01,bank_delayed,catboost_treasury_halyk_24m_full,20,-0.00013869354017015517,-0.003470990042384433,0.003854393663881795,13,1,,,,,,
catboost_treasury_halyk_24m_stable_matched,2025-01-01,normal,catboost_treasury_halyk_24m_full,month,0.0009980253268548804,-0.0027864893047185747,0.004736309502112092,12,0,0.08706174777603293,-0.6057916666666667,0.8218082105509126,27.01014525985501,-0.7410916349414148,58.968088013927066
catboost_treasury_halyk_24m_stable_matched,2025-01-01,normal,catboost_treasury_halyk_24m_full,20,0.0009980253268548804,-0.0018132861035476866,0.0037988622710577714,13,0,,,,,,
catboost_treasury_halyk_24m_stable_matched,2026-01-01,bank_delayed,catboost_treasury_halyk_24m_full,month,0.013552204502449752,0.0009326654045664861,0.027400553016032475,8,0,-0.05366357069143446,-0.3053157800223316,0.15418261344997264,-20.480397357730407,-43.09052826004784,2.3382628054775134
catboost_treasury_halyk_24m_stable_matched,2026-01-01,bank_delayed,catboost_treasury_halyk_24m_full,20,0.013552204502449752,-0.00038768770279479117,0.027824561615761054,8,0,,,,,,
catboost_treasury_halyk_24m_stable_matched,2026-01-01,normal,catboost_treasury_halyk_24m_full,month,0.01257512328500263,-0.0033288809220640876,0.028642943902992442,8,0,0.12684116708884519,-0.1539760914760916,0.39326900048875857,0.062380429544553806,-27.329009714548516,30.777575817474975
catboost_treasury_halyk_24m_stable_matched,2026-01-01,normal,catboost_treasury_halyk_24m_full,20,0.01257512328500263,-0.0036468726242947654,0.029474386756136044,8,0,,,,,,
catboost_treasury_halyk_60m_stable_matched,2025-01-01,bank_delayed,catboost_treasury_halyk_60m_full,month,0.002093620567354801,-0.00217053291948109,0.006495005556848263,12,0,-0.7777039007092206,-1.7096100082898864,-0.06072799558223878,-17.437622877949927,-41.51271453410281,6.252756151846617
catboost_treasury_halyk_60m_stable_matched,2025-01-01,bank_delayed,catboost_treasury_halyk_60m_full,20,0.002093620567354801,-0.002024520749946003,0.0064822304812990695,13,0,,,,,,
catboost_treasury_halyk_60m_stable_matched,2025-01-01,normal,catboost_treasury_halyk_60m_full,month,0.001261039815946927,-0.0017129688007071293,0.004731033792445763,12,0,-0.15143929912390552,-0.5488389628963916,0.21118852005418245,-6.288877315463914,-29.516080668345978,12.931820845889591
catboost_treasury_halyk_60m_stable_matched,2025-01-01,normal,catboost_treasury_halyk_60m_full,20,0.001261039815946927,-0.00268666367363501,0.005573238664974238,13,0,,,,,,
catboost_treasury_halyk_60m_stable_matched,2026-01-01,bank_delayed,catboost_treasury_halyk_60m_full,month,0.010777955548631696,0.0014492834546324237,0.020067602160897154,8,0,-0.13980405559352915,-0.25576923076923086,-0.03409090909090917,2.756319925007176,-13.452393266307997,21.047082858946
catboost_treasury_halyk_60m_stable_matched,2026-01-01,bank_delayed,catboost_treasury_halyk_60m_full,20,0.010777955548631696,0.003502836543384664,0.018094449774693218,8,0,,,,,,
catboost_treasury_halyk_60m_stable_matched,2026-01-01,normal,catboost_treasury_halyk_60m_full,month,0.015854511180781725,0.004366488718998436,0.028024369338543475,8,0,-0.19757951027300868,-0.384046929559495,-0.02441448007774549,-3.3004844499542756,-22.046474910456,17.488143135417733
catboost_treasury_halyk_60m_stable_matched,2026-01-01,normal,catboost_treasury_halyk_60m_full,20,0.015854511180781725,0.008522613456686048,0.021697881934101805,8,0,,,,,,
