provider,data_kind,actual_access,historical_coverage,rights_research,rights_production,experiment_status,primary_reference
Binance public archive,spot daily OHLCV,public ZIP plus SHA256,USDTRUB through2024-01-30 and BTCUSDT through2026-09-01,README enables downloads and repository marked MIT,redistribution and serving rights not independently cleared,executed with conservative PIT lags,https://github.com/binance/binance-public-data/blob/master/README.md
Binance public API,spot daily OHLCV,public unauthenticated market-data-only API,USDTKZT only2026-05-04 onward,public API plus Terms internal-use scope,not a general unlimited redistribution grant,downloaded KZT audit only no development fit,https://developers.binance.com/en/docs/products/spot/faqs/market_data_only
EXMO.me,spot daily and hourly OHLCV,public candles_history,USDT_RUB2017-2026 and USDT_KZT2020-2026 with gaps,first-party API explicitly describes history in software and strategy testing,commercial redistribution license unresolved,executed 120 annual fits in total crypto matrix,https://www.postman.com/exmo-finance/exmo-finance-s-public-workspace/collection/uhjz2oi/exmo-me-api
EXMO.com,spot daily OHLCV alias audit,public candles_history,2020 and2023 RUB exact parity with .me,API documented,backend economic ownership after2022 split needs clarification,not counted as independent exchange data,https://exmo.com/blog/en/product/exmo-coms-product-release-recap-main-updates-of-the-year
Bybit spot,market API metadata and historical bars,RUB and KZT unsupported symbols,no actual requested history,not material absent data,no clearance inferred,no fabricated experiment,https://bybit-exchange.github.io/docs/v5/market/kline
Bybit P2P,retail advertisements and own orders,advertiser plus signed API key required,no public multi-year archive established,not accessed no credentials sought,not assessed,no fabricated P2P history,https://bybit-exchange.github.io/docs/p2p/guide
HTX,spot metadata and historical API,old RUB metadata exists but historical invalid symbol,no actual requested bars,not material absent data,no clearance inferred,no fabricated experiment,https://huobiapi.github.io/docs/spot/v1/en/
ATAIX,current market overview and Swagger,HTTP502 overview and public current docs,no multi-year candle archive established,not assessed,no clearance inferred,no fabricated experiment,https://stage-api.ataix.kz/api/docs/cmc/
Currency.com,legacy exchange API,DNS or network failure,no actual requested history,not assessed,no clearance inferred,no fabricated experiment,https://api-adapter.backend.currency.com/api/v2/exchangeInfo
