config_id,track,block,delta_brier,ci95_low,ci95_high,improved_years,improved_cells,n_blocks
objective_multiscale_ensemble,development_2023_2025,month,0.008535281139248745,0.0025573963414750054,0.014747677035981628,1,4,36
objective_multiscale_ensemble,development_2023_2025,20,0.008535281139248745,0.002616058190148032,0.015087155282980796,1,4,39
objective_multiscale_ensemble,development_2023_2025,60,0.008535281139248745,0.0020701270098169074,0.01579162088905411,1,4,15
objective_multiscale_ensemble,diagnostic_2026,month,0.015817397452252777,0.003020019338520956,0.031244778577253614,0,0,8
objective_multiscale_ensemble,diagnostic_2026,20,0.015817397452252777,0.0012678080854326796,0.03260362939516558,0,0,8
objective_multiscale_ensemble,diagnostic_2026,60,0.015817397452252777,0.0029780223526356666,0.03248626499074892,0,0,3
annual_recent_calibration_3m,development_2023_2025,month,-0.004798348187534153,-0.016682669619179434,0.006826041432686384,2,11,36
annual_recent_calibration_3m,development_2023_2025,20,-0.004798348187534153,-0.015812881555896285,0.005731911229150159,2,11,39
annual_recent_calibration_3m,development_2023_2025,60,-0.004798348187534153,-0.017678635275679866,0.007235287553964221,2,11,15
annual_recent_calibration_3m,diagnostic_2026,month,0.02642207651156808,0.002603291614250931,0.05300359076110555,0,0,8
annual_recent_calibration_3m,diagnostic_2026,20,0.02642207651156808,0.0029615904583529962,0.056069307990546685,0,0,8
annual_recent_calibration_3m,diagnostic_2026,60,0.02642207651156808,0.003539613168409992,0.05456580972996328,0,0,3
capacity_hgb1,development_2023_2025,month,0.00018558147566991905,-0.004524193829114077,0.004493637181759291,1,6,36
capacity_hgb1,development_2023_2025,20,0.00018558147566991905,-0.004228216219747909,0.003957843601875942,1,6,39
capacity_hgb1,development_2023_2025,60,0.00018558147566991905,-0.004272553004016212,0.004254019122662135,1,6,15
capacity_hgb1,diagnostic_2026,month,0.0005710622396724218,-0.002970841581332921,0.004845874547284199,0,2,8
capacity_hgb1,diagnostic_2026,20,0.0005710622396724218,-0.0037903378594736914,0.004886227772994379,0,2,8
capacity_hgb1,diagnostic_2026,60,0.0005710622396724218,-0.0072921117309362815,0.0037472396025426567,0,2,3
objective_utility_mean,development_2023_2025,month,0.01747499520666668,0.010326745307562482,0.024838339873952543,0,1,36
objective_utility_mean,development_2023_2025,20,0.01747499520666668,0.009556096222633308,0.026376065537874176,0,1,39
objective_utility_mean,development_2023_2025,60,0.01747499520666668,0.00979848072332502,0.025154135844958597,0,1,15
objective_utility_mean,diagnostic_2026,month,0.010363220216317998,0.001677724460873395,0.01937779102426984,0,0,8
objective_utility_mean,diagnostic_2026,20,0.010363220216317998,0.0014430305151792115,0.019226274133928033,0,0,8
objective_utility_mean,diagnostic_2026,60,0.010363220216317998,0.006211963868170513,0.01758925645823958,0,0,3
official_train_120m,development_2023_2025,month,0.024629198612239923,0.014304888575911728,0.03478117837522368,0,0,36
official_train_120m,development_2023_2025,20,0.024629198612239923,0.015438445617722327,0.03360139466810315,0,0,39
official_train_120m,development_2023_2025,60,0.024629198612239923,0.013250888994754828,0.035731256601995595,0,0,15
official_train_120m,diagnostic_2026,month,0.03137947801791822,0.014826248630632486,0.04681703056526211,0,0,8
official_train_120m,diagnostic_2026,20,0.03137947801791822,0.014349557313435079,0.048022762280735314,0,0,8
official_train_120m,diagnostic_2026,60,0.03137947801791822,0.01988130669727502,0.04693812364416396,0,0,3
capacity_hgb3,development_2023_2025,month,0.003137971624453246,0.0006695146744319419,0.0055169875573814866,0,3,36
capacity_hgb3,development_2023_2025,20,0.003137971624453246,0.00043813866950175956,0.005521469617679539,0,3,39
capacity_hgb3,development_2023_2025,60,0.003137971624453246,0.0007444849620784915,0.005039248363604374,0,3,15
capacity_hgb3,diagnostic_2026,month,0.006334091763885131,-0.00015197636151682395,0.014189699237310583,0,0,8
capacity_hgb3,diagnostic_2026,20,0.006334091763885131,0.0010901932732902153,0.012819643942287379,0,0,8
capacity_hgb3,diagnostic_2026,60,0.006334091763885131,0.0028153225051345673,0.011449216980938159,0,0,3
decay_12m,development_2023_2025,month,0.0004667995118933871,-0.003066507187961138,0.00398992680857877,1,7,36
decay_12m,development_2023_2025,20,0.0004667995118933871,-0.003102532241678621,0.004166701615143968,1,7,39
decay_12m,development_2023_2025,60,0.0004667995118933871,-0.002772981346535997,0.003838070032926291,1,7,15
decay_12m,diagnostic_2026,month,0.002259303912563513,-0.0008903379012343273,0.0058077700010631195,0,1,8
decay_12m,diagnostic_2026,20,0.002259303912563513,-0.002023859116835348,0.007070672587978326,0,1,8
decay_12m,diagnostic_2026,60,0.002259303912563513,0.0012754690373266478,0.0029556271936492288,0,1,3
capacity_extra_trees,development_2023_2025,month,-0.00023189579206482375,-0.007108231653119877,0.007106749131136439,2,9,36
capacity_extra_trees,development_2023_2025,20,-0.00023189579206482375,-0.007189284524952518,0.00669432684266396,2,9,39
capacity_extra_trees,development_2023_2025,60,-0.00023189579206482375,-0.008026570500170532,0.007414562122221267,2,9,15
capacity_extra_trees,diagnostic_2026,month,-0.001802761896542382,-0.014272212892365646,0.009512902745988051,1,3,8
capacity_extra_trees,diagnostic_2026,20,-0.001802761896542382,-0.014685955160858613,0.00992907173492013,1,3,8
capacity_extra_trees,diagnostic_2026,60,-0.001802761896542382,-0.029121151746585645,0.011519323340960317,1,3,3
objective_common_factor,development_2023_2025,month,0.0034885368017880673,-0.0009356194400354968,0.007901742892843167,0,1,36
objective_common_factor,development_2023_2025,20,0.0034885368017880673,-0.0006475891347266813,0.007609059963792294,0,1,39
objective_common_factor,development_2023_2025,60,0.0034885368017880673,-0.0013975605167781205,0.00836484616690285,0,1,15
objective_common_factor,diagnostic_2026,month,0.0036349024997522146,0.00012774438324419522,0.006994133819879729,0,0,8
objective_common_factor,diagnostic_2026,20,0.0036349024997522146,0.00020839531272199557,0.006761930388857956,0,0,8
objective_common_factor,diagnostic_2026,60,0.0036349024997522146,0.0007390934839834465,0.005794653495642621,0,0,3
decay_24m,development_2023_2025,month,-0.0003535430831069699,-0.004508729890722745,0.003812746748383609,1,9,36
decay_24m,development_2023_2025,20,-0.0003535430831069699,-0.0043775904108262365,0.0036380543389770126,1,9,39
decay_24m,development_2023_2025,60,-0.0003535430831069699,-0.004024469818127329,0.003370255845139501,1,9,15
decay_24m,diagnostic_2026,month,0.0032497016972500804,-0.002565946994436605,0.009592594247505385,0,0,8
decay_24m,diagnostic_2026,20,0.0032497016972500804,-0.0021091005961534123,0.008664410734950546,0,0,8
decay_24m,diagnostic_2026,60,0.0032497016972500804,-0.003564720960618421,0.005294904521338468,0,0,3
annual_recent_calibration_1m,development_2023_2025,month,0.012161815999077612,-0.0016864308244898506,0.02685676963588181,1,6,36
annual_recent_calibration_1m,development_2023_2025,20,0.012161815999077612,-0.001006090466169247,0.02623049940671,1,6,39
annual_recent_calibration_1m,development_2023_2025,60,0.012161815999077612,-0.004674815598168994,0.02904524320257465,1,6,15
annual_recent_calibration_1m,diagnostic_2026,month,0.02878409505097323,0.003364864581357964,0.056179629132896,0,0,8
annual_recent_calibration_1m,diagnostic_2026,20,0.02878409505097323,0.0038742478551611753,0.06028592520170535,0,0,8
annual_recent_calibration_1m,diagnostic_2026,60,0.02878409505097323,0.001356992320390013,0.0630769617063958,0,0,3
basis_train_120m,development_2023_2025,month,-0.005766182113287813,-0.011810570965861822,0.00016681899441211054,2,11,36
basis_train_120m,development_2023_2025,20,-0.005766182113287813,-0.011530947138715872,-0.00018274204491933939,2,11,39
basis_train_120m,development_2023_2025,60,-0.005766182113287813,-0.011366056393043387,-0.000822001007922461,2,11,15
basis_train_120m,diagnostic_2026,month,0.0017791586425529725,-0.010647349304341058,0.013984974514293582,0,2,8
basis_train_120m,diagnostic_2026,20,0.0017791586425529725,-0.009564764485721501,0.011323512187319673,0,2,8
basis_train_120m,diagnostic_2026,60,0.0017791586425529725,-0.017342879096838664,0.010999858089406712,0,2,3
features_structural,development_2023_2025,month,0.004146326683398499,-0.0011236436473098968,0.0092010133662466,0,1,36
features_structural,development_2023_2025,20,0.004146326683398499,-0.001783482909253043,0.009594405547721847,0,1,39
features_structural,development_2023_2025,60,0.004146326683398499,-0.0017894162960040315,0.009613981481126901,0,1,15
features_structural,diagnostic_2026,month,-0.0006628692803808586,-0.009343254251625573,0.007757254368247885,1,3,8
features_structural,diagnostic_2026,20,-0.0006628692803808586,-0.00912819550029033,0.00727654074500946,1,3,8
features_structural,diagnostic_2026,60,-0.0006628692803808586,-0.015786984082340264,0.0045517553757476285,1,3,3
official_train_12m,development_2023_2025,month,0.030131753966873114,0.01937666377476425,0.04068182893930256,0,0,36
official_train_12m,development_2023_2025,20,0.030131753966873114,0.020172512093700593,0.04041455144318104,0,0,39
official_train_12m,development_2023_2025,60,0.030131753966873114,0.01790036386637569,0.040692776458699655,0,0,15
official_train_12m,diagnostic_2026,month,0.037550234052099236,0.017689936348195753,0.05683958642829908,0,0,8
official_train_12m,diagnostic_2026,20,0.037550234052099236,0.01683147115953325,0.05876812345956181,0,0,8
official_train_12m,diagnostic_2026,60,0.037550234052099236,0.0226549744611367,0.06568097812031853,0,0,3
basis_train_60m,development_2023_2025,month,0.0017326452530680627,-0.0036892775783238145,0.00728325108836589,1,6,36
basis_train_60m,development_2023_2025,20,0.0017326452530680627,-0.0028574438850336873,0.00616317019494606,1,6,39
basis_train_60m,development_2023_2025,60,0.0017326452530680627,-0.0017944722601180674,0.0051518426756473395,1,6,15
basis_train_60m,diagnostic_2026,month,0.0007064760039211179,-0.009375793135925669,0.01017968712277962,0,2,8
basis_train_60m,diagnostic_2026,20,0.0007064760039211179,-0.008171848710357595,0.008303042701484329,0,2,8
basis_train_60m,diagnostic_2026,60,0.0007064760039211179,-0.013780932441362397,0.006944725741221444,0,2,3
annual_recent_calibration_6m,development_2023_2025,month,-0.0025703101580613966,-0.011812964785669294,0.0067101890207973205,1,6,36
annual_recent_calibration_6m,development_2023_2025,20,-0.0025703101580613966,-0.012486757348256104,0.007002770815366311,1,6,39
annual_recent_calibration_6m,development_2023_2025,60,-0.0025703101580613966,-0.014181556496011286,0.008358932499524645,1,6,15
annual_recent_calibration_6m,diagnostic_2026,month,0.005448228148622674,-0.00898499986242588,0.024770732325510122,0,1,8
annual_recent_calibration_6m,diagnostic_2026,20,0.005448228148622674,-0.007783564442956252,0.019926418122958783,0,1,8
annual_recent_calibration_6m,diagnostic_2026,60,0.005448228148622674,-0.018306831314594,0.014800919547479,0,1,3
official_train_24m,development_2023_2025,month,0.028097018751510182,0.017831060539232155,0.038134584792117315,0,0,36
official_train_24m,development_2023_2025,20,0.028097018751510182,0.01862608699914137,0.03752028924222167,0,0,39
official_train_24m,development_2023_2025,60,0.028097018751510182,0.016582595200473997,0.03881017379133932,0,0,15
official_train_24m,diagnostic_2026,month,0.03143242383364989,0.01527815214966043,0.04611156572508451,0,0,8
official_train_24m,diagnostic_2026,20,0.03143242383364989,0.014566400233096806,0.048447917882880116,0,0,8
official_train_24m,diagnostic_2026,60,0.03143242383364989,0.017174164344569472,0.0522899559218915,0,0,3
official_train_60m,development_2023_2025,month,0.03811243000340264,0.025672471981099947,0.05069009733590932,0,0,36
official_train_60m,development_2023_2025,20,0.03811243000340264,0.0264885406566192,0.04980578081476834,0,0,39
official_train_60m,development_2023_2025,60,0.03811243000340264,0.02604710721186805,0.04943552017637505,0,0,15
official_train_60m,diagnostic_2026,month,0.03151760454330972,0.015246588811384762,0.0462353179642647,0,0,8
official_train_60m,diagnostic_2026,20,0.03151760454330972,0.014613786846227474,0.04777134631530711,0,0,8
official_train_60m,diagnostic_2026,60,0.03151760454330972,0.017719675009741007,0.05131585781906934,0,0,3
basis_train_12m,development_2023_2025,month,0.00663420525868507,-0.0013736685460512942,0.015080244724285655,2,8,36
basis_train_12m,development_2023_2025,20,0.00663420525868507,-0.0019736702668522047,0.01661307434770087,2,8,39
basis_train_12m,development_2023_2025,60,0.00663420525868507,-0.003115732220128319,0.017359686147344393,2,8,15
basis_train_12m,diagnostic_2026,month,0.016551041860208178,0.004954890758049232,0.030221614970167267,0,0,8
basis_train_12m,diagnostic_2026,20,0.016551041860208178,0.0015069377738389305,0.03357845508102388,0,0,8
basis_train_12m,diagnostic_2026,60,0.016551041860208178,0.008935953371905885,0.03244916200033369,0,0,3
objective_survival,development_2023_2025,month,0.0009111798240301789,-0.0018483381016879319,0.00360793746484458,1,5,36
objective_survival,development_2023_2025,20,0.0009111798240301789,-0.0015061305826883906,0.0033154974258499323,1,5,39
objective_survival,development_2023_2025,60,0.0009111798240301789,-0.001084104896135368,0.0028959399998606944,1,5,15
objective_survival,diagnostic_2026,month,0.0026556568528162436,-0.0022891032556815695,0.00862845485990114,0,1,8
objective_survival,diagnostic_2026,20,0.0026556568528162436,-0.0024968041090487427,0.009556038245642894,0,1,8
objective_survival,diagnostic_2026,60,0.0026556568528162436,0.0009120140997361872,0.003992053870959104,0,1,3
monthly_train60_val3,development_2023_2025,month,0.0015158532583232158,-0.010182484087358779,0.012502264260238819,1,8,36
monthly_train60_val3,development_2023_2025,20,0.0015158532583232158,-0.00942920534180208,0.011969495802906434,1,8,39
monthly_train60_val3,development_2023_2025,60,0.0015158532583232158,-0.007317807639377955,0.011288612310223956,1,8,15
monthly_train60_val3,diagnostic_2026,month,0.004429409219044093,-0.01909491206228979,0.023432070828830278,0,1,8
monthly_train60_val3,diagnostic_2026,20,0.004429409219044093,-0.015234785142046703,0.021315549158234942,0,1,8
monthly_train60_val3,diagnostic_2026,60,0.004429409219044093,-0.034831409536989245,0.01748361200619496,0,1,3
monthly_structural_val3,development_2023_2025,month,-0.00041009037347436634,-0.014177768530098214,0.013498955449504064,1,7,36
monthly_structural_val3,development_2023_2025,20,-0.00041009037347436634,-0.014198230725742098,0.013218696380781452,1,7,39
monthly_structural_val3,development_2023_2025,60,-0.00041009037347436634,-0.014424700704020188,0.016857982742808003,1,7,15
monthly_structural_val3,diagnostic_2026,month,0.006669108235478002,-0.026290129189968835,0.03380517817679757,0,1,8
monthly_structural_val3,diagnostic_2026,20,0.006669108235478002,-0.020420440388692535,0.031170545802876103,0,1,8
monthly_structural_val3,diagnostic_2026,60,0.006669108235478002,-0.05020272536861024,0.027279995230090257,0,1,3
monthly_train24_val1,development_2023_2025,month,0.004610051873620366,-0.005846146711835402,0.016040616775669543,2,6,36
monthly_train24_val1,development_2023_2025,20,0.004610051873620366,-0.006586926973332504,0.01711185846003298,2,6,39
monthly_train24_val1,development_2023_2025,60,0.004610051873620366,-0.006775045024810785,0.01562556481923229,2,6,15
monthly_train24_val1,diagnostic_2026,month,0.04469518742395611,-0.005127169729874249,0.10044865923158695,0,0,8
monthly_train24_val1,diagnostic_2026,20,0.04469518742395611,-0.0029151309471906126,0.1003725195758466,0,0,8
monthly_train24_val1,diagnostic_2026,60,0.04469518742395611,-0.03099798320165405,0.09795662735492049,0,0,3
basis_train_allm,development_2023_2025,month,-0.004925954169339674,-0.01158247441104837,0.0016423225408189947,2,10,36
basis_train_allm,development_2023_2025,20,-0.004925954169339674,-0.011480683454911454,0.0013579917471558771,2,10,39
basis_train_allm,development_2023_2025,60,-0.004925954169339674,-0.012002459760930976,0.0013298453813375554,2,10,15
basis_train_allm,diagnostic_2026,month,0.0017169323371241819,-0.012827129568363722,0.01642068582751421,0,2,8
basis_train_allm,diagnostic_2026,20,0.0017169323371241819,-0.011159007139021031,0.013281401908125897,0,2,8
basis_train_allm,diagnostic_2026,60,0.0017169323371241819,-0.021665323115777648,0.014119595572590776,0,2,3
basis_train_36m,development_2023_2025,month,0.0004665069953570696,-0.0038931131758898727,0.0048545542046870855,1,6,36
basis_train_36m,development_2023_2025,20,0.0004665069953570696,-0.003363940228945696,0.004312134737598902,1,6,39
basis_train_36m,development_2023_2025,60,0.0004665069953570696,-0.003392562509589082,0.004388031440969501,1,6,15
basis_train_36m,diagnostic_2026,month,0.001393477075173966,-0.0032871598582998184,0.006594780587777511,0,2,8
basis_train_36m,diagnostic_2026,20,0.001393477075173966,-0.0048945584936431015,0.008152575823378845,0,2,8
basis_train_36m,diagnostic_2026,60,0.001393477075173966,0.000785666245330871,0.0017444568643997706,0,2,3
monthly_train24_val3,development_2023_2025,month,-0.0022467858194994803,-0.015567440230877912,0.010446749039525905,2,9,36
monthly_train24_val3,development_2023_2025,20,-0.0022467858194994803,-0.014912376425590101,0.009852694565495534,2,9,39
monthly_train24_val3,development_2023_2025,60,-0.0022467858194994803,-0.01577580201408052,0.0126421795429129,2,9,15
monthly_train24_val3,diagnostic_2026,month,0.01039176134501139,-0.01948686266237636,0.035978156888066576,0,0,8
monthly_train24_val3,diagnostic_2026,20,0.01039176134501139,-0.0128620492609873,0.03247702011641071,0,0,8
monthly_train24_val3,diagnostic_2026,60,0.01039176134501139,-0.03534025762123357,0.031234209519360748,0,0,3
basis_train_6m,development_2023_2025,month,0.01691165621020829,0.008917060277317404,0.024702957052834252,1,4,36
basis_train_6m,development_2023_2025,20,0.01691165621020829,0.009912859177867278,0.024138456362204432,1,4,39
basis_train_6m,development_2023_2025,60,0.01691165621020829,0.010039762450744524,0.0228948449742321,1,4,15
basis_train_6m,diagnostic_2026,month,0.037492910878088676,0.014599078271480862,0.06401246519347731,0,0,8
basis_train_6m,diagnostic_2026,20,0.037492910878088676,0.01265389634578937,0.06570676361530177,0,0,8
basis_train_6m,diagnostic_2026,60,0.037492910878088676,0.018356221533576956,0.07800109547182894,0,0,3
objective_utility_median,development_2023_2025,month,0.008376304380952009,0.003109890725400466,0.013750361685205435,1,4,36
objective_utility_median,development_2023_2025,20,0.008376304380952009,0.003020754213084239,0.013576272990952418,1,4,39
objective_utility_median,development_2023_2025,60,0.008376304380952009,0.003064478537345243,0.013385730910736852,1,4,15
objective_utility_median,diagnostic_2026,month,0.005235982493356132,-0.0019159237127016285,0.013017852367884554,0,0,8
objective_utility_median,diagnostic_2026,20,0.005235982493356132,-0.0017208463308416861,0.013187407557207867,0,0,8
objective_utility_median,diagnostic_2026,60,0.005235982493356132,-0.0017627690844354785,0.007404209844362504,0,0,3
long_with_historical_cny,development_2023_2025,month,-0.003136762225188764,-0.008336187324836361,0.0018607633133890078,2,12,36
long_with_historical_cny,development_2023_2025,20,-0.003136762225188764,-0.008007489093977015,0.0016207071166935258,2,12,39
long_with_historical_cny,development_2023_2025,60,-0.003136762225188764,-0.008290059828650217,0.0012888075870309038,2,12,15
long_with_historical_cny,diagnostic_2026,month,0.0026724204351458894,-0.009365951760402468,0.014637365840762546,0,1,8
long_with_historical_cny,diagnostic_2026,20,0.0026724204351458894,-0.008516609466380592,0.01244628985854214,0,1,8
long_with_historical_cny,diagnostic_2026,60,0.0026724204351458894,-0.01586128834395656,0.011559254959273324,0,1,3
capacity_hgb4,development_2023_2025,month,0.006664709122232637,0.004112168565557042,0.009255206035846715,0,1,36
capacity_hgb4,development_2023_2025,20,0.006664709122232637,0.0037045800988205167,0.009651020045321586,0,1,39
capacity_hgb4,development_2023_2025,60,0.006664709122232637,0.004043086622853321,0.008799386418336642,0,1,15
capacity_hgb4,diagnostic_2026,month,0.010688839116334779,-5.6681345223238785e-05,0.02349363055263166,0,0,8
capacity_hgb4,diagnostic_2026,20,0.010688839116334779,0.001238401384946587,0.021915890056398834,0,0,8
capacity_hgb4,diagnostic_2026,60,0.010688839116334779,0.007038327133823857,0.01780266005476885,0,0,3
capacity_logit,development_2023_2025,month,0.012310726337784045,0.002487689034639752,0.021505152994593726,0,1,36
capacity_logit,development_2023_2025,20,0.012310726337784045,0.003448776032148605,0.021079810651324627,0,1,39
capacity_logit,development_2023_2025,60,0.012310726337784045,0.0007008032553446569,0.023376549758214814,0,1,15
capacity_logit,diagnostic_2026,month,0.0025197493186127125,-0.006145792957398325,0.0107048517580307,0,2,8
capacity_logit,diagnostic_2026,20,0.0025197493186127125,-0.009753769468382016,0.014700421886707215,0,2,8
capacity_logit,diagnostic_2026,60,0.0025197493186127125,-0.01279888715910733,0.010223275833847491,0,2,3
features_basis_normalized,development_2023_2025,month,0.0012084648304383494,-0.002656535452323186,0.005147980183280892,2,8,36
features_basis_normalized,development_2023_2025,20,0.0012084648304383494,-0.003111000131140469,0.005469558074700615,2,8,39
features_basis_normalized,development_2023_2025,60,0.0012084648304383494,-0.001369738446122275,0.0036036143730285696,2,8,15
features_basis_normalized,diagnostic_2026,month,0.0076926955066889515,-0.0036254342055083103,0.019928620706425083,0,0,8
features_basis_normalized,diagnostic_2026,20,0.0076926955066889515,-0.002507323359948107,0.017088702102925617,0,0,8
features_basis_normalized,diagnostic_2026,60,0.0076926955066889515,-0.00949122260122071,0.01788747752944212,0,0,3
objective_utility_lower,development_2023_2025,month,0.014168579588404678,0.0057716780789087724,0.023211912854954192,0,1,36
objective_utility_lower,development_2023_2025,20,0.014168579588404678,0.006444452822809855,0.022940025497451024,0,1,39
objective_utility_lower,development_2023_2025,60,0.014168579588404678,0.006754986405819906,0.0220121153580741,0,1,15
objective_utility_lower,diagnostic_2026,month,0.008805390802098745,0.0027654030566017663,0.014447095989169502,0,1,8
objective_utility_lower,diagnostic_2026,20,0.008805390802098745,0.0032185095359037017,0.014031484004918163,0,1,8
objective_utility_lower,diagnostic_2026,60,0.008805390802098745,0.00695460820908903,0.011408295135400759,0,1,3
capacity_hgb6,development_2023_2025,month,0.0115447536761943,0.008203778134747012,0.014870570927993362,0,0,36
capacity_hgb6,development_2023_2025,20,0.0115447536761943,0.007507914563985507,0.015509999270701874,0,0,39
capacity_hgb6,development_2023_2025,60,0.0115447536761943,0.006647511394516409,0.015824486635893063,0,0,15
capacity_hgb6,diagnostic_2026,month,0.014876476717710729,0.0017863709816335735,0.029862029309105764,0,0,8
capacity_hgb6,diagnostic_2026,20,0.014876476717710729,0.0023861385599966457,0.029325965304521858,0,0,8
capacity_hgb6,diagnostic_2026,60,0.014876476717710729,0.010148446062037159,0.02406828066716319,0,0,3
basis_train_3m,development_2023_2025,month,0.016542569806076924,0.008535702571030397,0.02437014833400257,0,1,36
basis_train_3m,development_2023_2025,20,0.016542569806076924,0.00938955040771626,0.023748506661845754,0,1,39
basis_train_3m,development_2023_2025,60,0.016542569806076924,0.010253067307816116,0.02218987682362223,0,1,15
basis_train_3m,diagnostic_2026,month,0.021043214069628596,0.0026676185652314117,0.039528128682713666,0,0,8
basis_train_3m,diagnostic_2026,20,0.021043214069628596,0.002860018140299142,0.04066085677796238,0,0,8
basis_train_3m,diagnostic_2026,60,0.021043214069628596,0.009765628132269801,0.053352094600406796,0,0,3
long_short_ensemble,development_2023_2025,month,-0.004661420813573951,-0.00797049608262071,-0.0015208084180770023,3,13,36
long_short_ensemble,development_2023_2025,20,-0.004661420813573951,-0.007975661528158356,-0.0013336696070394578,3,13,39
long_short_ensemble,development_2023_2025,60,-0.004661420813573951,-0.008030338838806142,-0.0016238487272456084,3,13,15
long_short_ensemble,diagnostic_2026,month,3.063785407031763e-05,-0.005815467821231699,0.005553751811403745,0,2,8
long_short_ensemble,diagnostic_2026,20,3.063785407031763e-05,-0.005418251494793951,0.004762200359393201,0,2,8
long_short_ensemble,diagnostic_2026,60,3.063785407031763e-05,-0.008419215499209836,0.0032377974761384426,0,2,3
features_full,development_2023_2025,month,0.010971474461866356,0.0051032917831167765,0.01663805546830213,0,1,36
features_full,development_2023_2025,20,0.010971474461866356,0.004069805458283027,0.017358141592868973,0,1,39
features_full,development_2023_2025,60,0.010971474461866356,0.0038650446329958643,0.01742221336493711,0,1,15
features_full,diagnostic_2026,month,0.005762143212883447,8.270464620229232e-05,0.011217303719126208,0,1,8
features_full,diagnostic_2026,20,0.005762143212883447,1.7600886169012768e-05,0.01183765046381047,0,1,8
features_full,diagnostic_2026,60,0.005762143212883447,0.0031983128709966663,0.00803536840871958,0,1,3
official_train_allm,development_2023_2025,month,0.025318357885328026,0.01435142239170327,0.03636902509891194,0,0,36
official_train_allm,development_2023_2025,20,0.025318357885328026,0.015585079107197256,0.034790622414552455,0,0,39
official_train_allm,development_2023_2025,60,0.025318357885328026,0.013310419254295432,0.0368196072588116,0,0,15
official_train_allm,diagnostic_2026,month,0.032513773400870576,0.01530841557270197,0.04797215128151262,0,0,8
official_train_allm,diagnostic_2026,20,0.032513773400870576,0.015418821548571469,0.04889283397783885,0,0,8
official_train_allm,diagnostic_2026,60,0.032513773400870576,0.02063650153321214,0.04488278179586024,0,0,3
